location_type,name,facility_type,address,suburb,lga,latitude,longitude,phone,website,source_notes
recycling,Grantville Transfer Station & Landfill,Landfill — Landfill putrescible,1685 Bass Highway,Grantville,Bass Coast,-38.420836,145.5196345,,,Confirm this facility accepts your appliance before visiting. Open data may be incomplete or out of date.
recycling,Benalla Landfill,Landfill — Landfill putrescible,90 Old Farnley Road,Benalla,Benalla,-36.511418,145.998539,,,Confirm this facility accepts your appliance before visiting. Open data may be incomplete or out of date.
recycling,Gippsland Water,Landfill — Landfill putrescible,1954 Longford-Loch Sport Road,Dutson,Wellington,-38.19605162,147.292318,,,Confirm this facility accepts your appliance before visiting. Open data may be incomplete or out of date.
recycling,Smythesdale Landfill,Landfill — Landfill putrescible,Glenelg Highway,Smythesdale,Golden Plains,-37.6255435,143.7012185,,,Confirm this facility accepts your appliance before visiting. Open data may be incomplete or out of date.
recycling,Corangamite Regional Landfill (landfill),Landfill — Landfill putrescible,605 County Boundary Road,Naroghid,Corangamite,-38.27278,143.04848,,,Confirm this facility accepts your appliance before visiting. Open data may be incomplete or out of date.
recycling,Bairnsdale Landfill,Landfill — Landfill putrescible,200 Johnstons Road,Forge Creek,East Gippsland,-37.880001,147.6262,,,Confirm this facility accepts your appliance before visiting. Open data may be incomplete or out of date.
recycling,Denyers Pit,Landfill — Landfill putrescible,55 Denyer Road,Kerang,Gannawarra,-35.7625785,143.77815,,,Confirm this facility accepts your appliance before visiting. Open data may be incomplete or out of date.
recycling,Fyansford Waste Waste Management Facility (Landfill),Landfill — Landfill inert,Lower Paper Mills Road,Fyansford,Greater Geelong,-38.14431,144.30219,,,Confirm this facility accepts your appliance before visiting. Open data may be incomplete or out of date.
recycling,Glen Landfill,Landfill — Landfill inert,75 Quarry Road,Langwarrin,Frankston,-38.140849,145.1991845,,,Confirm this facility accepts your appliance before visiting. Open data may be incomplete or out of date.
recycling,Cosgrove Landfill,Landfill — Landfill putrescible,200 Cosgrove-Lemnos Road,Cosgrove,Greater Shepparton,-36.3474025,145.599398,,,Confirm this facility accepts your appliance before visiting. Open data may be incomplete or out of date.
recycling,Devil Bend Landfill,Landfill — Landfill inert,435 Balnarring Road,Tuerong,Mornington Peninsula,-38.295004,145.0769435,,,Confirm this facility accepts your appliance before visiting. Open data may be incomplete or out of date.
recycling,Wollert Landfill (Landfill),Landfill — Landfill putrescible,55 Bridge Inn Road,Wollert,Whittlesea,-37.5941365,145.038485,,,Confirm this facility accepts your appliance before visiting. Open data may be incomplete or out of date.
recycling,Hi-Quality Landfill,Landfill — Landfill inert,570-650 Sunbury Road,Bulla,Hume,-37.60627051,144.7840747,,,Confirm this facility accepts your appliance before visiting. Open data may be incomplete or out of date.
recycling,Dooen Landfill,Landfill — Landfill putrescible,81 Ladlows Road,Dooen,Horsham,-36.60708435,142.2563251,,,Confirm this facility accepts your appliance before visiting. Open data may be incomplete or out of date.
recycling,Cleanaway Ravenhall Melbourne Regional Landfill,Landfill — Landfill putrescible,1100-1152 Christies Road,Ravenhall,Melton,-37.791581,144.73026,,,Confirm this facility accepts your appliance before visiting. Open data may be incomplete or out of date.
recycling,Hyland Landfill,Landfill — Landfill putrescible,Hyland Highway,Loy Yang,Latrobe,-38.25121269,146.5587835,,,Confirm this facility accepts your appliance before visiting. Open data may be incomplete or out of date.
recycling,Maddingley Brown Coal Landfill,Landfill — Landfill putrescible,11 Tilleys Road,Maddingley,Moorabool,-37.69944971,144.4461394,,,Confirm this facility accepts your appliance before visiting. Open data may be incomplete or out of date.
recycling,Mildura Landfill,Landfill — Landfill putrescible,15 Scherger Drive,Mildura,Mildura,-34.1850615,142.1422685,,,Confirm this facility accepts your appliance before visiting. Open data may be incomplete or out of date.
recycling,Mitchell Landfill,Landfill — Landfill putrescible,470 Seymour-Tooborac Road,Hilldene,Mitchell,-37.029435,145.08141,,,Confirm this facility accepts your appliance before visiting. Open data may be incomplete or out of date.
recycling,Cobram Landfill,Landfill — Landfill putrescible,56 Pye Road,Cobram,Moira,-35.9553275,145.696043,,,Confirm this facility accepts your appliance before visiting. Open data may be incomplete or out of date.
recycling,Rye Landfill & Resource Recovery Centre (landfill),Landfill — Landfill putrescible,280 Truemans Road,Fingal,Mornington Peninsula,-38.401757,144.860689,,,Confirm this facility accepts your appliance before visiting. Open data may be incomplete or out of date.
recycling,Alexandra landfill,Landfill — Landfill putrescible,124 Mount Pleasant Road,Alexandra,Murrindindi,-37.21248924,145.7246176,,,Confirm this facility accepts your appliance before visiting. Open data may be incomplete or out of date.
recycling,SBI Inert Landfill,Landfill — Landfill inert,950 Ballarto Road,Cranbourne,Casey,-38.125963,145.262557,,,Confirm this facility accepts your appliance before visiting. Open data may be incomplete or out of date.
recycling,Koonwarra Landfill,Landfill — Landfill putrescible,275 Koonwarra-Inverloch Road,Koonwarra,South Gippsland,-38.5583285,145.9222205,,,Confirm this facility accepts your appliance before visiting. Open data may be incomplete or out of date.
recycling,Stawell Landfill,Landfill — Landfill putrescible,492-494 Pomonal Rd,Stawell,Northern Grampians,-37.10016747,142.7342053,,,Confirm this facility accepts your appliance before visiting. Open data may be incomplete or out of date.
recycling,Hallam Road Landfill,Landfill — Landfill putrescible,274 Hallam Road,Hampton Park,Casey,-38.05392746,145.2673205,,,Confirm this facility accepts your appliance before visiting. Open data may be incomplete or out of date.
recycling,Veolia Taylors Road Landfill,Landfill — Hazardous waste landfill facility,890 Taylors Road,Dandenong South,Greater Dandenong,-38.0401335,145.228086,,,Confirm this facility accepts your appliance before visiting. Open data may be incomplete or out of date.
recycling,Anglesea Landfill,Landfill — Landfill putrescible,50 Coalmine Road,Anglesea,Surf Coast,-38.38506,144.19862,,,Confirm this facility accepts your appliance before visiting. Open data may be incomplete or out of date.
recycling,Swan Hill Rural City Council (landfill),Landfill — Landfill putrescible,6859 Swan Hill-Sea Lake Road,Swan Hill,Swan Hill,-35.349929,143.509847,,,Confirm this facility accepts your appliance before visiting. Open data may be incomplete or out of date.
recycling,Drysdale Landfill,Landfill — Landfill putrescible,82-180 Becks Road,Drysdale,Greater Geelong,-38.16925,144.62752,,,Confirm this facility accepts your appliance before visiting. Open data may be incomplete or out of date.
recycling,Patho Landfill,Landfill — Landfill putrescible,Patho Station Road,Patho,Campaspe,-36.0375645,144.438963,,,Confirm this facility accepts your appliance before visiting. Open data may be incomplete or out of date.
recycling,Bowser Landfill,Landfill — Landfill putrescible,5 Coleman Road,Bowser,Wangaratta,-36.3181915,146.3671645,,,Confirm this facility accepts your appliance before visiting. Open data may be incomplete or out of date.
recycling,Kilmany Landfill,Landfill — Landfill putrescible,Velore Road,Kilmany,Wellington,-38.102931,146.9274395,,,Confirm this facility accepts your appliance before visiting. Open data may be incomplete or out of date.
recycling,Werribee Landfill,Landfill — Landfill putrescible,470 Wests Road,Werribee,Wyndham,-37.940938,144.5905665,,,Confirm this facility accepts your appliance before visiting. Open data may be incomplete or out of date.
recycling,"Australian Paper Recovery (Truganina, MRF)",MRF — Materials recovery facility,9 Felstead Drive,Truganina,Wyndham,-37.822761,144.761072,,,Confirm this facility accepts your appliance before visiting. Open data may be incomplete or out of date.
recycling,"Australian Paper Recovery (Truganina, Paper recycling)",Reprocessor — Paper & cardboard recovery,9 Felstead Drive,Truganina,Wyndham,-37.822761,144.761072,,,Confirm this facility accepts your appliance before visiting. Open data may be incomplete or out of date.
recycling,Cleanaway (Coolaroo MRF),MRF — Materials recovery facility,94 Maffra Street,Coolaroo,Hume,-37.657821,144.940081,,,Confirm this facility accepts your appliance before visiting. Open data may be incomplete or out of date.
recycling,"Cleanaway (Laverton, MRF)",MRF — Materials recovery facility,32 Gilbertson Road,Laverton North,Wyndham,-37.821854,144.795121,,,Confirm this facility accepts your appliance before visiting. Open data may be incomplete or out of date.
recycling,Dasma MRF,MRF — Materials recovery facility,75 Tramway Road,Morwell,Latrobe,-38.239457,146.438138,,,Confirm this facility accepts your appliance before visiting. Open data may be incomplete or out of date.
recycling,"Re-Group (Dandenong, MRF)",MRF — Materials recovery facility,126-134 Thomas Murrell Crescent,Dandenong South,Greater Dandenong,-38.021922,145.19362,,,Confirm this facility accepts your appliance before visiting. Open data may be incomplete or out of date.
recycling,Tambo Waste (Lakes Entrance),Resource Recovery Centre — Transfer station,58 Whiters Street,Lakes Entrance,East Gippsland,-37.87104134,148.001551,,,Confirm this facility accepts your appliance before visiting. Open data may be incomplete or out of date.
recycling,Echuca MRF,MRF — Materials recovery facility,11 Reliance Court,Echuca,Campaspe,-36.148171,144.761935,,,Confirm this facility accepts your appliance before visiting. Open data may be incomplete or out of date.
recycling,Visy Recycling MRF (Heidelberg),MRF — Materials recovery facility,Corner Waterdale Road and Banksia Street,Heidelberg,Banyule,-37.756448,145.04335,,,Confirm this facility accepts your appliance before visiting. Open data may be incomplete or out of date.
recycling,Visy Recycling MRF (Springvale),MRF — Materials recovery facility,708 Princes Highway,Springvale,Greater Dandenong,-37.944038,145.171484,,,Confirm this facility accepts your appliance before visiting. Open data may be incomplete or out of date.
recycling,Robertson's Farmgate  (AD & HM Robertson Pty Ltd),Reprocessor — Organics recycling,800 Blackgate Road,Mount Duneed,Surf Coast,-38.284467,144.3122465,,,Confirm this facility accepts your appliance before visiting. Open data may be incomplete or out of date.
recycling,Australian Growing Solutions Tyabb,Reprocessor — Organics recycling,15-21 Mckirdys Road,Tyabb,Mornington Peninsula,-38.2600379,145.215159,,,Confirm this facility accepts your appliance before visiting. Open data may be incomplete or out of date.
recycling,AKD Softwoods,Reprocessor — Thermal energy from waste,7-15 Forest Street,Colac,Colac Otway,-38.3374839,143.6050628,,,Confirm this facility accepts your appliance before visiting. Open data may be incomplete or out of date.
recycling,Alberton Timber,Reprocessor — Thermal energy from waste,S Gippsland Hwy,Alberton,Wellington,-38.6107258,146.6633253,,,Confirm this facility accepts your appliance before visiting. Open data may be incomplete or out of date.
recycling,Alpine MDF,Reprocessor — Thermal energy from waste,Lot 1 Crosher Lane,North Wangaratta,Wangaratta,-36.33556952,146.3733945,,,Confirm this facility accepts your appliance before visiting. Open data may be incomplete or out of date.
recycling,Argus Recycling,Reprocessor — Organics recycling,60-62 Ordish Road,Dandenong,Greater Dandenong,-38.0218412,145.1925814,,,Confirm this facility accepts your appliance before visiting. Open data may be incomplete or out of date.
recycling,Aussie Compost Company,Reprocessor — Organics recycling,307 Koonwarra-Pound Creek Road,Pound Creek,South Gippsland,-38.6031244,145.884364,,,Confirm this facility accepts your appliance before visiting. Open data may be incomplete or out of date.
recycling,Pelletmate,Reprocessor — Organics recycling,77 Buckley Grove,Moolap,Greater Geelong,-38.1636158,144.4288089,,,Confirm this facility accepts your appliance before visiting. Open data may be incomplete or out of date.
recycling,"Australian Paper (Maryvale, Organics recycling)",Reprocessor — Organics recycling,Traralgon West Road,Maryvale,Latrobe,-38.1875016,146.4703219,,,Confirm this facility accepts your appliance before visiting. Open data may be incomplete or out of date.
recycling,Australian Sustainable Hardwoods,Reprocessor — Thermal energy from waste,4 Weir Road,Heyfield,Wellington,-37.9785803,146.7944572,,,Confirm this facility accepts your appliance before visiting. Open data may be incomplete or out of date.
recycling,Australian Tartaric Products Co-generation Plant,Reprocessor — Thermal energy from waste,Boonoonar Road,Colignan,Mildura,-34.55,142.383333,,,Confirm this facility accepts your appliance before visiting. Open data may be incomplete or out of date.
recycling,"Repurpose It (Epping, organics recycling)",Reprocessor — Organics recycling,460 Cooper Street,Epping,Whittlesea,-37.64051054,144.9782316,,,Confirm this facility accepts your appliance before visiting. Open data may be incomplete or out of date.
recycling,Repurpose It (Montrose),Reprocessor — Organics recycling,54 Fussell Road,Montrose,Yarra Ranges,-37.8215044,145.3256144,,,Confirm this facility accepts your appliance before visiting. Open data may be incomplete or out of date.
recycling,Repurpose It (Hallam),Reprocessor — Organics recycling,88-102 Ogrady Road,Hallam,Casey,-38.0179334,145.2555432,,,Confirm this facility accepts your appliance before visiting. Open data may be incomplete or out of date.
recycling,Beaufort Hospital,Reprocessor — Thermal energy from waste,28 Havelock Street,Beaufort,Pyrenees,-37.4308576,143.3824534,,,Confirm this facility accepts your appliance before visiting. Open data may be incomplete or out of date.
recycling,BE Bioenergy,Reprocessor — Thermal energy from waste,713 Yarrock Road,Kaniva,West Wimmera,-36.264183,141.189763,,,Confirm this facility accepts your appliance before visiting. Open data may be incomplete or out of date.
recycling,Bellarine Tree Services,Reprocessor — Organics recycling,23 Albert Street,Moolap,Greater Geelong,-38.183333,144.433333,,,Confirm this facility accepts your appliance before visiting. Open data may be incomplete or out of date.
recycling,"Berrybank Farm (Windermere, Organics recycling)",Reprocessor — Organics recycling,34 Hendersons Road,Windemere,Ballarat,-37.46425098,143.7108228,,,Confirm this facility accepts your appliance before visiting. Open data may be incomplete or out of date.
recycling,"Berrybank Farm (Windermere, Anaerobic digestion)",Reprocessor — Anaerobic digestion,34 Hendersons Road,Windemere,Ballarat,-37.46425098,143.7108228,,,Confirm this facility accepts your appliance before visiting. Open data may be incomplete or out of date.
recycling,Biomix,Reprocessor — Organics recycling,980 Two Tree Road,Stanhope,Campaspe,-36.4984491,144.9246154,,,Confirm this facility accepts your appliance before visiting. Open data may be incomplete or out of date.
recycling,Blow It Mulch & Mega Mulch,Reprocessor — Organics recycling,6309 Maroondah Highway,Yarck,Murrindindi,-37.1225226,145.6172295,,,Confirm this facility accepts your appliance before visiting. Open data may be incomplete or out of date.
recycling,Branin (organics),Reprocessor — Organics recycling,7 Apoinga Street,Dandenong South,Greater Dandenong,-38.0356394,145.2059851,,,Confirm this facility accepts your appliance before visiting. Open data may be incomplete or out of date.
recycling,Bio Gro (Newbridge),Reprocessor — Organics recycling,1477 Yorkshire Road,Newbridge,Loddon,-36.7076981,143.9585202,,,Confirm this facility accepts your appliance before visiting. Open data may be incomplete or out of date.
recycling,"Maddingley Brown Coal (Maddingley, Organics recycling)",Reprocessor — Organics recycling,11 Tilleys Road,Maddingley,Moorabool,-37.69686165,144.446874,,,Confirm this facility accepts your appliance before visiting. Open data may be incomplete or out of date.
recycling,Castlegate James,Reprocessor — Organics recycling,4 Wiltshire Lane,Delacombe,Ballarat,-37.570511,143.809237,,,Confirm this facility accepts your appliance before visiting. Open data may be incomplete or out of date.
recycling,Gippsland Regional Organics,Reprocessor — Organics recycling,1954 Longford-Loch Sport Road,Dutson,Wellington,-38.1963007,147.2923152,,,Confirm this facility accepts your appliance before visiting. Open data may be incomplete or out of date.
recycling,Carisbrook Transfer Station,Reprocessor — Organics recycling,125 Williams Road,Carisbrook,Central Goldfields,-37.0569249,143.7932509,,,Confirm this facility accepts your appliance before visiting. Open data may be incomplete or out of date.
recycling,Central Recycling (Organics),Reprocessor — Organics recycling,Redesdale Road,Kyneton,Macedon Ranges,-37.23046851,144.45053,,,Confirm this facility accepts your appliance before visiting. Open data may be incomplete or out of date.
recycling,"City Circle (Brooklyn, Thermal energy from waste)",Reprocessor — Thermal energy from waste,166-156 Jones Road,Brooklyn,Brimbank,-37.8117381,144.8351408,,,Confirm this facility accepts your appliance before visiting. Open data may be incomplete or out of date.
recycling,Cleanaway South East Organics Facility (SEOF),Reprocessor — Organics recycling,88 Ordish Road,Dandenong South,Greater Dandenong,-38.0256086,145.192464,,,Confirm this facility accepts your appliance before visiting. Open data may be incomplete or out of date.
recycling,Corangamite Regional Landfill (Composting),Reprocessor — Organics recycling,605 County Boundary West Road,Naroghid,Corangamite,-38.2710232,143.0768582,,,Confirm this facility accepts your appliance before visiting. Open data may be incomplete or out of date.
recycling,"D&R Henderson (Winton, Organics recycling)",Reprocessor — Organics recycling,3672/42 Benalla - Yarrawonga Road,Winton,Benalla,-36.5263822,146.0393712,,,Confirm this facility accepts your appliance before visiting. Open data may be incomplete or out of date.
recycling,"D&R Henderson (Winton, Anaerobic digestion)",Reprocessor — Anaerobic digestion,3672/42 Benalla - Yarrawonga Road,Winton,Benalla,-36.5263822,146.0393712,,,Confirm this facility accepts your appliance before visiting. Open data may be incomplete or out of date.
recycling,Davo's Worm Farms,Reprocessor — Organics recycling,50 Henders Road,Broomfield,Hepburn,-37.3787785,143.9072197,,,Confirm this facility accepts your appliance before visiting. Open data may be incomplete or out of date.
recycling,REMONDIS Dandenong South Liquid Processing Plant,Reprocessor — Organics recycling,26-28 Souffi Place,Dandenong South,Greater Dandenong,-38.0321019,145.1974555,,,Confirm this facility accepts your appliance before visiting. Open data may be incomplete or out of date.
recycling,Elmore Compost & Organics (organics),Reprocessor — Organics recycling,1203 Goornong-Mayreef Road,Elmore,Greater Bendigo,-36.5074594,144.5027465,,,Confirm this facility accepts your appliance before visiting. Open data may be incomplete or out of date.
recycling,Epsom Sand and Soil,Reprocessor — Organics recycling,452 Epsom-Barnadown Road,Wellsford,Greater Bendigo,-36.6888991,144.3580317,,,Confirm this facility accepts your appliance before visiting. Open data may be incomplete or out of date.
recycling,Frews Abattoir,Reprocessor — Thermal energy from waste,46 Abattoir Rd,Stawell,Northern Grampians,-37.0555913,142.7578005,,,Confirm this facility accepts your appliance before visiting. Open data may be incomplete or out of date.
recycling,Garden State Mulching Services,Reprocessor — Organics recycling,257 George Street,Wantirna South,Knox,-37.8826128,145.2135493,,,Confirm this facility accepts your appliance before visiting. Open data may be incomplete or out of date.
recycling,Geelong GO Composting Facility,Reprocessor — Organics recycling,400 Staceys Road,Anakie,Greater Geelong,-38.00850963,144.3031513,,,Confirm this facility accepts your appliance before visiting. Open data may be incomplete or out of date.
recycling,Gippsland Greenhouse Produce,Reprocessor — Thermal energy from waste,1566 Princes Highway,Yarragon,Baw Baw,-38.2066962,146.095034,,,Confirm this facility accepts your appliance before visiting. Open data may be incomplete or out of date.
recycling,Goulburn River Trout,Reprocessor — Organics recycling,1680 Goulburn Valley Highway,Alexandra,Murrindindi,-37.2355024,145.7696774,,,Confirm this facility accepts your appliance before visiting. Open data may be incomplete or out of date.
recycling,Garden Recycling Centre,Reprocessor — Organics recycling,154 Learmonth Street,Alfredton,Ballarat,-37.5672069,143.808512,,,Confirm this facility accepts your appliance before visiting. Open data may be incomplete or out of date.
recycling,The Mulch Centre,Reprocessor — Organics recycling,72-80 Buckley Grove,Moolap,Greater Geelong,-38.1640999,144.4299332,,,Confirm this facility accepts your appliance before visiting. Open data may be incomplete or out of date.
recycling,Greenchip Recycling,Reprocessor — Organics recycling,219 Whytes Road,Baranduda,Wodonga,-36.15399943,146.9527114,,,Confirm this facility accepts your appliance before visiting. Open data may be incomplete or out of date.
recycling,Creswick Transfer Station (Organics),Reprocessor — Anaerobic digestion,Ring Road,Creswick,Hepburn,-37.4241222,143.8912368,,,Confirm this facility accepts your appliance before visiting. Open data may be incomplete or out of date.
recycling,Horsham Green Waste Processing,Reprocessor — Organics recycling,93 Kenny Road,Horsham,Horsham,-36.741672,142.185811,,,Confirm this facility accepts your appliance before visiting. Open data may be incomplete or out of date.
recycling,Hancock Victorian Plantations,Reprocessor — Thermal energy from waste,555 Ti Tree Road,Hedley,Wellington,-38.6339805,146.5434777,,,Confirm this facility accepts your appliance before visiting. Open data may be incomplete or out of date.
recycling,Just Biodiesel Pty Ltd,Reprocessor — Refuse derived fuel,158 Plemings Road,Barnawatha,Indigo,-36.1184549,146.6993997,,,Confirm this facility accepts your appliance before visiting. Open data may be incomplete or out of date.
recycling,Kia-Ora Piggery,Reprocessor — Anaerobic digestion,413 Yarrawalla West Road,Yarrawalla,Loddon,-36.177266,143.9959063,,,Confirm this facility accepts your appliance before visiting. Open data may be incomplete or out of date.
recycling,Meredith Dairy,Reprocessor — Thermal energy from waste,106 Cameron Road,Meredith,Golden Plains,-37.8353217,143.9642907,,,Confirm this facility accepts your appliance before visiting. Open data may be incomplete or out of date.
recycling,Rye Landfill & Resource Recovery Centre (organics recycling),Reprocessor — Organics recycling,280 Truemans Road,Fingal,Mornington Peninsula,-38.391364,144.855553,,,Confirm this facility accepts your appliance before visiting. Open data may be incomplete or out of date.
recycling,Cobungra Landfill,Landfill — Landfill unlicensed,2127 Great Alpine Road,Cobungra,East Gippsland,-37.097103,147.422773,,,Confirm this facility accepts your appliance before visiting. Open data may be incomplete or out of date.
recycling,Murphy Fresh,Reprocessor — Thermal energy from waste,1098 Mansfield-Whitfield Road,Mansfield,Mansfield,-36.969651,146.118927,,,Confirm this facility accepts your appliance before visiting. Open data may be incomplete or out of date.
recycling,Mushroom Exchange,Reprocessor — Organics recycling,347 Zanelli Road,Nagambie,Strathbogie,-36.7890114,145.2545635,,,Confirm this facility accepts your appliance before visiting. Open data may be incomplete or out of date.
recycling,Bio Briquettes (Timber Brix),Reprocessor — Refuse derived fuel,4 Fitt Ct,East Bendigo,Greater Bendigo,-36.74959125,144.3103259,,,Confirm this facility accepts your appliance before visiting. Open data may be incomplete or out of date.
recycling,Nutrisoil,Reprocessor — Organics recycling,343 Whytes Road,Baranduda,Wodonga,-36.1633294,146.9616862,,,Confirm this facility accepts your appliance before visiting. Open data may be incomplete or out of date.
recycling,Oztek Holdings,Reprocessor — Organics recycling,158 Plemings Road,Barnawatha,Indigo,-36.1184549,146.6993997,,,Confirm this facility accepts your appliance before visiting. Open data may be incomplete or out of date.
recycling,Paarhammer Windows and Doors,Reprocessor — Thermal energy from waste,53 Haddon Drive,Ballan,Moorabool,-37.6146512,144.238296,,,Confirm this facility accepts your appliance before visiting. Open data may be incomplete or out of date.
recycling,Pental,Reprocessor — Organics recycling,48 Drummond Road,Shepparton,Greater Shepparton,-36.3701606,145.4231396,,,Confirm this facility accepts your appliance before visiting. Open data may be incomplete or out of date.
recycling,PineGro Green Waste (Moe),Reprocessor — Organics recycling,31 Walhalla Road,Moe,Latrobe,-38.1616767,146.2599611,,,Confirm this facility accepts your appliance before visiting. Open data may be incomplete or out of date.
recycling,PineGro (Morwell),Reprocessor — Organics recycling,300 Monash Way,Morwell,Latrobe,-38.263486,146.4201655,,,Confirm this facility accepts your appliance before visiting. Open data may be incomplete or out of date.
recycling,Pinegro (Mt Wallace),Reprocessor — Organics recycling,Lot 32 Glenmore Road,Ballan,Moorabool,-37.71042325,144.3124698,,,Confirm this facility accepts your appliance before visiting. Open data may be incomplete or out of date.
recycling,PineGro Green Waste (Traralgon),Reprocessor — Organics recycling,50 Rocla Road,Traralgon East,Latrobe,-38.1851001,146.5666195,,,Confirm this facility accepts your appliance before visiting. Open data may be incomplete or out of date.
recycling,Pyrenees Timber,Reprocessor — Thermal energy from waste,392 Amphitheatre Road,Chute,Pyrenees,-37.3378317,143.3790096,,,Confirm this facility accepts your appliance before visiting. Open data may be incomplete or out of date.
recycling,Reid Brothers Sawmill,Reprocessor — Thermal energy from waste,30-42 Little Yarra Road,Yarra Junction,Yarra Ranges,-37.78641,145.6167318,,,Confirm this facility accepts your appliance before visiting. Open data may be incomplete or out of date.
recycling,Resource Resolution,Reprocessor — Organics recycling,19 Winter Road,Girgarre,Campaspe,-36.3985198,144.9834936,,,Confirm this facility accepts your appliance before visiting. Open data may be incomplete or out of date.
recycling,Teys Australia Charlton Feedlot,Reprocessor — Organics recycling,224 Yeungroon Woosang Road,Charlton,Buloke,-36.3588406,143.4109519,,,Confirm this facility accepts your appliance before visiting. Open data may be incomplete or out of date.
recycling,Royal Children's Hospital,Reprocessor — Thermal energy from waste,50 Flemington Road,Parkville,Melbourne,-37.7935372,144.9491384,,,Confirm this facility accepts your appliance before visiting. Open data may be incomplete or out of date.
recycling,Ryan & McNulty Sawmillers,Reprocessor — Thermal energy from waste,123 Sydney Rd,Benalla,Benalla,-36.5431546,146.0091446,,,Confirm this facility accepts your appliance before visiting. Open data may be incomplete or out of date.
recycling,Valoriza Dandenong South Composting Facility,Reprocessor — Organics recycling,42-46 Villas Road,Dandenong South,Greater Dandenong,-38.033962,145.201501,,,Confirm this facility accepts your appliance before visiting. Open data may be incomplete or out of date.
recycling,Select Harvests - Almond Division,Reprocessor — Thermal energy from waste,4444B Hattah-Robinvale Road,Wemen,Swan Hill,-34.745981,142.7199932,,,Confirm this facility accepts your appliance before visiting. Open data may be incomplete or out of date.
recycling,Spotswood Holdings,Reprocessor — Organics recycling,6 King Street,Yarra Glen,Yarra Ranges,-37.6552848,145.3596994,,,Confirm this facility accepts your appliance before visiting. Open data may be incomplete or out of date.
recycling,Supreme Soils,Reprocessor — Organics recycling,800 Katandra Main Road,Katandra,Greater Shepparton,-36.2391678,145.5798837,,,Confirm this facility accepts your appliance before visiting. Open data may be incomplete or out of date.
recycling,Surecrop Monbulk,Reprocessor — Organics recycling,114 Old Emerald Road,Monbulk,Yarra Ranges,-37.8667299,145.4268072,,,Confirm this facility accepts your appliance before visiting. Open data may be incomplete or out of date.
recycling,Camperdown Compost Company,Reprocessor — Organics recycling,Blind Creek Road,Bookaar,Corangamite,-38.1729657,143.0717794,,,Confirm this facility accepts your appliance before visiting. Open data may be incomplete or out of date.
recycling,Good Dirt Lethbridge,Reprocessor — Organics recycling,678 Tall Tree Road,Lethbridge,Golden Plains,-37.9743315,144.0579768,,,Confirm this facility accepts your appliance before visiting. Open data may be incomplete or out of date.
recycling,The Green Centre,Reprocessor — Organics recycling,48 Stadium Drive,Keilor Park,Brimbank,-37.7137351,144.8553536,,,Confirm this facility accepts your appliance before visiting. Open data may be incomplete or out of date.
recycling,Midfield Meat International,Reprocessor — Anaerobic digestion,Corner Scott Street and McMeeking Road,Warrnambool,Warrnambool,-38.374481,142.4570729,,,Confirm this facility accepts your appliance before visiting. Open data may be incomplete or out of date.
recycling,Pomala Pty Ltd,Reprocessor — Organics recycling,402 Woolsthorpe-Ballangeich Road,Woolsthorpe,Moyne,-38.1712511,142.4921058,,,Confirm this facility accepts your appliance before visiting. Open data may be incomplete or out of date.
recycling,Timberzoo,Reprocessor — Organics recycling,385 Portarlington Road,Moolap,Greater Geelong,-38.1695347,144.4271181,,,Confirm this facility accepts your appliance before visiting. Open data may be incomplete or out of date.
recycling,Trigg Dairy,Reprocessor — Anaerobic digestion,50 Lesters Road,Bungaree,Moorabool,-37.5630984,143.9988041,,,Confirm this facility accepts your appliance before visiting. Open data may be incomplete or out of date.
recycling,UniGrain Smeaton Mill,Reprocessor — Thermal energy from waste,3720 Creswick / Newstead Road,Smeaton,Hepburn,-37.3490599,143.9422058,,,Confirm this facility accepts your appliance before visiting. Open data may be incomplete or out of date.
recycling,Bio Gro (Dandenong),Reprocessor — Organics recycling,80-82 Ordish Road,Dandenong South,Greater Dandenong,-38.023576,145.1923413,,,Confirm this facility accepts your appliance before visiting. Open data may be incomplete or out of date.
recycling,Van Wyk Flowers,Reprocessor — Thermal energy from waste,605 Thompsons Road,Lyndhurst,Greater Dandenong,-38.072197,145.2054674,,,Confirm this facility accepts your appliance before visiting. Open data may be incomplete or out of date.
recycling,Veolia Bulla Organics Facility,Reprocessor — Organics recycling,600 Sunbury Road,Bulla,Hume,-37.6184645,144.7839797,,,Confirm this facility accepts your appliance before visiting. Open data may be incomplete or out of date.
recycling,Veolia C&I Transfer Station,Reprocessor — Organics recycling,72 Ordish Road,Dandenong South,Greater Dandenong,-38.022039,145.192387,,,Confirm this facility accepts your appliance before visiting. Open data may be incomplete or out of date.
recycling,Veolia Natural Recovery Systems Dandenong,Reprocessor — Organics recycling,15 Berends Drive,Dandenong,Greater Dandenong,-38.0294047,145.1978741,,,Confirm this facility accepts your appliance before visiting. Open data may be incomplete or out of date.
recycling,Veolia Werribee Transfer Station,Resource Recovery Centre — Transfer station,470 Wests Road,Werribee,Wyndham,-37.940038,144.5827,,,Confirm this facility accepts your appliance before visiting. Open data may be incomplete or out of date.
recycling,Visy Wastepaper & Waste Management (Coolaroo),Reprocessor — Thermal energy from waste,13 Reo Crescent,Coolaroo,Hume,-37.64524512,144.9357411,,,Confirm this facility accepts your appliance before visiting. Open data may be incomplete or out of date.
recycling,Wadref Humified Compost Pty Ltd (T/A Humus Composting Euroa),Reprocessor — Organics recycling,Lot 2 Lomers Road,Euroa,Strathbogie,-36.7339154,145.5813136,,,Confirm this facility accepts your appliance before visiting. Open data may be incomplete or out of date.
recycling,Wangaratta Organics Processing Facility,Reprocessor — Organics recycling,Byawatha Road West,North Wangaratta,Wangaratta,-36.32230996,146.3782801,,,Confirm this facility accepts your appliance before visiting. Open data may be incomplete or out of date.
recycling,Delorean Energy Vic One Bioenergy Plant,Reprocessor — Anaerobic digestion,"211 and, 223 Hill Road",Stanhope,Campaspe,-36.4702488,145.0066714,,,Confirm this facility accepts your appliance before visiting. Open data may be incomplete or out of date.
recycling,Western Composting Technology,Reprocessor — Organics recycling,165 Daldy Road,Shepparton North,Greater Shepparton,-36.3234931,145.3767463,,,Confirm this facility accepts your appliance before visiting. Open data may be incomplete or out of date.
recycling,Wodonga Abattoir,Reprocessor — Organics recycling,54 Kelly Street,Wodonga,Wodonga,-36.112472,146.876886,,,Confirm this facility accepts your appliance before visiting. Open data may be incomplete or out of date.
recycling,ReWaste,Reprocessor — Anaerobic digestion,525 Craigieburn Road,Wollert,Whittlesea,-37.61075358,144.9762668,,,Confirm this facility accepts your appliance before visiting. Open data may be incomplete or out of date.
recycling,Ballarat Green Waste Interchange,Reprocessor — Organics recycling,Ballarat Airport,Mitchell Park,Ballarat,-37.5143885,143.7892342,,,Confirm this facility accepts your appliance before visiting. Open data may be incomplete or out of date.
recycling,Pine Mulch Haulage,Reprocessor — Organics recycling,57-79 Rocla Road,Traralgon,Latrobe,-38.1819889,146.5672881,,,Confirm this facility accepts your appliance before visiting. Open data may be incomplete or out of date.
recycling,Tatura Shavings & Sawdust (fka Seymour Shavings & Sawdust Supplies),Reprocessor — Organics recycling,735 Girgarre East Rd,Tatura,Greater Shepparton,-36.45452284,145.1407234,,,Confirm this facility accepts your appliance before visiting. Open data may be incomplete or out of date.
recycling,Cardboard Collection Services,Reprocessor — Paper & cardboard recovery,11 Cahill Street,Dandenong South,Greater Dandenong,-38.026644,145.200868,,,Confirm this facility accepts your appliance before visiting. Open data may be incomplete or out of date.
recycling,Encore Tissue,Reprocessor — Paper & cardboard reprocessing,37 Gilbertson Road,Laverton North,Wyndham,-37.82252816,144.794008,,,Confirm this facility accepts your appliance before visiting. Open data may be incomplete or out of date.
recycling,Enviroflex,Reprocessor — Paper & cardboard recovery,Unit 6 & 7/65 Barry Street,Bayswater,Knox,-37.847847,145.283506,,,Confirm this facility accepts your appliance before visiting. Open data may be incomplete or out of date.
recycling,Huhtamaki,Reprocessor — Paper & cardboard reprocessing,Level 1//75 Raglan Street,Preston,Darebin,-37.748973,145.003043,,,Confirm this facility accepts your appliance before visiting. Open data may be incomplete or out of date.
recycling,Insulfluf,Reprocessor — Paper & cardboard reprocessing,13 Union Road,Dandenong South,Greater Dandenong,-38.007989,145.205561,,,Confirm this facility accepts your appliance before visiting. Open data may be incomplete or out of date.
recycling,Visy Paper Mill (Coolaroo),Reprocessor — Paper & cardboard reprocessing,13 Reo Crescent,Coolaroo,Hume,-37.64524512,144.9357411,,,Confirm this facility accepts your appliance before visiting. Open data may be incomplete or out of date.
recycling,Visy Paper Mill (Resevoir),Reprocessor — Paper & cardboard reprocessing,22 Radford Road,Reservoir,Darebin,-37.711268,144.982665,,,Confirm this facility accepts your appliance before visiting. Open data may be incomplete or out of date.
recycling,Visy Recycling MRF (Geelong),Reprocessor — Paper & cardboard recovery,282 Thompson Road,North Geelong,Greater Geelong,-38.107875,144.344183,,,Confirm this facility accepts your appliance before visiting. Open data may be incomplete or out of date.
recycling,Foott Waste and Recycling,Reprocessor — Paper & cardboard recovery,10 Carroll Road,Shepparton,Greater Shepparton,-36.387905,145.434859,,,Confirm this facility accepts your appliance before visiting. Open data may be incomplete or out of date.
recycling,Australian Paper Recovery (Dandenong),Reprocessor — Paper & cardboard recovery,60-64 Thomas Murrell Crescent,Dandenong South,Greater Dandenong,-38.021194,145.197083,,,Confirm this facility accepts your appliance before visiting. Open data may be incomplete or out of date.
recycling,O F Resource Recovery,Reprocessor — Paper & cardboard recovery,32 Plummer Road,Laverton North,Wyndham,-37.818754,144.814123,,,Confirm this facility accepts your appliance before visiting. Open data may be incomplete or out of date.
recycling,Re-Group  Hallam Container and Plastics Sorting Facility,Reprocessor — Plastics recovery,87-93 Wedgewood Road,Hallam,Casey,-38.013067,145.254664,,,Confirm this facility accepts your appliance before visiting. Open data may be incomplete or out of date.
recycling,Advanced Circular Polymers,Reprocessor — Plastics reprocessing,235 Hume Highway,Somerton,Hume,-37.6242755,144.9480921,,,Confirm this facility accepts your appliance before visiting. Open data may be incomplete or out of date.
recycling,Carrington Plastics,Reprocessor — Plastics reprocessing,2 Vimy Street,Reservoir,Darebin,-37.710372,144.984538,,,Confirm this facility accepts your appliance before visiting. Open data may be incomplete or out of date.
recycling,Corex Plastics Australia,Reprocessor — Plastics reprocessing,261 Frankston - Dandenong Road,Dandenong South,Greater Dandenong,-38.02533657,145.2147878,,,Confirm this facility accepts your appliance before visiting. Open data may be incomplete or out of date.
recycling,Cryogrind,Reprocessor — Plastics reprocessing,20/12 Moon Street,Moolap,Greater Geelong,-38.165335,144.41275,,,Confirm this facility accepts your appliance before visiting. Open data may be incomplete or out of date.
recycling,Dunlop Flooring,Reprocessor — Plastics reprocessing,380 Dohertys Road,Truganina,Wyndham,-37.82525588,144.7593006,,,Confirm this facility accepts your appliance before visiting. Open data may be incomplete or out of date.
recycling,"Ecycle Solutions (Dandenong South, Plastics reprocessing)",Reprocessor — Plastics reprocessing,398-418 Hammond Road,Dandenong South,Greater Dandenong,-38.031918,145.2019,,,Confirm this facility accepts your appliance before visiting. Open data may be incomplete or out of date.
recycling,EQ Plastics,Reprocessor — Plastics reprocessing,16 Egan Road,Dandenong,Greater Dandenong,-37.994504,145.194161,,,Confirm this facility accepts your appliance before visiting. Open data may be incomplete or out of date.
recycling,Foamex (Bayswater North),Reprocessor — Plastics reprocessing,31-33 Gatwick Road,Bayswater North,Maroondah,-37.8173585,145.2976913,,,Confirm this facility accepts your appliance before visiting. Open data may be incomplete or out of date.
recycling,GT Recycling,Reprocessor — Plastics reprocessing,100 Point Henry Road,Moolap,Greater Geelong,-38.16032,144.430156,,,Confirm this facility accepts your appliance before visiting. Open data may be incomplete or out of date.
recycling,Integrated Recycling,Reprocessor — Plastics reprocessing,316 Etiwanda Avenue,Mildura,Mildura,-34.196372,142.169285,,,Confirm this facility accepts your appliance before visiting. Open data may be incomplete or out of date.
recycling,Iplex Piplelines,Reprocessor — Plastics reprocessing,9-15 Radford Road,Reservoir,Darebin,-37.71024,144.982619,,,Confirm this facility accepts your appliance before visiting. Open data may be incomplete or out of date.
recycling,Martogg (Frankston-Dandenong Road),Reprocessor — Plastics reprocessing,185-195 Frankston-Dandenong Road,Dandenong South,Greater Dandenong,-38.017839,145.215061,,,Confirm this facility accepts your appliance before visiting. Open data may be incomplete or out of date.
recycling,Megara,Reprocessor — Plastics reprocessing,261 Frankston-Dandenong Road,Dandenong South,Greater Dandenong,-38.02519959,145.2147151,,,Confirm this facility accepts your appliance before visiting. Open data may be incomplete or out of date.
recycling,Nationwide Connect Recycling,Reprocessor — Plastics reprocessing,5 Gipps Court,Epping,Whittlesea,-37.647451,145.012763,,,Confirm this facility accepts your appliance before visiting. Open data may be incomplete or out of date.
recycling,Olima Fibre Processors,Reprocessor — Plastics reprocessing,254 Canterbury Road,Bayswater North,Maroondah,-37.830045,145.275013,,,Confirm this facility accepts your appliance before visiting. Open data may be incomplete or out of date.
recycling,Polyfoam Australia,Reprocessor — Plastics reprocessing,11 Brooklyn Avenue,Dandenong,Greater Dandenong,-37.99326803,145.198702,,,Confirm this facility accepts your appliance before visiting. Open data may be incomplete or out of date.
recycling,Polymer Processors,Reprocessor — Plastics reprocessing,11 Japaddy Street,Mordialloc,Kingston,-37.989187,145.105382,,,Confirm this facility accepts your appliance before visiting. Open data may be incomplete or out of date.
recycling,Kangaroo Plastics Technology,Reprocessor — Plastics reprocessing,202-204 Northbourne Road,Campbellfield,Hume,-37.64773474,144.9574853,,,Confirm this facility accepts your appliance before visiting. Open data may be incomplete or out of date.
recycling,RPM Pipes,Reprocessor — Plastics reprocessing,280 Lancaster Road,Kyabram,Campaspe,-36.31363,145.097018,,,Confirm this facility accepts your appliance before visiting. Open data may be incomplete or out of date.
recycling,REPLAS,Reprocessor — Plastics reprocessing,50 Elsworth Street,Canadian,Ballarat,-37.58313715,143.8735896,,,Confirm this facility accepts your appliance before visiting. Open data may be incomplete or out of date.
recycling,Signode,Reprocessor — Plastics reprocessing,30 Fulton Drive,Derrimut,Brimbank,-37.809071,144.780473,,,Confirm this facility accepts your appliance before visiting. Open data may be incomplete or out of date.
recycling,Unipod,Reprocessor — Plastics reprocessing,8 Foundation Road,Truganina,Wyndham,-37.814229,144.765682,,,Confirm this facility accepts your appliance before visiting. Open data may be incomplete or out of date.
recycling,Vicfam Plastics,Reprocessor — Plastics reprocessing,20-22 Somerleigh Road,Laverton North,Wyndham,-37.81791252,144.8158939,,,Confirm this facility accepts your appliance before visiting. Open data may be incomplete or out of date.
recycling,Welvic Australia,Reprocessor — Plastics reprocessing,"Gate 6, Tillburn Road",Deer Park,Brimbank,-37.77776417,144.7766469,,,Confirm this facility accepts your appliance before visiting. Open data may be incomplete or out of date.
recycling,"Alex Fraser (Laverton, Glass reprocessing)",Reprocessor — Glass reprocessing (crushing),9-19 Alex Fraser Drive,Laverton North,Wyndham,-37.8306067,144.768137,,,Confirm this facility accepts your appliance before visiting. Open data may be incomplete or out of date.
recycling,Coloured Recycled Glass,Reprocessor — Glass reprocessing (crushing),109A Metrolink Circuit,Campbellfield,Hume,-37.652021,144.970915,,,Confirm this facility accepts your appliance before visiting. Open data may be incomplete or out of date.
recycling,Crushed Glass Concepts,Reprocessor — Glass reprocessing (crushing),18 Industrial Drive,Pakenham,Cardinia,-38.101935,145.494889,,,Confirm this facility accepts your appliance before visiting. Open data may be incomplete or out of date.
recycling,Visy Glass (Laverton North),Reprocessor — Glass beneficiation,46-48 Dohertys Road,Laverton North,Wyndham,-37.82968,144.806586,,,Confirm this facility accepts your appliance before visiting. Open data may be incomplete or out of date.
recycling,Potters Industries,Reprocessor — Glass reprocessing (crushing),100-102 Boundary Road,Sunshine West,Brimbank,-37.8153902,144.8131774,,,Confirm this facility accepts your appliance before visiting. Open data may be incomplete or out of date.
recycling,"Repurpose It (Epping, Glass reprocessing)",Reprocessor — Glass reprocessing (crushing),460 Cooper Street,Epping,Whittlesea,-37.646887,144.981989,,,Confirm this facility accepts your appliance before visiting. Open data may be incomplete or out of date.
recycling,"Re-Group (Dandenong, Glass beneficiation)",Reprocessor — Glass beneficiation,126-134 Thomas Murrell Crescent,Dandenong South,Greater Dandenong,-38.02202264,145.1936873,,,Confirm this facility accepts your appliance before visiting. Open data may be incomplete or out of date.
recycling,ELT Recycling,Hazardous waste — End-of-life tyres facility,147-149 Northbourne Road,Campbellfield,Hume,-37.65061267,144.9656954,,,Confirm this facility accepts your appliance before visiting. Open data may be incomplete or out of date.
recycling,Oz Tyre Recyclers,Hazardous waste — End-of-life tyres facility,21 Reo Crescent,Campbellfield,Hume,-37.646319,144.939492,,,Confirm this facility accepts your appliance before visiting. Open data may be incomplete or out of date.
recycling,"Ecycle Solutions (Dandenong South, E-waste recycling)",Reprocessor — E-waste recycling,398-418 Hammond Road,Dandenong South,Greater Dandenong,-38.031918,145.2019,,,Confirm this facility accepts your appliance before visiting. Open data may be incomplete or out of date.
recycling,PhoneCycle,Reprocessor — E-waste recycling,2/290 Blackburn Road,Doncaster East,Manningham,-37.78143824,145.1638486,,,Confirm this facility accepts your appliance before visiting. Open data may be incomplete or out of date.
recycling,"TES-AMM (Mulgrave), E-waste recycling)",Reprocessor — E-waste recycling,15 Glenvale Crescent,Mulgrave,Monash,-37.921469,145.160357,,,Confirm this facility accepts your appliance before visiting. Open data may be incomplete or out of date.
recycling,TES-AMM (Somerton),Reprocessor — E-waste recycling,23 Fillo Drive,Somerton,Hume,-37.64239502,144.9570923,,,Confirm this facility accepts your appliance before visiting. Open data may be incomplete or out of date.
recycling,Cleanaway Laverton Technical Waste Services,Hazardous waste — Chemical physical treatment (CPT) plant,83 Dohertys Road,Laverton North,Wyndham,-37.830879,144.794458,,,Confirm this facility accepts your appliance before visiting. Open data may be incomplete or out of date.
recycling,Advanced Resource Recycling,Reprocessor — E-waste recycling,160 Camp Road,Broadmeadows,Hume,-37.6842416,144.940391,,,Confirm this facility accepts your appliance before visiting. Open data may be incomplete or out of date.
recycling,E-Worx,Reprocessor — E-waste recycling,134 Golf Course Road,Horsham,Horsham,-36.737625,142.19116,,,Confirm this facility accepts your appliance before visiting. Open data may be incomplete or out of date.
recycling,Ewastec,Reprocessor — E-waste recycling,9 Apsley Place,Seaford,Frankston,-38.113635,145.143619,,,Confirm this facility accepts your appliance before visiting. Open data may be incomplete or out of date.
recycling,Geelong Disabled People's Industries,Reprocessor — E-waste recycling,6-8 Baxter Road,North Geelong,Greater Geelong,-38.124661,144.350202,,,Confirm this facility accepts your appliance before visiting. Open data may be incomplete or out of date.
recycling,Green Collect,Reprocessor — E-waste recycling,"Unit 1, 75A Ashley Street",Braybrook,Maribyrnong,-37.791151,144.862989,,,Confirm this facility accepts your appliance before visiting. Open data may be incomplete or out of date.
recycling,Outlook Environmental (Officer),Reprocessor — E-waste recycling,4 Hickson Road,Officer,Cardinia,-38.067011,145.406419,,,Confirm this facility accepts your appliance before visiting. Open data may be incomplete or out of date.
recycling,Platinum Recycling,Reprocessor — E-waste recycling,35 Hawker Street,Airport West,Moonee Valley,-37.72265292,144.8881545,,,Confirm this facility accepts your appliance before visiting. Open data may be incomplete or out of date.
recycling,Quantum Recycling Solutions,Reprocessor — E-waste recycling,16 Sonia Street,Carrum Downs,Frankston,-38.096235,145.162021,,,Confirm this facility accepts your appliance before visiting. Open data may be incomplete or out of date.
recycling,Sims Metals Management (Broadmeadows),Reprocessor — Metals recovery,1904 Hume Highway,Broadmeadows,Hume,-37.65969363,144.9553629,,,Confirm this facility accepts your appliance before visiting. Open data may be incomplete or out of date.
recycling,Sims Metals Management (Geelong),Reprocessor — Metals recovery,266 Thompsons Road,North Geelong,Greater Geelong,-38.10861291,144.3445139,,,Confirm this facility accepts your appliance before visiting. Open data may be incomplete or out of date.
recycling,Sims Metals Management (Traralgon),Reprocessor — Metals recovery,70-74 Eastern Road,Traralgon East,Latrobe,-38.18067838,146.5658201,,,Confirm this facility accepts your appliance before visiting. Open data may be incomplete or out of date.
recycling,SRS Metals,Reprocessor — E-waste recycling,304/308 Mahoneys Road,Thomastown,Whittlesea,-37.69132495,144.98034,,,Confirm this facility accepts your appliance before visiting. Open data may be incomplete or out of date.
recycling,Scipher,Reprocessor — E-waste recycling,7 Mills Road,Dandenong,Greater Dandenong,-37.98990245,145.1952641,,,Confirm this facility accepts your appliance before visiting. Open data may be incomplete or out of date.
recycling,United Star Resource,Reprocessor — E-waste recycling,494 Boundary Road,Derrimut,Brimbank,-37.81030202,144.7540718,,,Confirm this facility accepts your appliance before visiting. Open data may be incomplete or out of date.
recycling,WDEA Enterprises,Reprocessor — E-waste recycling,11 Albert Street,Warrnambool,Warrnambool,-38.372018,142.460186,,,Confirm this facility accepts your appliance before visiting. Open data may be incomplete or out of date.
recycling,WDEA - Nigretta of Hamilton,Reprocessor — E-waste recycling,4 Peck Street,Hamilton,Southern Grampians,-37.72716681,142.0043304,,,Confirm this facility accepts your appliance before visiting. Open data may be incomplete or out of date.
recycling,CMA Ecocyle,Reprocessor — E-waste recycling,5-11 Reo Crescent,Campbellfield,Hume,-37.64698161,144.9384171,,,Confirm this facility accepts your appliance before visiting. Open data may be incomplete or out of date.
recycling,Envirostream (PF metals) (TA Livium),Reprocessor — E-waste recycling,17/19 Maria Street,Laverton North,Wyndham,-37.837268,144.787851,,,Confirm this facility accepts your appliance before visiting. Open data may be incomplete or out of date.
recycling,ReSource,Reprocessor — E-waste recycling,70 Swann Drive,Derrimut,Brimbank,-37.801872,144.778851,,,Confirm this facility accepts your appliance before visiting. Open data may be incomplete or out of date.
recycling,Altona North Recycling (Masalovski Group),Reprocessor — C&D waste recycling,55 McArthurs Road,Altona North,Hobsons Bay,-37.835192,144.8358419,,,Confirm this facility accepts your appliance before visiting. Open data may be incomplete or out of date.
recycling,Paul Volk Contracting,Reprocessor — C&D waste recycling,37 McMillan Street,Lucknow,East Gippsland,-37.823383,147.65864,,,Confirm this facility accepts your appliance before visiting. Open data may be incomplete or out of date.
recycling,Ballarat Concrete Recycling,Reprocessor — C&D waste recycling,3 Tannery Lane,Mount Pleasant,Ballarat,-37.573796,143.848181,,,Confirm this facility accepts your appliance before visiting. Open data may be incomplete or out of date.
recycling,Hopley Recycling,Reprocessor — C&D waste recycling,6 Prospect Road,Bendigo,Greater Bendigo,-36.743579,144.313602,,,Confirm this facility accepts your appliance before visiting. Open data may be incomplete or out of date.
recycling,Beveridge Scoria Quarry,Reprocessor — C&D waste recycling,61 Minton Street,Beveridge,Mitchell,-37.46851487,144.9784771,,,Confirm this facility accepts your appliance before visiting. Open data may be incomplete or out of date.
recycling,Regional Recycle,Reprocessor — C&D waste recycling,313 Hamilton Highway,Fyansford,Greater Geelong,-38.14359973,144.2927774,,,Confirm this facility accepts your appliance before visiting. Open data may be incomplete or out of date.
recycling,ResourceCo (Brooklyn),Reprocessor — C&D waste recycling,125 Bunting Road,Brooklyn,Brimbank,-37.811165,144.840416,,,Confirm this facility accepts your appliance before visiting. Open data may be incomplete or out of date.
recycling,Delta Group,Reprocessor — C&D waste recycling,473 Sommerville Road,Brooklyn,Brimbank,-37.80720225,144.8365172,,,Confirm this facility accepts your appliance before visiting. Open data may be incomplete or out of date.
recycling,"City Circle (Brooklyn, C&D waste recycling)",Reprocessor — C&D waste recycling,165-156 Jones Road,Brooklyn,Brimbank,-37.813499,144.833494,,,Confirm this facility accepts your appliance before visiting. Open data may be incomplete or out of date.
recycling,Alex Fraser (Clarinda),Reprocessor — C&D waste recycling,275 Kingston Road,Clarinda,Kingston,-37.9560299,145.1072564,,,Confirm this facility accepts your appliance before visiting. Open data may be incomplete or out of date.
recycling,EcoGroup,Reprocessor — C&D waste recycling,60-72 Garden Road,Clayton,Monash,-37.922017,145.146379,,,Confirm this facility accepts your appliance before visiting. Open data may be incomplete or out of date.
recycling,Konstruct Recycling,Reprocessor — C&D waste recycling,63-67 Gardens Road,Clayton,Monash,-37.92130546,145.1459718,,,Confirm this facility accepts your appliance before visiting. Open data may be incomplete or out of date.
recycling,City Circle (Dandenong),Reprocessor — C&D waste recycling,128-148 Ordish Road,Dandenong South,Greater Dandenong,-38.028497,145.192107,,,Confirm this facility accepts your appliance before visiting. Open data may be incomplete or out of date.
recycling,Waste Converters Recycling,Reprocessor — C&D waste recycling,161 Portlink Drive,Dandenong South,Greater Dandenong,-38.0549083,145.2422165,,,Confirm this facility accepts your appliance before visiting. Open data may be incomplete or out of date.
recycling,Smart Recycling (Dandenong South),Reprocessor — C&D waste recycling,185 Dandenong-Hastings Road,Dandenong South,Greater Dandenong,-38.053593,145.24344,,,Confirm this facility accepts your appliance before visiting. Open data may be incomplete or out of date.
recycling,Chris Bev Pty Ltd,Reprocessor — C&D waste recycling,18-26 Wallis Street,Delacombe,Ballarat,-37.57407364,143.8211685,,,Confirm this facility accepts your appliance before visiting. Open data may be incomplete or out of date.
recycling,A1 Concrete Recycling,Reprocessor — C&D waste recycling,12 Weerong Road,Drouin,Baw Baw,-38.11668396,145.8315294,,,Confirm this facility accepts your appliance before visiting. Open data may be incomplete or out of date.
recycling,Allstone Quarries (C&D),Reprocessor — C&D waste recycling,1 Turner Street,Eaglehawk,Greater Bendigo,-36.7306606,144.2468483,,,Confirm this facility accepts your appliance before visiting. Open data may be incomplete or out of date.
recycling,Alex Fraser (Epping),Reprocessor — C&D waste recycling,29 Graystone Court,Epping,Whittlesea,-37.650741,144.9822514,,,Confirm this facility accepts your appliance before visiting. Open data may be incomplete or out of date.
recycling,"Repurpose It (Epping, C&D waste recycling)",Reprocessor — C&D waste recycling,460 Cooper Street,Epping,Whittlesea,-37.646751,144.97923,,,Confirm this facility accepts your appliance before visiting. Open data may be incomplete or out of date.
recycling,Suez ResourceCo Epping,Reprocessor — C&D waste recycling,480 Cooper Street,Epping,Whittlesea,-37.646751,144.97923,,,Confirm this facility accepts your appliance before visiting. Open data may be incomplete or out of date.
recycling,Beaver Bricks Fitzroy North,Reprocessor — C&D waste recycling,54 Rae Street,Fitzroy North,Yarra,-37.791606,144.978812,,,Confirm this facility accepts your appliance before visiting. Open data may be incomplete or out of date.
recycling,Johnstons Road Quarry,Reprocessor — C&D waste recycling,175 Johnstons Road,Bairnsdale,East Gippsland,-37.874684,147.630147,,,Confirm this facility accepts your appliance before visiting. Open data may be incomplete or out of date.
recycling,Fyansford Waste Waste Management Facility (C&D recycling) (Geelong Landfill Pty Ltd),Reprocessor — C&D waste recycling,Lower Paper Mills Road,Fyansford,Greater Geelong,-38.14431,144.30219,,,Confirm this facility accepts your appliance before visiting. Open data may be incomplete or out of date.
recycling,Hampton Park Resource Recovery Precinct - ResourceCo Construction & Demolition,Reprocessor — C&D waste recycling,795 South Gippsland Highway,Hampton Park,Casey,-38.06152,145.264745,,,Confirm this facility accepts your appliance before visiting. Open data may be incomplete or out of date.
recycling,WestonVic Waste,Reprocessor — C&D waste recycling,8 Turnbull Drive,Horsham,Horsham,-36.737625,142.15221,,,Confirm this facility accepts your appliance before visiting. Open data may be incomplete or out of date.
recycling,Kilmany Resource Recovery Centre,Reprocessor — C&D waste recycling,Velore Road,Kilmany,Wellington,-38.103092,146.920064,,,Confirm this facility accepts your appliance before visiting. Open data may be incomplete or out of date.
recycling,"Alex Fraser (Laverton, C&D waste recycling)",Reprocessor — C&D waste recycling,9-19 Alex Fraser Drive,Laverton North,Wyndham,-37.8306067,144.768137,,,Confirm this facility accepts your appliance before visiting. Open data may be incomplete or out of date.
recycling,Designer Timber Products,Reprocessor — C&D waste recycling,51 Winterton Road,Clayton,Monash,-37.92518,145.136653,,,Confirm this facility accepts your appliance before visiting. Open data may be incomplete or out of date.
recycling,Mansfield Constructions,Reprocessor — C&D waste recycling,73 Dead Horse Lane,Mansfield,Mansfield,-37.0799819,146.0872461,,,Confirm this facility accepts your appliance before visiting. Open data may be incomplete or out of date.
recycling,City Circle (Melton),Reprocessor — C&D waste recycling,17-31 Ferris Road,Melton South,Melton,-37.707098,144.601802,,,Confirm this facility accepts your appliance before visiting. Open data may be incomplete or out of date.
recycling,Local Mix Concrete,Reprocessor — C&D waste recycling,10 Hays Road,Moolap,Greater Geelong,-38.15705,144.43312,,,Confirm this facility accepts your appliance before visiting. Open data may be incomplete or out of date.
recycling,Boral Recycling,Reprocessor — C&D waste recycling,80 Reservoir Road,Mount Duneed,Greater Geelong,-38.22573,144.26579,,,Confirm this facility accepts your appliance before visiting. Open data may be incomplete or out of date.
recycling,Neerim South Quarry & Concrete Recycling,Reprocessor — C&D waste recycling,11 Sheffield Road,Neerim South,Baw Baw,-38.005801,145.836551,,,Confirm this facility accepts your appliance before visiting. Open data may be incomplete or out of date.
recycling,Crowbar Demolitions,Reprocessor — C&D waste recycling,225 Grahamvale Road,Shepparton,Greater Shepparton,-36.34166728,145.4313776,,,Confirm this facility accepts your appliance before visiting. Open data may be incomplete or out of date.
recycling,Apex Waste Control,Reprocessor — C&D waste recycling,69 Bunting Road,Brooklyn,Brimbank,-37.8116337,144.841557,,,Confirm this facility accepts your appliance before visiting. Open data may be incomplete or out of date.
recycling,Traralgon Concrete Products,Reprocessor — C&D waste recycling,14-28 Dunbar Road,Traralgon,Latrobe,-38.182158,146.56747,,,Confirm this facility accepts your appliance before visiting. Open data may be incomplete or out of date.
recycling,Gippsland Concrete Recycling (Traralgon),Reprocessor — C&D waste recycling,22-24 Rocla Road,Traralgon East,Latrobe,-38.18779751,146.5665274,,,Confirm this facility accepts your appliance before visiting. Open data may be incomplete or out of date.
recycling,Donmix Ventnor,Reprocessor — C&D waste recycling,793 Back Beach Road,Ventnor,Bass Coast,-38.501623,145.182121,,,Confirm this facility accepts your appliance before visiting. Open data may be incomplete or out of date.
recycling,Paddy's Bricks,Reprocessor — C&D waste recycling,352-358 Kororoit Creed Road,Williamstown North,Hobsons Bay,-37.85448184,144.8614227,,,Confirm this facility accepts your appliance before visiting. Open data may be incomplete or out of date.
recycling,Bingo Recycling Centre - West Melbourne,Reprocessor — C&D waste recycling,372-374 Dynon Road,West Melbourne,Melbourne,-37.80159737,144.9189184,,,Confirm this facility accepts your appliance before visiting. Open data may be incomplete or out of date.
recycling,Jackson's Earth Moving & Concrete Recyclers,Reprocessor — C&D waste recycling,17 Kendall Street,Wodonga,Wodonga,-36.1784092,146.8421497,,,Confirm this facility accepts your appliance before visiting. Open data may be incomplete or out of date.
recycling,Bass Coast Rubbish Removal & Bin Hire,Reprocessor — C&D waste recycling,11 Pine Grove,Wonthaggi,Bass Coast,-38.621855,145.586237,,,Confirm this facility accepts your appliance before visiting. Open data may be incomplete or out of date.
recycling,Wheel-A-Waste,Reprocessor — C&D waste recycling,Lot 1 Skip Lane,Wonthaggi,Bass Coast,-38.587388,145.590823,,,Confirm this facility accepts your appliance before visiting. Open data may be incomplete or out of date.
recycling,Kennedy Quarry (Driffield Quarry),Reprocessor — C&D waste recycling,Smiths Road,Driffield,Latrobe,-38.29882338,146.274796,,,Confirm this facility accepts your appliance before visiting. Open data may be incomplete or out of date.
recycling,Altona Transfer Station,Resource Recovery Centre — Transfer station,30 Baldwin Road,Altona North,Hobsons Bay,-37.840206,144.818432,,,Confirm this facility accepts your appliance before visiting. Open data may be incomplete or out of date.
recycling,Alvie Resource Recovery Centre,Resource Recovery Centre — Transfer station,977 Corangamite Lake Road,Alvie,Colac Otway,-38.25136,143.52228,,,Confirm this facility accepts your appliance before visiting. Open data may be incomplete or out of date.
recycling,Apollo Bay Resource Recovery Centre,Resource Recovery Centre — Transfer station,10-18 Arthur Court,Apollo Bay,Colac Otway,-38.755858,143.654411,,,Confirm this facility accepts your appliance before visiting. Open data may be incomplete or out of date.
recycling,Apsley Transfer Station,Resource Recovery Centre — Transfer station,Apsley-Casterton Road,Apsley,West Wimmera,-36.9746256,141.0706452,,,Confirm this facility accepts your appliance before visiting. Open data may be incomplete or out of date.
recycling,Ararat Resource Recovery Centre (RRC),Resource Recovery Centre — Transfer station,22 Surface Hill Road,Ararat,Ararat,-37.296535,142.930471,,,Confirm this facility accepts your appliance before visiting. Open data may be incomplete or out of date.
recycling,Ardmona Resource Recovery Centre,Resource Recovery Centre — Transfer station,770 Turnbull Road,Ardmona,Greater Shepparton,-36.403737,145.313041,,,Confirm this facility accepts your appliance before visiting. Open data may be incomplete or out of date.
recycling,Avenel Resource Recovery Centre,Resource Recovery Centre — Transfer station,145 Monea Road,Avenel,Strathbogie,-36.878944,145.241833,,,Confirm this facility accepts your appliance before visiting. Open data may be incomplete or out of date.
recycling,Avoca Transfer Station,Resource Recovery Centre — Transfer station,82 Russell Street,Avoca,Pyrenees,-37.087127,143.4828,,,Confirm this facility accepts your appliance before visiting. Open data may be incomplete or out of date.
recycling,Bacchus Marsh Transfer Station,Resource Recovery Centre — Transfer station,15 Kennedy Place and 50 Osborne Street,Maddingley,Moorabool,-37.691272,144.423598,,,Confirm this facility accepts your appliance before visiting. Open data may be incomplete or out of date.
recycling,Ballan Transfer Station,Resource Recovery Centre — Transfer station,118 Monteville Lane,Ballan,Moorabool,-37.60175,144.2697,,,Confirm this facility accepts your appliance before visiting. Open data may be incomplete or out of date.
recycling,Ballarat Transfer Station,Resource Recovery Centre — Transfer station,119 Gillies Street,Ballarat,Ballarat,-37.566412,143.816162,,,Confirm this facility accepts your appliance before visiting. Open data may be incomplete or out of date.
recycling,Balmoral Resource Recovery Centre,Resource Recovery Centre — Transfer station,55 Horsham Road,Balmoral,Southern Grampians,-37.241857,141.838658,,,Confirm this facility accepts your appliance before visiting. Open data may be incomplete or out of date.
recycling,Banyule Waste Recovery Centre,Resource Recovery Centre — Transfer station,Corner Waterdale Road and Banksia Street,Bellfield,Banyule,-37.756523,145.044339,,,Confirm this facility accepts your appliance before visiting. Open data may be incomplete or out of date.
recycling,Barmah Transfer Station,Resource Recovery Centre — Transfer station,10 Racecourse Road,Barmah,Moira,-36.00675108,144.9644558,,,Confirm this facility accepts your appliance before visiting. Open data may be incomplete or out of date.
recycling,Barton's Waste Transfer Station,Resource Recovery Centre — Transfer station,20 Harrington Road,Warrnambool,Warrnambool,-38.36772,142.45041,,,Confirm this facility accepts your appliance before visiting. Open data may be incomplete or out of date.
recycling,Bayside Waste & Recycling Centre,Resource Recovery Centre — Transfer station,144 Talinga Road,Cheltenham,Bayside,-37.962331,145.036117,,,Confirm this facility accepts your appliance before visiting. Open data may be incomplete or out of date.
recycling,Bealiba Transfer Station,Resource Recovery Centre — Transfer station,48 White Hills Road,Bealiba,Central Goldfields,-36.79278056,143.5446028,,,Confirm this facility accepts your appliance before visiting. Open data may be incomplete or out of date.
recycling,Beaufort Transfer Station,Resource Recovery Centre — Transfer station,2 Tip Road,Beaufort,Pyrenees,-37.425393,143.396499,,,Confirm this facility accepts your appliance before visiting. Open data may be incomplete or out of date.
recycling,Beechworth Transfer Station,Resource Recovery Centre — Transfer station,1620 Diffey Road,Beechworth,Indigo,-36.373708,146.677448,,,Confirm this facility accepts your appliance before visiting. Open data may be incomplete or out of date.
recycling,Bemm River Transfer Station,Resource Recovery Centre — Transfer station,2 Alans Track,Bemm River,East Gippsland,-37.754571,148.954691,,,Confirm this facility accepts your appliance before visiting. Open data may be incomplete or out of date.
recycling,Beulah Transfer Station,Resource Recovery Centre — Transfer station,28 Beulah Tip Road,Beulah,Yarriambiack,-35.93097778,142.4408611,,,Confirm this facility accepts your appliance before visiting. Open data may be incomplete or out of date.
recycling,Birchip Landfill,Landfill — Landfill unlicensed,2094 Birchip-Corack Road,Birchip,Buloke,-36.01243056,142.9375833,,,Confirm this facility accepts your appliance before visiting. Open data may be incomplete or out of date.
recycling,Birregurra Resource Recovery Centre,Resource Recovery Centre — Transfer station,75 Scouller Street,Birregurra,Colac Otway,-38.33322,143.79275,,,Confirm this facility accepts your appliance before visiting. Open data may be incomplete or out of date.
recycling,Bolinda Road Resource Recovery Centre,Resource Recovery Centre — Transfer station,1-71 Bolinda Road,Campbellfield,Hume,-37.684858,144.967241,,,Confirm this facility accepts your appliance before visiting. Open data may be incomplete or out of date.
recycling,Bonang Transfer Station,Resource Recovery Centre — Transfer station,9053 Bonang Road,Bonang,East Gippsland,-37.20245,148.72566,,,Confirm this facility accepts your appliance before visiting. Open data may be incomplete or out of date.
recycling,Boort landfill,Landfill — Landfill unlicensed,Off Boort-Quambatook Road,Boort,Loddon,-36.109467,143.721294,,,Confirm this facility accepts your appliance before visiting. Open data may be incomplete or out of date.
recycling,Boroondara Recycling and Waste Centre,Resource Recovery Centre — Transfer station,648 Riversdale Road,Camberwell,Boroondara,-37.834846,145.070356,,,Confirm this facility accepts your appliance before visiting. Open data may be incomplete or out of date.
recycling,Kartaway Bin and Skip Hire,Resource Recovery Centre — Transfer station,12-14 Tarnard Drive,Braeside,Kingston,-37.989114,145.109598,,,Confirm this facility accepts your appliance before visiting. Open data may be incomplete or out of date.
recycling,Branxholme Transfer Station,Resource Recovery Centre — Transfer station,92 Branxholme-Byaduk Road,Branxholme,Southern Grampians,-37.86238,141.80776,,,Confirm this facility accepts your appliance before visiting. Open data may be incomplete or out of date.
recycling,Brimbank Resource Recovery Centre,Resource Recovery Centre — Transfer station,Stadium Drive,Keilor Park,Brimbank,-37.712933,144.849997,,,Confirm this facility accepts your appliance before visiting. Open data may be incomplete or out of date.
recycling,Broadford Resource Recovery Centre,Resource Recovery Centre — Transfer station,315 Mia Mia Road,Broadford,Mitchell,-37.22276641,145.0744214,,,Confirm this facility accepts your appliance before visiting. Open data may be incomplete or out of date.
recycling,East Brunswick Transfer Station,Resource Recovery Centre — Transfer station,32 Kirkdale Street,Brunswick East,Merri-bek,-37.770515,144.982393,,,Confirm this facility accepts your appliance before visiting. Open data may be incomplete or out of date.
recycling,Bruthen Transfer Station,Resource Recovery Centre — Transfer station,109 Great Alpine Road,Bruthen,East Gippsland,-37.70164,147.834053,,,Confirm this facility accepts your appliance before visiting. Open data may be incomplete or out of date.
recycling,Buchan Recycling & Recovery Transfer Centre,Resource Recovery Centre — Transfer station,2337 Bruthen - Buchan Road,Buchan,East Gippsland,-37.523451,148.160823,,,Confirm this facility accepts your appliance before visiting. Open data may be incomplete or out of date.
recycling,Caramut Waste Facility,Resource Recovery Centre — Transfer station,Sawmill Road,Caramut,Moyne,-37.95727,142.52566,,,Confirm this facility accepts your appliance before visiting. Open data may be incomplete or out of date.
recycling,Casteron Landfill & Transfer Station,Resource Recovery Centre — Transfer station,291 Bahgallah Road,Casterton,Glenelg,-37.6108,141.38945,,,Confirm this facility accepts your appliance before visiting. Open data may be incomplete or out of date.
recycling,Cavendish Transfer Station,Resource Recovery Centre — Transfer station,2478 Henty Highway,Cavendish,Southern Grampians,-37.52941,142.03405,,,Confirm this facility accepts your appliance before visiting. Open data may be incomplete or out of date.
recycling,Charlton Transfer Station,Resource Recovery Centre — Transfer station,212 Charlton St Arnaud Road,Charlton,Buloke,-36.284343,143.335486,,,Confirm this facility accepts your appliance before visiting. Open data may be incomplete or out of date.
recycling,Chetwynd Transfer Station,Resource Recovery Centre — Transfer station,Chetwynd-Cemetary Road,Chetwynd,West Wimmera,-37.27896572,141.3826954,,,Confirm this facility accepts your appliance before visiting. Open data may be incomplete or out of date.
recycling,Citywide Transfer Station and Resource Recovery Centre,Resource Recovery Centre — Transfer station,437 Dynon Road,West Melbourne,Melbourne,-37.80282,144.913749,,,Confirm this facility accepts your appliance before visiting. Open data may be incomplete or out of date.
recycling,Cleanaway Brooklyn Resource Recovery Centre,Resource Recovery Centre — Transfer station,174 Old Geelong Road,Brooklyn,Brimbank,-37.819318,144.828311,,,Confirm this facility accepts your appliance before visiting. Open data may be incomplete or out of date.
recycling,Cleanaway Clayton South Resource Recovery Centre,Resource Recovery Centre — Transfer station,Deals Road & Fraser Road,Clayton south,Kingston,-37.946708,145.120296,,,Confirm this facility accepts your appliance before visiting. Open data may be incomplete or out of date.
recycling,Cob & Co Recyclers,Resource Recovery Centre — Transfer station,25 Dickson Street,Warrnambool,Warrnambool,-38.371157,142.45468,,,Confirm this facility accepts your appliance before visiting. Open data may be incomplete or out of date.
recycling,Coburg Transfer Station,Resource Recovery Centre — Transfer station,172 Newlands Road,Coburg North,Merri-bek,-37.723148,144.975921,,,Confirm this facility accepts your appliance before visiting. Open data may be incomplete or out of date.
recycling,Cohuna Transfer Station,Resource Recovery Centre — Transfer station,Chuggs Road,Cohuna,Gannawarra,-35.818988,144.214539,,,Confirm this facility accepts your appliance before visiting. Open data may be incomplete or out of date.
recycling,Colbinabbin Resource Recovery Centre,Resource Recovery Centre — Transfer station,89 Cemetery Road,Colbinabbin,Campaspe,-36.59675814,144.8006114,,,Confirm this facility accepts your appliance before visiting. Open data may be incomplete or out of date.
recycling,Coldstream Recycling & Waste Transfer Station,Resource Recovery Centre — Transfer station,Corner Ingram Road & Leonard Road,Lilydale,Yarra Ranges,-37.73815,145.396595,,,Confirm this facility accepts your appliance before visiting. Open data may be incomplete or out of date.
recycling,Coleraine Resource Recovery Centre,Resource Recovery Centre — Transfer station,42 Robertson Street,Coleraine,Southern Grampians,-37.60366,141.70162,,,Confirm this facility accepts your appliance before visiting. Open data may be incomplete or out of date.
recycling,Corryong Resource Recovery Centre and Landfill,Resource Recovery Centre — Transfer station,289 Sugarloaf Road,Corryong,Towong,-36.220985,147.890697,,,Confirm this facility accepts your appliance before visiting. Open data may be incomplete or out of date.
recycling,Cowes Recycling Bank,Resource Recovery Centre — Transfer station,Cnr Settlement Road and Dunsmore Road,Cowes,Bass Coast,-38.45705,145.24819,,,Confirm this facility accepts your appliance before visiting. Open data may be incomplete or out of date.
recycling,Creswick Transfer Station (RRC),Resource Recovery Centre — Transfer station,Ring Road,Creswick,Hepburn,-37.414729,143.886057,,,Confirm this facility accepts your appliance before visiting. Open data may be incomplete or out of date.
recycling,Cullulleraine Transfer Station,Resource Recovery Centre — Transfer station,Sturt Highway,Cullulleraine,Mildura,-34.273332,141.60764,,,Confirm this facility accepts your appliance before visiting. Open data may be incomplete or out of date.
recycling,Darebin Resource Recovery Centre,Resource Recovery Centre — Transfer station,30 Kurnai Avenue,Reservoir,Darebin,-37.720778,144.981773,,,Confirm this facility accepts your appliance before visiting. Open data may be incomplete or out of date.
recycling,Dargo Transfer Station,Resource Recovery Centre — Transfer station,Kings Road,Dargo,Wellington,-37.45984735,147.244325,,,Confirm this facility accepts your appliance before visiting. Open data may be incomplete or out of date.
recycling,Dartmoor Resource Recovery Centre,Resource Recovery Centre — Transfer station,209 Bowds Lane,Dartmoor,Glenelg,-37.90267,141.2292,,,Confirm this facility accepts your appliance before visiting. Open data may be incomplete or out of date.
recycling,Daylesford Transfer Station and Landfill,Resource Recovery Centre — Transfer station,16 Ajax Road,Daylesford,Hepburn,-37.334377,144.130618,,,Confirm this facility accepts your appliance before visiting. Open data may be incomplete or out of date.
recycling,Dergholm Transfer Station,Resource Recovery Centre — Transfer station,Quinn Road,Dergholm,West Wimmera,-37.36926344,141.218428,,,Confirm this facility accepts your appliance before visiting. Open data may be incomplete or out of date.
recycling,Derrinallum Transfer Station,Resource Recovery Centre — Transfer station,240 Heards Road,Derrinallum,Corangamite,-37.96977,143.1934,,,Confirm this facility accepts your appliance before visiting. Open data may be incomplete or out of date.
recycling,Dimboola Transfer Station,Resource Recovery Centre — Transfer station,"High Street, Dimboola Warracknabeal Road",Dimboola,Hindmarsh,-36.449309,142.049829,,,Confirm this facility accepts your appliance before visiting. Open data may be incomplete or out of date.
recycling,Dingee Transfer Station,Resource Recovery Centre — Transfer station,Lawry's Road,Dingee,Loddon,-36.35637778,144.242891,,,Confirm this facility accepts your appliance before visiting. Open data may be incomplete or out of date.
recycling,The DocShop,Resource Recovery Centre — Transfer station,6/16 Rocla Road,Traralgon,Latrobe,-38.181396,146.56528,,,Confirm this facility accepts your appliance before visiting. Open data may be incomplete or out of date.
recycling,Donald Landfill,Landfill — Landfill unlicensed,2006 Depot Road,Donald,Buloke,-36.37992778,142.9223667,,,Confirm this facility accepts your appliance before visiting. Open data may be incomplete or out of date.
recycling,Drouin Waste Recyclers (Transfer station),Resource Recovery Centre — Transfer station,81 Weerong Road,Drouin,Baw Baw,-38.122448,145.83346,,,Confirm this facility accepts your appliance before visiting. Open data may be incomplete or out of date.
recycling,Dunkeld Resource Recovery Centre,Resource Recovery Centre — Transfer station,7 Bellicourt Road,Dunkeld,Southern Grampians,-37.6584,142.34886,,,Confirm this facility accepts your appliance before visiting. Open data may be incomplete or out of date.
recycling,Dunolly Transfer Station,Resource Recovery Centre — Transfer station,1656 Maryborough Dunolly Road,Dunolly,Central Goldfields,-36.87952,143.75321,,,Confirm this facility accepts your appliance before visiting. Open data may be incomplete or out of date.
recycling,Eastern Recycling & Waste Transfer Station,Resource Recovery Centre — Transfer station,22 Palmerstown Road West,Ringwood,Maroondah,-37.8252,145.217,,,Confirm this facility accepts your appliance before visiting. Open data may be incomplete or out of date.
recycling,Eco1 Waste Recycle Centre,Resource Recovery Centre — Transfer station,75 Maygar Boulevard,Broadmeadows,Hume,-37.683194,144.938942,,,Confirm this facility accepts your appliance before visiting. Open data may be incomplete or out of date.
recycling,Edenhope Transfer Station,Resource Recovery Centre — Transfer station,70 Moss Street,Edenhope,West Wimmera,-37.037428,141.282225,,,Confirm this facility accepts your appliance before visiting. Open data may be incomplete or out of date.
recycling,Eildon Resource Recovery Centre,Resource Recovery Centre — Transfer station,100 Jerusalem Creek Road,Eildon,Murrindindi,-37.23550226,145.9309443,,,Confirm this facility accepts your appliance before visiting. Open data may be incomplete or out of date.
recycling,Eldorado Transfer Station,Resource Recovery Centre — Transfer station,3 Woolshed Road,Eldorado,Wangaratta,-36.31815556,146.5299361,,,Confirm this facility accepts your appliance before visiting. Open data may be incomplete or out of date.
recycling,Elmhurst Resource Recovery Centre,Resource Recovery Centre — Transfer station,Mckay Street,Elmhurst,Ararat,-37.189547,143.252574,,,Confirm this facility accepts your appliance before visiting. Open data may be incomplete or out of date.
recycling,Erica Transfer Station,Resource Recovery Centre — Transfer station,Mathiesons Road,Erica,Baw Baw,-37.981676,146.371649,,,Confirm this facility accepts your appliance before visiting. Open data may be incomplete or out of date.
recycling,Euroa Resource Recovery Centre,Resource Recovery Centre — Transfer station,46 Euroa Tip Road,Euroa,Strathbogie,-36.76125777,145.5510687,,,Confirm this facility accepts your appliance before visiting. Open data may be incomplete or out of date.
recycling,Falls Creek Village Transfer Station 1,Resource Recovery Centre — Transfer station,2 Treatment Plant Road,Falls Creek,Falls Creek Alpine Resort,-36.86198647,147.2797715,,,Confirm this facility accepts your appliance before visiting. Open data may be incomplete or out of date.
recycling,Falls Creek Village Transfer Station 2,Resource Recovery Centre — Transfer station,Bogong High Plains Road,Falls Creek,Alpine,-36.80434609,147.2275075,,,Confirm this facility accepts your appliance before visiting. Open data may be incomplete or out of date.
recycling,Foster Transfer Station,Resource Recovery Centre — Transfer station,South Gippsland Hwy,Foster,South Gippsland,-38.649272,146.210413,,,Confirm this facility accepts your appliance before visiting. Open data may be incomplete or out of date.
recycling,Frankston Regional Recycling and Recovery Centre,Resource Recovery Centre — Transfer station,20 Harold Road,Skye,Frankston,-38.124124,145.218326,,,Confirm this facility accepts your appliance before visiting. Open data may be incomplete or out of date.
recycling,Future Recycling Transfer Station,Resource Recovery Centre — Transfer station,30-32 Exchange drive,Pakenham,Cardinia,-38.096939,145.493219,,,Confirm this facility accepts your appliance before visiting. Open data may be incomplete or out of date.
recycling,Glenthompson Resource Recovery Centre,Resource Recovery Centre — Transfer station,Corner of Glenthompson Stock Route and Boundary Road,Glenthompson,Southern Grampians,-37.62327571,142.5520377,,,Confirm this facility accepts your appliance before visiting. Open data may be incomplete or out of date.
recycling,Goornong Transfer Station,Resource Recovery Centre — Transfer station,55-59 Englishs Rd,Goornong,Greater Bendigo,-36.616425,144.518528,,,Confirm this facility accepts your appliance before visiting. Open data may be incomplete or out of date.
recycling,Goroke Transfer Station,Resource Recovery Centre — Transfer station,Kiely Street,Goroke,West Wimmera,-36.69783556,141.4781183,,,Confirm this facility accepts your appliance before visiting. Open data may be incomplete or out of date.
recycling,Graytown Resource Recovery Centre,Resource Recovery Centre — Transfer station,1487 South Costerfield - Graytown Road,Graytown,Strathbogie,-36.83677635,144.9313752,,,Confirm this facility accepts your appliance before visiting. Open data may be incomplete or out of date.
recycling,Gunbower Resource Recovery Centre,Resource Recovery Centre — Transfer station,4134 Murray Valley Highway,Gunbower,Campaspe,-35.96260982,144.376861,,,Confirm this facility accepts your appliance before visiting. Open data may be incomplete or out of date.
recycling,Halls Gap Transfer Station,Resource Recovery Centre — Transfer station,4300 Ararat-Halls Gap Road,Halls Gap,Northern Grampians,-37.11163056,142.5824194,,,Confirm this facility accepts your appliance before visiting. Open data may be incomplete or out of date.
recycling,Hampton Park Resource Recovery Park - Outlook Environmental Public Drop-off Transfer Station,Resource Recovery Centre — Transfer station,274 Hallam Road,Hampton Park,Casey,-38.05338,145.267151,,,Confirm this facility accepts your appliance before visiting. Open data may be incomplete or out of date.
recycling,Harrow Transfer Station,Resource Recovery Centre — Transfer station,Off Nhill-Harrow Road,Harrow,West Wimmera,-37.13546784,141.5942841,,,Confirm this facility accepts your appliance before visiting. Open data may be incomplete or out of date.
recycling,Hawkesdale Waste Facility,Resource Recovery Centre — Transfer station,116 Baird Street,Hawkesdale,Moyne,-38.102108,142.328169,,,Confirm this facility accepts your appliance before visiting. Open data may be incomplete or out of date.
recycling,Heathcote Transfer Station,Resource Recovery Centre — Transfer station,61 Golden Gully Road,Heathcote,Greater Bendigo,-36.935361,144.696822,,,Confirm this facility accepts your appliance before visiting. Open data may be incomplete or out of date.
recycling,Heyfield Transfer Station,Resource Recovery Centre — Transfer station,Rifle Range Road,Heyfield,Wellington,-37.974343,146.763321,,,Confirm this facility accepts your appliance before visiting. Open data may be incomplete or out of date.
recycling,Heywood Transfer Station,Resource Recovery Centre — Transfer station,400-376 Catons Flat Road,Heywood,Glenelg,-38.13803611,141.5970611,,,Confirm this facility accepts your appliance before visiting. Open data may be incomplete or out of date.
recycling,Hopetoun Transfer Station,Resource Recovery Centre — Transfer station,8 Tip Road,Hopetoun,Yarriambiack,-35.736704,142.346648,,,Confirm this facility accepts your appliance before visiting. Open data may be incomplete or out of date.
recycling,Horsham Transfer Station & Resource Recovery Centre,Resource Recovery Centre — Transfer station,93 Kenny Road,Haven,Horsham,-36.741672,142.185811,,,Confirm this facility accepts your appliance before visiting. Open data may be incomplete or out of date.
recycling,Inglewood Transfer Station,Resource Recovery Centre — Transfer station,Inglewood-Salisbury Road,Inglewood,Loddon,-36.564603,143.879189,,,Confirm this facility accepts your appliance before visiting. Open data may be incomplete or out of date.
recycling,Inverloch Transfer Station,Resource Recovery Centre — Transfer station,Old Ford Road,Inverloch,Bass Coast,-38.626627,145.743454,,,Confirm this facility accepts your appliance before visiting. Open data may be incomplete or out of date.
recycling,Jarrad's Road Resource Recovery Centre,Resource Recovery Centre — Transfer station,Jarrads Road,Merino,Glenelg,-37.74241667,141.5227222,,,Confirm this facility accepts your appliance before visiting. Open data may be incomplete or out of date.
recycling,Jeparit Transfer Station,Resource Recovery Centre — Transfer station,Jeparit East Road,Jeparit,Hindmarsh,-36.134532,141.994778,,,Confirm this facility accepts your appliance before visiting. Open data may be incomplete or out of date.
recycling,Kaniva Transfer Station,Resource Recovery Centre — Transfer station,South Lillimur Road,Kaniva,West Wimmera,-36.3848,141.2255,,,Confirm this facility accepts your appliance before visiting. Open data may be incomplete or out of date.
recycling,Kerang Transfer Station,Resource Recovery Centre — Transfer station,Kerang-Murrabit Road,Kerang,Gannawarra,-35.719978,143.925742,,,Confirm this facility accepts your appliance before visiting. Open data may be incomplete or out of date.
recycling,Killarney Resource Recovery Centre,Resource Recovery Centre — Transfer station,300-400 Badhams Road,Crossley,Moyne,-38.31799652,142.2989197,,,Confirm this facility accepts your appliance before visiting. Open data may be incomplete or out of date.
recycling,Kinglake Resource Recovery Centre,Resource Recovery Centre — Transfer station,205 Watsons Road,Kinglake West,Murrindindi,-37.46069411,145.2751427,,,Confirm this facility accepts your appliance before visiting. Open data may be incomplete or out of date.
recycling,Kingston Waste Transfer Station,Resource Recovery Centre — Transfer station,24-30 Fonceca Street,Mordialloc,Kingston,-37.990172,145.10446,,,Confirm this facility accepts your appliance before visiting. Open data may be incomplete or out of date.
recycling,Knox Transfer Station,Resource Recovery Centre — Transfer station,251 George Street,Wantirna South,Knox,-37.8831,145.213,,,Confirm this facility accepts your appliance before visiting. Open data may be incomplete or out of date.
recycling,Korumburra Transfer Station,Resource Recovery Centre — Transfer station,Silkstone Road,Korumburra,South Gippsland,-38.446692,145.835205,,,Confirm this facility accepts your appliance before visiting. Open data may be incomplete or out of date.
recycling,Kwik Tip Bins,Resource Recovery Centre — Transfer station,1 Wellington Park Way,Sale,Wellington,-38.099358,147.096193,,,Confirm this facility accepts your appliance before visiting. Open data may be incomplete or out of date.
recycling,Kyabram - Mt Scobie Resource Recovery Centre,Resource Recovery Centre — Transfer station,479 Everard Road,Kyabram,Campaspe,-36.31263,144.9805,,,Confirm this facility accepts your appliance before visiting. Open data may be incomplete or out of date.
recycling,Kyneton Transfer Station,Resource Recovery Centre — Transfer station,140 Redesdale Road,Kyneton,Macedon Ranges,-37.225008,144.457706,,,Confirm this facility accepts your appliance before visiting. Open data may be incomplete or out of date.
recycling,Lake Bolac Resource Recovery Centre,Resource Recovery Centre — Transfer station,230 Graham Road,Lake Bolac,Ararat,-37.702585,142.828006,,,Confirm this facility accepts your appliance before visiting. Open data may be incomplete or out of date.
recycling,Lalbert Transfer Station,Resource Recovery Centre — Transfer station,Wood Avenue,Lalbert,Gannawarra,-35.67091,143.363274,,,Confirm this facility accepts your appliance before visiting. Open data may be incomplete or out of date.
recycling,Landsborough Transfer Station,Resource Recovery Centre — Transfer station,2161 Ararat-St Arnaud Road,Landsborough,Pyrenees,-37.015309,143.134839,,,Confirm this facility accepts your appliance before visiting. Open data may be incomplete or out of date.
recycling,Lardner Transfer Station,Resource Recovery Centre — Transfer station,Simpson Road North,Lardner,Baw Baw,-38.222795,145.864151,,,Confirm this facility accepts your appliance before visiting. Open data may be incomplete or out of date.
recycling,Latrobe Valley Enterprises,Resource Recovery Centre — Transfer station,547 Princes Drive,Morwell,Latrobe,-38.231432,146.440407,,,Confirm this facility accepts your appliance before visiting. Open data may be incomplete or out of date.
recycling,Lindenow South Transfer Station,Resource Recovery Centre — Transfer station,90 Snobbs Road,Walpa,East Gippsland,-37.81463611,147.4224194,,,Confirm this facility accepts your appliance before visiting. Open data may be incomplete or out of date.
recycling,Loch Sport Transfer Station,Resource Recovery Centre — Transfer station,22 Progress Road,Loch Sport,Wellington,-38.064742,147.552742,,,Confirm this facility accepts your appliance before visiting. Open data may be incomplete or out of date.
recycling,Lockington Resource Recovery Centre,Resource Recovery Centre — Transfer station,1671 O’Donnell Road (corner Keane Road),Lockington,Campaspe,-36.33457059,144.5067254,,,Confirm this facility accepts your appliance before visiting. Open data may be incomplete or out of date.
recycling,Longwood Resource Recovery Centre,Resource Recovery Centre — Transfer station,85 Maxfield Street,Longwood,Strathbogie,-36.80210966,145.4174325,,,Confirm this facility accepts your appliance before visiting. Open data may be incomplete or out of date.
recycling,Lorne Transfer Station,Resource Recovery Centre — Transfer station,370 Erskine Falls Road,Lorne,Surf Coast,-38.5293,143.947,,,Confirm this facility accepts your appliance before visiting. Open data may be incomplete or out of date.
recycling,Cleanaway Lysterfield Resource Recovery Centre,Resource Recovery Centre — Transfer station,840 Wellington Road,Lysterfield,Yarra Ranges,-37.942062,145.319472,,,Confirm this facility accepts your appliance before visiting. Open data may be incomplete or out of date.
recycling,Macarthur Waste Facility,Resource Recovery Centre — Transfer station,Myamym - Macarthur Road,Macarthur,Moyne,-38.012605,141.975249,,,Confirm this facility accepts your appliance before visiting. Open data may be incomplete or out of date.
recycling,Maldon Transfer Station,Resource Recovery Centre — Transfer station,Morris Street,Maldon,Mount Alexander,-36.993654,144.079715,,,Confirm this facility accepts your appliance before visiting. Open data may be incomplete or out of date.
recycling,Mallacoota Transfer Station,Resource Recovery Centre — Transfer station,Betka Road,Mallacoota,East Gippsland,-37.573121,149.746047,,,Confirm this facility accepts your appliance before visiting. Open data may be incomplete or out of date.
recycling,Manangatang Transfer Station,Resource Recovery Centre — Transfer station,126 Moondah Road,Manangatang,Swan Hill,-35.04599,142.8965,,,Confirm this facility accepts your appliance before visiting. Open data may be incomplete or out of date.
recycling,Mansfield Resource Recovery Centre,Resource Recovery Centre — Transfer station,163 Monkey Gully Road,Mansfield,Mansfield,-37.09305,146.0906,,,Confirm this facility accepts your appliance before visiting. Open data may be incomplete or out of date.
recycling,Markwood Transfer Station,Resource Recovery Centre — Transfer station,145 Forest Lane,Markwood,Wangaratta,-36.46787778,146.4762167,,,Confirm this facility accepts your appliance before visiting. Open data may be incomplete or out of date.
recycling,Marlo Transfer Station,Resource Recovery Centre — Transfer station,99 Curlip Drive,Marlo,East Gippsland,-37.79165,148.549683,,,Confirm this facility accepts your appliance before visiting. Open data may be incomplete or out of date.
recycling,Marysville Resource Recovery Centre,Resource Recovery Centre — Transfer station,2 Sunds Mill Court,Marysville,Murrindindi,-37.50626835,145.7391304,,,Confirm this facility accepts your appliance before visiting. Open data may be incomplete or out of date.
recycling,Melton Recycling Facility,Resource Recovery Centre — Transfer station,33 Ferris Road,Cobblebank,Melton,-37.702888,144.610114,,,Confirm this facility accepts your appliance before visiting. Open data may be incomplete or out of date.
recycling,Metung Transfer Station,Resource Recovery Centre — Transfer station,130 Rosherville Road,Metung,East Gippsland,-37.852133,147.861536,,,Confirm this facility accepts your appliance before visiting. Open data may be incomplete or out of date.
recycling,Minyip Transfer Station,Resource Recovery Centre — Transfer station,332 Minyip-Rich Avon Road,Minyip,Yarriambiack,-36.4671417,142.6327274,,,Confirm this facility accepts your appliance before visiting. Open data may be incomplete or out of date.
recycling,Mirboo North Transfer Station,Resource Recovery Centre — Transfer station,15 Railway Road,Mirboo North,South Gippsland,-38.401094,146.172041,,,Confirm this facility accepts your appliance before visiting. Open data may be incomplete or out of date.
recycling,Moe Transfer Station,Resource Recovery Centre — Transfer station,280 Haunted Hills,Newborough,Latrobe,-38.196646,146.29783,,,Confirm this facility accepts your appliance before visiting. Open data may be incomplete or out of date.
recycling,Monash Waste Transfer & Recycling Station,Resource Recovery Centre — Transfer station,380 Ferntree Gully Road,Notting Hill,Monash,-37.90153,145.140496,,,Confirm this facility accepts your appliance before visiting. Open data may be incomplete or out of date.
recycling,Montrose Transfer Station,Resource Recovery Centre — Transfer station,69-71 Canterbury Road,Montrose,Yarra Ranges,-37.81542,145.326299,,,Confirm this facility accepts your appliance before visiting. Open data may be incomplete or out of date.
recycling,Moonee Valley Transfer Station,Resource Recovery Centre — Transfer station,188 Holmes Road,Aberfeldie,Moonee Valley,-37.764239,144.902919,,,Confirm this facility accepts your appliance before visiting. Open data may be incomplete or out of date.
recycling,Mornington Outlook Recovery Centre,Resource Recovery Centre — Transfer station,337 Racecourse Road,Mornington,Mornington Peninsula,-38.236325,145.0658944,,,Confirm this facility accepts your appliance before visiting. Open data may be incomplete or out of date.
recycling,Mornington Resource Recovery  Centre,Resource Recovery Centre — Transfer station,134 Watt Road,Mornington,Mornington Peninsula,-38.234591,145.065457,,,Confirm this facility accepts your appliance before visiting. Open data may be incomplete or out of date.
recycling,Mortlake Resource Recovery Centre,Resource Recovery Centre — Transfer station,Connewarren Lane,Mortlake,Moyne,-38.06898,142.76917,,,Confirm this facility accepts your appliance before visiting. Open data may be incomplete or out of date.
recycling,Morwell Transfer Station,Resource Recovery Centre — Transfer station,73 Porter's Road,Morwell,Latrobe,-38.2559,146.4257,,,Confirm this facility accepts your appliance before visiting. Open data may be incomplete or out of date.
recycling,Mount Beauty Transfer Station and Recycling Centre,Resource Recovery Centre — Transfer station,21 Maddisons Lane,Mount Beauty,Alpine,-36.7293,147.174674,,,Confirm this facility accepts your appliance before visiting. Open data may be incomplete or out of date.
recycling,Boggy Corner Waste Transfer Station (Transfer Station),Resource Recovery Centre — Transfer station,Boggy Corner,Mount Buller,Mount Buller Alpine Resort,-37.13482714,146.4520439,,,Confirm this facility accepts your appliance before visiting. Open data may be incomplete or out of date.
recycling,Mount Zero Transfer Station,Resource Recovery Centre — Transfer station,Wonwondah-Dadswells Bridge Road,Laharum,Horsham,-36.871306,142.355129,,,Confirm this facility accepts your appliance before visiting. Open data may be incomplete or out of date.
recycling,Moyhu Transfer Station,Resource Recovery Centre — Transfer station,569 Boggy Creek Road,Moyhu,Wangaratta,-36.63578703,146.3520599,,,Confirm this facility accepts your appliance before visiting. Open data may be incomplete or out of date.
recycling,Moyston Resource Recovery Centre,Resource Recovery Centre — Transfer station,Rubbish Tip Road,Moyston,Ararat,-37.29171,142.7344,,,Confirm this facility accepts your appliance before visiting. Open data may be incomplete or out of date.
recycling,Mount Egerton Transfer Station,Resource Recovery Centre — Transfer station,Corner Ballan-Egerton Road & Yendon-Egerton Road,Mount Egerton,Moorabool,-37.633779,144.107514,,,Confirm this facility accepts your appliance before visiting. Open data may be incomplete or out of date.
recycling,Mt Hotham Resource Recovery Centre,Resource Recovery Centre — Transfer station,4 Workshop Access,Hotham,Mt Hotham,-37.097257,147.422711,,,Confirm this facility accepts your appliance before visiting. Open data may be incomplete or out of date.
recycling,Murchison Resource Recovery Centre,Resource Recovery Centre — Transfer station,15 Cassidy Road,Murchison,Greater Shepparton,-36.62383978,145.1917805,,,Confirm this facility accepts your appliance before visiting. Open data may be incomplete or out of date.
recycling,Murrayville Transfer Station,Resource Recovery Centre — Transfer station,Recreation Road,Murrayville,Mildura,-35.257509,141.178252,,,Confirm this facility accepts your appliance before visiting. Open data may be incomplete or out of date.
recycling,Murtoa Transfer Station & Resource Recovery Centre,Resource Recovery Centre — Transfer station,1281 Wimmera Highway,Murtoa,Yarriambiack,-36.62198333,142.4967,,,Confirm this facility accepts your appliance before visiting. Open data may be incomplete or out of date.
recycling,Myrtleford Transfer Station,Resource Recovery Centre — Transfer station,6 Morrisons Lane,Myrtleford,Alpine,-36.54316,146.762195,,,Confirm this facility accepts your appliance before visiting. Open data may be incomplete or out of date.
recycling,Nagambie Resource Recovery Centre,Resource Recovery Centre — Transfer station,854 McDonalds Road,Nagambie,Strathbogie,-36.79472644,145.1950465,,,Confirm this facility accepts your appliance before visiting. Open data may be incomplete or out of date.
recycling,Nangiloc Transfer Station,Resource Recovery Centre — Transfer station,Castle Crossing Road,Nangiloc,Mildura,-34.49881,142.358744,,,Confirm this facility accepts your appliance before visiting. Open data may be incomplete or out of date.
recycling,Nathalia Resource Recovery Centre,Resource Recovery Centre — Transfer station,26 Balls Road,Nathalia,Moira,-36.08152892,145.1861061,,,Confirm this facility accepts your appliance before visiting. Open data may be incomplete or out of date.
recycling,Neerim South Transfer Station,Resource Recovery Centre — Transfer station,Neerim East Road,Neerim South,Baw Baw,-38.00929,145.96819,,,Confirm this facility accepts your appliance before visiting. Open data may be incomplete or out of date.
recycling,Nelson Resource Recovery Centre,Resource Recovery Centre — Transfer station,162 North Nelson Road,Nelson,Glenelg,-38.03253,141.00985,,,Confirm this facility accepts your appliance before visiting. Open data may be incomplete or out of date.
recycling,Newbridge Landfill,Landfill — Landfill unlicensed,Ryan Street,Newbridge,Loddon,-36.743602,143.890383,,,Confirm this facility accepts your appliance before visiting. Open data may be incomplete or out of date.
recycling,Nhill Transfer Station,Resource Recovery Centre — Transfer station,Nhill-Netherby Road,Nhill,Hindmarsh,-36.31796,141.6637,,,Confirm this facility accepts your appliance before visiting. Open data may be incomplete or out of date.
recycling,Nillumbik Recycling Centre,Resource Recovery Centre — Transfer station,290 Yan Yean Road,Plenty,Nillumbik,-37.654946,145.126088,,,Confirm this facility accepts your appliance before visiting. Open data may be incomplete or out of date.
recycling,North Geelong Resource Recovery Centre and Transfer Station,Resource Recovery Centre — Transfer station,100 Duoro Street,North Geelong,Greater Geelong,-38.115341,144.349435,,,Confirm this facility accepts your appliance before visiting. Open data may be incomplete or out of date.
recycling,Numurkah Transfer Station,Resource Recovery Centre — Transfer station,367 Naring Road,Numurkah,Moira,-36.0679597,145.4915539,,,Confirm this facility accepts your appliance before visiting. Open data may be incomplete or out of date.
recycling,Omeo Transfer Station,Resource Recovery Centre — Transfer station,18 Margetts Street,Omeo,East Gippsland,-37.099722,147.604601,,,Confirm this facility accepts your appliance before visiting. Open data may be incomplete or out of date.
recycling,Orbost Transfer Station,Resource Recovery Centre — Transfer station,351 Bonang Road,Orbost,East Gippsland,-37.672272,148.472983,,,Confirm this facility accepts your appliance before visiting. Open data may be incomplete or out of date.
recycling,Ouyen Landfill,Landfill — Landfill unlicensed,Dunkley Road,Ouyen,Mildura,-35.094,142.327337,,,Confirm this facility accepts your appliance before visiting. Open data may be incomplete or out of date.
recycling,Patchewollock Transfer Station,Resource Recovery Centre — Transfer station,38 Patchewollock Tip Road,Patchewollock,Yarriambiack,-35.371129,142.20475,,,Confirm this facility accepts your appliance before visiting. Open data may be incomplete or out of date.
recycling,Penshurst Transfer Station,Resource Recovery Centre — Transfer station,5408 Hamilton Highway,Penshurst,Southern Grampians,-37.86403588,142.320813,,,Confirm this facility accepts your appliance before visiting. Open data may be incomplete or out of date.
recycling,Peterborough Resource Recovery Centre,Resource Recovery Centre — Transfer station,MacGillivray Road,Peterborough,Moyne,-38.59386,142.86812,,,Confirm this facility accepts your appliance before visiting. Open data may be incomplete or out of date.
recycling,Piangil Transfer Station,Resource Recovery Centre — Transfer station,246 Hayward Road,Piangil,Swan Hill,-35.075739,143.310848,,,Confirm this facility accepts your appliance before visiting. Open data may be incomplete or out of date.
recycling,Pomonal Resource Recovery Centre,Resource Recovery Centre — Transfer station,Pomonal East Road,Pomonal,Ararat,-37.195185,142.637199,,,Confirm this facility accepts your appliance before visiting. Open data may be incomplete or out of date.
recycling,Porepunkah Transfer Station and Recycling Centre,Resource Recovery Centre — Transfer station,Tip Road,Porepunkah,Alpine,-36.69481,146.958276,,,Confirm this facility accepts your appliance before visiting. Open data may be incomplete or out of date.
recycling,Port Campbell Transfer Station,Resource Recovery Centre — Transfer station,57 McRae Street,Port Campbell,Corangamite,-38.61951,143.00524,,,Confirm this facility accepts your appliance before visiting. Open data may be incomplete or out of date.
recycling,Port Phillip Resource Recovery Centre,Resource Recovery Centre — Transfer station,78 White Street,South Melbourne,Port Phillip,-37.828091,144.943376,,,Confirm this facility accepts your appliance before visiting. Open data may be incomplete or out of date.
recycling,Portland Landfill and Transfer Station,Resource Recovery Centre — Transfer station,210 Cape Nelson Road,Portland,Glenelg,-38.36992,141.60281,,,Confirm this facility accepts your appliance before visiting. Open data may be incomplete or out of date.
recycling,Pyalong Resource Recovery Centre,Resource Recovery Centre — Transfer station,Ladderhill Road,Pyalong,Mitchell,-37.1154272,144.8661004,,,Confirm this facility accepts your appliance before visiting. Open data may be incomplete or out of date.
recycling,Pyramid Hill Landfill,Landfill — Landfill unlicensed,Ballast Road,Pyramid Hill,Loddon,-36.064349,144.139112,,,Confirm this facility accepts your appliance before visiting. Open data may be incomplete or out of date.
recycling,Quambatook Transfer Station,Resource Recovery Centre — Transfer station,Meering Road,Quambatook,Gannawarra,-35.852129,143.500307,,,Confirm this facility accepts your appliance before visiting. Open data may be incomplete or out of date.
recycling,Quantong Transfer Station,Resource Recovery Centre — Transfer station,497 Lanes Avenue,Quantong,Horsham,-36.756413,142.04402,,,Confirm this facility accepts your appliance before visiting. Open data may be incomplete or out of date.
recycling,Rainbow Transfer Station,Resource Recovery Centre — Transfer station,240 Kruger Rd,Rainbow,Hindmarsh,-35.90835186,141.9708598,,,Confirm this facility accepts your appliance before visiting. Open data may be incomplete or out of date.
recycling,Robinvale Landfill,Landfill — Landfill unlicensed,899 Robinvale – Sealake Road,Bannerton,Swan Hill,-34.680733,142.778585,,,Confirm this facility accepts your appliance before visiting. Open data may be incomplete or out of date.
recycling,Rochester Resource Recovery Centre,Resource Recovery Centre — Transfer station,139 High Street,Rochester,Campaspe,-36.35106085,144.7103156,,,Confirm this facility accepts your appliance before visiting. Open data may be incomplete or out of date.
recycling,Rokewood Transfer Station,Resource Recovery Centre — Transfer station,141 Meadows Road,Rokewood,Golden Plains,-37.912242,143.714996,,,Confirm this facility accepts your appliance before visiting. Open data may be incomplete or out of date.
recycling,Romsey Transfer Station,Resource Recovery Centre — Transfer station,21 Johnston Court,Romsey,Macedon Ranges,-37.361233,144.768183,,,Confirm this facility accepts your appliance before visiting. Open data may be incomplete or out of date.
recycling,Ruffy Resource Recovery Centre,Resource Recovery Centre — Transfer station,2 Red Gate Lane,Ruffy,Strathbogie,-36.939551,145.476751,,,Confirm this facility accepts your appliance before visiting. Open data may be incomplete or out of date.
recycling,Rupanyup Transfer Station,Resource Recovery Centre — Transfer station,32 Boyds Rd,Rupanyup,Yarriambiack,-36.61576037,142.634276,,,Confirm this facility accepts your appliance before visiting. Open data may be incomplete or out of date.
recycling,Rushworth Resource Recovery Centre,Resource Recovery Centre — Transfer station,186 Nine Mile Road,Rushworth,Campaspe,-36.60120071,145.0007154,,,Confirm this facility accepts your appliance before visiting. Open data may be incomplete or out of date.
recycling,Rutherglen Transfer Station,Resource Recovery Centre — Transfer station,53 Cornishtown Road,Rutherglen,Indigo,-36.073422,146.489422,,,Confirm this facility accepts your appliance before visiting. Open data may be incomplete or out of date.
recycling,Sea Lake Transfer Station,Resource Recovery Centre — Transfer station,Robinvale-Sea Lake Road,Sea Lake,Buloke,-35.459765,142.854835,,,Confirm this facility accepts your appliance before visiting. Open data may be incomplete or out of date.
recycling,Seaspray Transfer Station,Resource Recovery Centre — Transfer station,34 Tip Road,Seaspray,Wellington,-38.366509,147.192214,,,Confirm this facility accepts your appliance before visiting. Open data may be incomplete or out of date.
recycling,Shepparton Resource Recovery Centre,Resource Recovery Centre — Transfer station,125 Wanganui Road,Shepparton,Greater Shepparton,-36.34766163,145.3880051,,,Confirm this facility accepts your appliance before visiting. Open data may be incomplete or out of date.
recycling,Simpson Transfer Station,Resource Recovery Centre — Transfer station,150 Princetown Road,Simpson,Corangamite,-38.50095,143.20871,,,Confirm this facility accepts your appliance before visiting. Open data may be incomplete or out of date.
recycling,Skipton Transfer Station,Resource Recovery Centre — Transfer station,98 Beaufort Road,Skipton,Corangamite,-37.67502338,143.3619132,,,Confirm this facility accepts your appliance before visiting. Open data may be incomplete or out of date.
recycling,Snake Valley Transfer Station,Resource Recovery Centre — Transfer station,298 Snake Valley-Morchup Road,Snake Valley,Pyrenees,-37.623074,143.575262,,,Confirm this facility accepts your appliance before visiting. Open data may be incomplete or out of date.
recycling,Tempy Landfill and Resource Recovery Centre,Resource Recovery Centre — Transfer station,3270 Sunraysia Highway,Tempy,Yarriambiack,-35.359321,142.428256,,,Confirm this facility accepts your appliance before visiting. Open data may be incomplete or out of date.
recycling,St Arnaud Transfer Station,Resource Recovery Centre — Transfer station,329 Old Wedderburn Road,St Arnaud,Northern Grampians,-36.590533,143.327382,,,Confirm this facility accepts your appliance before visiting. Open data may be incomplete or out of date.
recycling,St James Transfer Station,Resource Recovery Centre — Transfer station,75 Kelly Road,St James,Moira,-36.27822,145.877536,,,Confirm this facility accepts your appliance before visiting. Open data may be incomplete or out of date.
recycling,Stawell Transfer Station,Resource Recovery Centre — Transfer station,36 Lavett Road,Stawell,Northern Grampians,-37.072681,142.810042,,,Confirm this facility accepts your appliance before visiting. Open data may be incomplete or out of date.
recycling,Stonnington Waste Transfer Station,Resource Recovery Centre — Transfer station,43 Weir Street,Glen Iris,Stonnington,-37.848769,145.043011,,,Confirm this facility accepts your appliance before visiting. Open data may be incomplete or out of date.
recycling,Stratford Transfer Station,Resource Recovery Centre — Transfer station,93 Wyndham Street,Stratford,Wellington,-37.95760827,147.0932087,,,Confirm this facility accepts your appliance before visiting. Open data may be incomplete or out of date.
recycling,Strathfieldsaye Transfer Station,Resource Recovery Centre — Transfer station,998 Wellington Street,Strathfieldsaye,Greater Bendigo,-36.80961,144.359261,,,Confirm this facility accepts your appliance before visiting. Open data may be incomplete or out of date.
recycling,Strathmerton Transfer Station,Resource Recovery Centre — Transfer station,4772 Murray Valley Highway,Strathmerton,Moira,-35.92472583,145.5226664,,,Confirm this facility accepts your appliance before visiting. Open data may be incomplete or out of date.
recycling,Swan Hill Big Green Shed,Resource Recovery Centre — Transfer station,6859 Swan Hill-Sea Lake Road,Swan Hill,Swan Hill,-35.346242,143.511842,,,Confirm this facility accepts your appliance before visiting. Open data may be incomplete or out of date.
recycling,Swifts Creek Transfer Station,Resource Recovery Centre — Transfer station,237 Cassilis Road,Swifts Creek,East Gippsland,-37.268307,147.698429,,,Confirm this facility accepts your appliance before visiting. Open data may be incomplete or out of date.
recycling,Talbot Transfer Station,Resource Recovery Centre — Transfer station,41 Rocky Flat Road,Talbot,Central Goldfields,-37.16561389,143.713575,,,Confirm this facility accepts your appliance before visiting. Open data may be incomplete or out of date.
recycling,Tallangatta Resource Recovery Centre,Resource Recovery Centre — Transfer station,767 Hardys Road,Tallangatta,Towong,-36.205275,147.337534,,,Confirm this facility accepts your appliance before visiting. Open data may be incomplete or out of date.
recycling,Timboon Transfer Station,Resource Recovery Centre — Transfer station,5 Timboon-Curdies River Road,Timboon,Corangamite,-38.495064,142.98113,,,Confirm this facility accepts your appliance before visiting. Open data may be incomplete or out of date.
recycling,Toolleen Resource Recovery Centre,Resource Recovery Centre — Transfer station,22 Cornella Toolleen Road,Toolleen,Campaspe,-36.72174175,144.6852873,,,Confirm this facility accepts your appliance before visiting. Open data may be incomplete or out of date.
recycling,Toolondo Transfer Station,Resource Recovery Centre — Transfer station,Telangatuk East Rocklands Road,Toolondo,Horsham,-36.993956,141.933478,,,Confirm this facility accepts your appliance before visiting. Open data may be incomplete or out of date.
recycling,Trafalgar Transfer Station,Resource Recovery Centre — Transfer station,200 Giles Road,Trafalgar South,Baw Baw,-38.22151389,146.14795,,,Confirm this facility accepts your appliance before visiting. Open data may be incomplete or out of date.
recycling,Traralgon Transfer Station,Resource Recovery Centre — Transfer station,1 Liddiard Road,Traralgon,Latrobe,-38.21376,146.55033,,,Confirm this facility accepts your appliance before visiting. Open data may be incomplete or out of date.
recycling,Trentham Transfer Station,Resource Recovery Centre — Transfer station,Cosmo Road (145 Blackwood Road),Trentham,Hepburn,-37.414729,143.886057,,,Confirm this facility accepts your appliance before visiting. Open data may be incomplete or out of date.
recycling,Tyabb Resource Recovery Centre,Resource Recovery Centre — Transfer station,21 Mckirdys Road,Tyabb,Mornington Peninsula,-38.25993265,145.2196584,,,Confirm this facility accepts your appliance before visiting. Open data may be incomplete or out of date.
recycling,Ultima Transfer Station (Transfer Station),Resource Recovery Centre — Transfer station,4330 Sea Lake Road,Ultima,Swan Hill,-35.454618,143.280649,,,Confirm this facility accepts your appliance before visiting. Open data may be incomplete or out of date.
recycling,Underbool Transfer Station,Resource Recovery Centre — Transfer station,Cemetery Road,Underbool,Mildura,-35.178426,141.807047,,,Confirm this facility accepts your appliance before visiting. Open data may be incomplete or out of date.
recycling,Venus Bay Transfer Station,Resource Recovery Centre — Transfer station,Corner Canterbury Road and No 3 Beach Road,Venus Bay,South Gippsland,-38.6963,145.8099722,,,Confirm this facility accepts your appliance before visiting. Open data may be incomplete or out of date.
recycling,Violet Town Resource Recovery Centre,Resource Recovery Centre — Transfer station,190 McDiarmids Road,Violet Town,Strathbogie,-36.6483265,145.7005204,,,Confirm this facility accepts your appliance before visiting. Open data may be incomplete or out of date.
recycling,Wairewa Transfer Station,Resource Recovery Centre — Transfer station,Carl Smith Road,Wairewa,East Gippsland,-37.6904,148.1904,,,Confirm this facility accepts your appliance before visiting. Open data may be incomplete or out of date.
recycling,Walkerville Transfer Station,Resource Recovery Centre — Transfer station,Fish Creek Road,Walkerville,South Gippsland,-38.826722,145.997576,,,Confirm this facility accepts your appliance before visiting. Open data may be incomplete or out of date.
recycling,Wallan Resource Recovery Centre,Resource Recovery Centre — Transfer station,4-5 Freeway Drive,Wallan,Mitchell,-37.4170752,145.0011295,,,Confirm this facility accepts your appliance before visiting. Open data may be incomplete or out of date.
recycling,Walpeup Transfer Station,Resource Recovery Centre — Transfer station,Murphy Road,Walpeup,Mildura,-35.142302,142.028651,,,Confirm this facility accepts your appliance before visiting. Open data may be incomplete or out of date.
recycling,Wangaratta Transfer Station,Resource Recovery Centre — Transfer station,45-65 Sandford Road,Wangaratta,Wangaratta,-36.369497,146.289708,,,Confirm this facility accepts your appliance before visiting. Open data may be incomplete or out of date.
recycling,Warracknabeal Transfer Station,Resource Recovery Centre — Transfer station,108 Tip Road,Warracknabeal,Yarriambiack,-36.226349,142.407726,,,Confirm this facility accepts your appliance before visiting. Open data may be incomplete or out of date.
recycling,Wastebusters Recycling,Resource Recovery Centre — Transfer station,44 Golf Course Road,Horsham,Horsham,-36.735571,142.200273,,,Confirm this facility accepts your appliance before visiting. Open data may be incomplete or out of date.
recycling,Watchem Transfer Station,Resource Recovery Centre — Transfer station,40 Morton Street,Watchem,Buloke,-36.155521,142.866426,,,Confirm this facility accepts your appliance before visiting. Open data may be incomplete or out of date.
recycling,Wedderburn Transfer Station,Resource Recovery Centre — Transfer station,Godfrey Street,Wedderburn,Loddon,-36.422706,143.603717,,,Confirm this facility accepts your appliance before visiting. Open data may be incomplete or out of date.
recycling,Werrimull Transfer Station,Resource Recovery Centre — Transfer station,King Street,Werrimull,Mildura,-34.38907,141.59263,,,Confirm this facility accepts your appliance before visiting. Open data may be incomplete or out of date.
recycling,Wesburn Recycling and Waste Transfer Centre,Resource Recovery Centre — Transfer station,689 Old Warburton Road,Wesburn,Yarra Ranges,-37.774807,145.649131,,,Confirm this facility accepts your appliance before visiting. Open data may be incomplete or out of date.
recycling,Western Waste Management,Resource Recovery Centre — Transfer station,11-27 Marriner Street,Colac East,Colac Otway,-38.329549,143.612899,,,Confirm this facility accepts your appliance before visiting. Open data may be incomplete or out of date.
recycling,Westvic Waste & Recycling,Resource Recovery Centre — Transfer station,3 Hammond Place,Warrnambool,Warrnambool,-38.36617,142.45578,,,Confirm this facility accepts your appliance before visiting. Open data may be incomplete or out of date.
recycling,Whitehorse Recycling & Waste Centre,Resource Recovery Centre — Transfer station,Corner Burwood Highway & Morack Road,Vermont South,Whitehorse,-37.861882,145.19567,,,Confirm this facility accepts your appliance before visiting. Open data may be incomplete or out of date.
recycling,Willaura Resource Recovery Centre,Resource Recovery Centre — Transfer station,460 Wickcliffe - Willaura Road,Willaura,Ararat,-37.577953,142.733021,,,Confirm this facility accepts your appliance before visiting. Open data may be incomplete or out of date.
recycling,Winchelsea Resource Recovery Centre,Resource Recovery Centre — Transfer station,55 Cressy Road,Winchelsea,Surf Coast,-38.23927954,143.9745201,,,Confirm this facility accepts your appliance before visiting. Open data may be incomplete or out of date.
recycling,Wodonga Waste Transfer Station,Resource Recovery Centre — Transfer station,29 Kane Road,Wodonga,Wodonga,-36.117,146.9044,,,Confirm this facility accepts your appliance before visiting. Open data may be incomplete or out of date.
recycling,Wollert Landfill (Transfer Station),Resource Recovery Centre — Transfer station,55 Bridge Inn Road,Wollert,Whittlesea,-37.586671,145.046205,,,Confirm this facility accepts your appliance before visiting. Open data may be incomplete or out of date.
recycling,Wonthaggi Transfer Station,Resource Recovery Centre — Transfer station,180 Cameron Street,Wonthaggi,Bass Coast,-38.622315,145.579956,,,Confirm this facility accepts your appliance before visiting. Open data may be incomplete or out of date.
recycling,Woodend Transfer Station,Resource Recovery Centre — Transfer station,149 Quarry Road,Woodend,Macedon Ranges,-37.368303,144.541153,,,Confirm this facility accepts your appliance before visiting. Open data may be incomplete or out of date.
recycling,Woolsthorpe Transfer Station & Resource Recovery,Resource Recovery Centre — Transfer station,Mt Taurus Road,Woolsthorpe,Moyne,-38.211851,142.419335,,,Confirm this facility accepts your appliance before visiting. Open data may be incomplete or out of date.
recycling,Woomelang Transfer Station,Resource Recovery Centre — Transfer station,121 Church Street,Woomelang,Yarriambiack,-35.696939,142.67586,,,Confirm this facility accepts your appliance before visiting. Open data may be incomplete or out of date.
recycling,Woorndoo Waste Facility,Resource Recovery Centre — Transfer station,Cameron Street,Woorndoo,Moyne,-38.22443,142.42437,,,Confirm this facility accepts your appliance before visiting. Open data may be incomplete or out of date.
recycling,Wycheproof Transfer Station,Resource Recovery Centre — Transfer station,281 Mackies Road Wycheproof,Wycheproof,Buloke,-36.062456,143.25821,,,Confirm this facility accepts your appliance before visiting. Open data may be incomplete or out of date.
recycling,Wyndham Refuse Disposal Facility,Resource Recovery Centre — Transfer station,470 Wests Road,Werribee,Wyndham,-37.939053,144.59441,,,Confirm this facility accepts your appliance before visiting. Open data may be incomplete or out of date.
recycling,Yabba Transfer Station,Resource Recovery Centre — Transfer station,1350 Yabba South Road,Yabba,Moira,-36.240343,145.649974,,,Confirm this facility accepts your appliance before visiting. Open data may be incomplete or out of date.
recycling,Yarra Recycling Centre,Resource Recovery Centre — Transfer station,168 Roseneath Street,Clifton Hill,Yarra,-37.793908,145.000839,,,Confirm this facility accepts your appliance before visiting. Open data may be incomplete or out of date.
recycling,Yarram Transfer Station,Resource Recovery Centre — Transfer station,Hyland Way,Yarram,Wellington,-38.54132,146.702445,,,Confirm this facility accepts your appliance before visiting. Open data may be incomplete or out of date.
recycling,Yarrawonga Resource Recovery Centre,Resource Recovery Centre — Transfer station,81 Channel Road,Yarrawonga,Moira,-36.022002,146.000864,,,Confirm this facility accepts your appliance before visiting. Open data may be incomplete or out of date.
recycling,Yea Resource Recovery Centre,Resource Recovery Centre — Transfer station,617 Ghin Ghin Road,Yea,Murrindindi,-37.15781695,145.3764348,,,Confirm this facility accepts your appliance before visiting. Open data may be incomplete or out of date.
recycling,Yinnar Transfer Station,Resource Recovery Centre — Transfer station,260 Whitelaws Track,Yinnar South,Latrobe,-38.349158,146.324886,,,Confirm this facility accepts your appliance before visiting. Open data may be incomplete or out of date.
recycling,Calder Permaculture,Reprocessor — Organics recycling,131 Kinghorn Lane,Nyah West,Swan Hill,-35.1736432,143.3584421,,,Confirm this facility accepts your appliance before visiting. Open data may be incomplete or out of date.
recycling,Ecodynamics Mulch,Reprocessor — Organics recycling,480 Cooper Street,Epping,Whittlesea,-37.6454105,144.9780494,,,Confirm this facility accepts your appliance before visiting. Open data may be incomplete or out of date.
recycling,Geocycle (alternative fuels facility),Hazardous waste — Alternative fuels facility,92 Ordish Road,Dandenong,Greater Dandenong,-38.026244,145.192179,,,Confirm this facility accepts your appliance before visiting. Open data may be incomplete or out of date.
recycling,Cleanaway Campbellfield Contaminated Water and Workshop Waste Services,Hazardous waste — Chemical physical treatment (CPT) plant,126 Barry Road,Campbellfield,Hume,-37.66791,144.965013,,,Confirm this facility accepts your appliance before visiting. Open data may be incomplete or out of date.
recycling,Cleanaway Dandenong Liquid Waste Services,Hazardous waste — Chemical physical treatment (CPT) plant,88-92 Ordish Road,Dandenong,Greater Dandenong,-38.0256086,145.192464,,,Confirm this facility accepts your appliance before visiting. Open data may be incomplete or out of date.
recycling,National Resource Recovery,Hazardous waste — Chemical physical treatment (CPT) plant,20 Jersey Road,Bayswater,Knox,-37.8405716,145.2790676,,,Confirm this facility accepts your appliance before visiting. Open data may be incomplete or out of date.
recycling,Veolia Technical Waste Services Brooklyn (CPT plant),Hazardous waste — Chemical physical treatment (CPT) plant,15-19 McDonald Road,Brooklyn,Brimbank,-37.81410077,144.8460619,,,Confirm this facility accepts your appliance before visiting. Open data may be incomplete or out of date.
recycling,REMONDIS Somerton Liquid Processing Plant,Hazardous waste — Chemical physical treatment (CPT) plant,41-47 Freight Drive,Somerton,Hume,-37.64059144,144.9639408,,,Confirm this facility accepts your appliance before visiting. Open data may be incomplete or out of date.
recycling,Earthsure (CPT plant),Hazardous waste — Chemical physical treatment (CPT) plant,890 Taylors Road,Dandenong South,Greater Dandenong,-38.0401335,145.228086,,,Confirm this facility accepts your appliance before visiting. Open data may be incomplete or out of date.
recycling,Cleanaway Environmental Services Melbourne,Hazardous waste — Chemical physical treatment (CPT) plant,84-86 Lara Way,Campbellfield,Hume,-37.6665222,144.9674208,,,Confirm this facility accepts your appliance before visiting. Open data may be incomplete or out of date.
recycling,"Repurpose It (Epping, Chemical physical treatment (CPT) plant)",Hazardous waste — Chemical physical treatment (CPT) plant,460 Cooper Street,Epping,Whittlesea,-37.6462749,144.9804871,,,Confirm this facility accepts your appliance before visiting. Open data may be incomplete or out of date.
recycling,Ace Waste (Melbourne),Hazardous waste — Clinical waste facility thermal destruction,64 Ordish Road,Dandenong  South,Greater Dandenong,-38.020412,145.192351,,,Confirm this facility accepts your appliance before visiting. Open data may be incomplete or out of date.
recycling,Cleanaway Daniels Laverton North Medical Waste Services,Hazardous waste — Clinical waste facility thermal destruction,110 Dohertys Road,Laverton North,Wyndham,-37.828308,144.791452,,,Confirm this facility accepts your appliance before visiting. Open data may be incomplete or out of date.
recycling,Cleanaway Daniels Dandenong South - Medical Waste Services,Hazardous waste — Clinical waste treatment facility,34-36 Cahill Street,Dandenong South,Greater Dandenong,-38.02630492,145.1965178,,,Confirm this facility accepts your appliance before visiting. Open data may be incomplete or out of date.
recycling,B A Page Drums Recycling,Hazardous waste — Hazardous waste packaging facility,12 Seaview Parade,Williamstown,Hobsons Bay,-37.85538374,144.8554278,,,Confirm this facility accepts your appliance before visiting. Open data may be incomplete or out of date.
recycling,Drumsavers,Hazardous waste — Hazardous waste packaging facility,Unit 2/28 Concord Crescent,Carrum Downs,Frankston,-38.102018,145.167867,,,Confirm this facility accepts your appliance before visiting. Open data may be incomplete or out of date.
recycling,Container Save,Hazardous waste — Hazardous waste packaging facility,14 Stephenson Road,Seaford,Frankston,-38.100444,145.152197,,,Confirm this facility accepts your appliance before visiting. Open data may be incomplete or out of date.
recycling,Envirodrum,Hazardous waste — Hazardous waste packaging facility,46 Jessica Road,Campbellfield,Hume,-37.658359,144.959382,,,Confirm this facility accepts your appliance before visiting. Open data may be incomplete or out of date.
recycling,Quality Drum Services,Hazardous waste — Hazardous waste packaging facility,11-17 Dilop Drive,Epping,Whittlesea,-37.643379,145.019025,,,Confirm this facility accepts your appliance before visiting. Open data may be incomplete or out of date.
recycling,Schutz Australia (haz packaging),Hazardous waste — Hazardous waste packaging facility,13-15 Burr Court,Laverton North,Wyndham,-37.81776427,144.8046477,,,Confirm this facility accepts your appliance before visiting. Open data may be incomplete or out of date.
recycling,M. Schott Drum Recyclers,Hazardous waste — Hazardous waste packaging facility,137-139 Bakers Road,Coburg North,Merri-bek,-37.726408,144.952994,,,Confirm this facility accepts your appliance before visiting. Open data may be incomplete or out of date.
recycling,Pact Packaging (Laverton),Hazardous waste — Hazardous waste packaging facility,25 Little Boundary Road,Laverton North,Wyndham,-37.820224,144.820043,,,Confirm this facility accepts your appliance before visiting. Open data may be incomplete or out of date.
recycling,Pact Packaging (Sunshine),Hazardous waste — Hazardous waste packaging facility,6-8 Normanby Avenue,Sunshine West,Brimbank,-37.812102,144.813581,,,Confirm this facility accepts your appliance before visiting. Open data may be incomplete or out of date.
recycling,Tank Services Australia,Hazardous waste — Hazardous waste packaging facility,27-35 McDonald Road,Brooklyn,Brimbank,-37.81286,144.847213,,,Confirm this facility accepts your appliance before visiting. Open data may be incomplete or out of date.
recycling,Tru-Blu Oil,Hazardous waste — Hazardous waste packaging facility,6 Dunlop Street,Bayswater,Knox,-37.84069696,145.2756703,,,Confirm this facility accepts your appliance before visiting. Open data may be incomplete or out of date.
recycling,CMA Ecocyle (mercury facility),Hazardous waste — Mercury facility,5-11 Reo Crescent,Campbellfield,Hume,-37.64698161,144.9384171,,,Confirm this facility accepts your appliance before visiting. Open data may be incomplete or out of date.
recycling,"Cleanaway Dandenong Oil, Workshop, and Parts Washer Waste Services",Hazardous waste — Oil re-refining facility,19-21 Berends Drive,Dandenong South,Greater Dandenong,-38.02940742,145.1959674,,,Confirm this facility accepts your appliance before visiting. Open data may be incomplete or out of date.
recycling,Central Recycling (OWT),Hazardous waste — Oil/water treatment (OWT) facility,Redesdale Road,Kyneton,Macedon Ranges,-37.23046851,144.45053,,,Confirm this facility accepts your appliance before visiting. Open data may be incomplete or out of date.
recycling,JJ's Waste & Recycling (Bendigo) (OWT),Hazardous waste — Oil/water treatment (OWT) facility,5-11 Piper Lane,East Bendigo,Greater Bendigo,-36.744478,144.32291,,,Confirm this facility accepts your appliance before visiting. Open data may be incomplete or out of date.
recycling,REMONDIS Dandenong South Liquid Processing Plant (OWT),Hazardous waste — Oil/water treatment (OWT) facility,26-28 Souffi Place,Dandenong South,Greater Dandenong,-38.031815,145.197081,,,Confirm this facility accepts your appliance before visiting. Open data may be incomplete or out of date.
recycling,Shepparton Liquid Treatment Plant,Hazardous waste — Oil/water treatment (OWT) facility,165 Daldy Road,Shepparton North,Greater Shepparton,-36.32384827,145.3765529,,,Confirm this facility accepts your appliance before visiting. Open data may be incomplete or out of date.
recycling,Cleanaway Thomastown Grease Trap Services,Hazardous waste — Organics recycling,11 Chaffey Street,Thomastown,Whittlesea,-37.6898105,145.004858,,,Confirm this facility accepts your appliance before visiting. Open data may be incomplete or out of date.
recycling,Greenlife Oil Holdings,Hazardous waste — Organics recycling,78-82 Spalding Avenue,Sunshine North,Brimbank,-37.75002,144.840528,,,Confirm this facility accepts your appliance before visiting. Open data may be incomplete or out of date.
recycling,SOLVE Altona (POPs thermal destruction),Hazardous waste — Persistent organic pollutants (non-soil) thermal destruction facility,541-583 Kororoit Creek Road,Altona,Hobsons Bay,-37.846655,144.80256,,,Confirm this facility accepts your appliance before visiting. Open data may be incomplete or out of date.
recycling,Geocycle (POPs thermal destruction),Hazardous waste — Persistent organic pollutants (non-soil) thermal destruction facility,92 Ordish Road,Dandenong,Greater Dandenong,-38.026244,145.192179,,,Confirm this facility accepts your appliance before visiting. Open data may be incomplete or out of date.
recycling,Renex (POPs destruction),Hazardous waste — Persistent organic pollutants (non-soil) thermal destruction facility,109-131 Ordish Road,Dandenong South,Greater Dandenong,-38.027499,145.192777,,,Confirm this facility accepts your appliance before visiting. Open data may be incomplete or out of date.
recycling,Earthsure (POPs thermal destruction),Hazardous waste — Persistent organic pollutants (non-soil) thermal destruction facility,890 Taylors Road,Dandenong South,Greater Dandenong,-38.0401335,145.228086,,,Confirm this facility accepts your appliance before visiting. Open data may be incomplete or out of date.
recycling,Veolia Technical Waste Services Brooklyn (POPs thermal destruction),Hazardous waste — Persistent organic pollutants (non-soil) thermal destruction facility,15-19 McDonald Road,Brooklyn,Brimbank,-37.81410077,144.8460619,,,Confirm this facility accepts your appliance before visiting. Open data may be incomplete or out of date.
recycling,SOLVE Altona (soils thermal treatment),Hazardous waste — Soils thermal treatment facility,541-583 Kororoit Creek Road,Altona,Hobsons Bay,-37.846655,144.80256,,,Confirm this facility accepts your appliance before visiting. Open data may be incomplete or out of date.
recycling,Renex (soils thermal treatment),Hazardous waste — Soils thermal treatment facility,109-131 Ordish Road,Dandenong South,Greater Dandenong,-38.027499,145.192777,,,Confirm this facility accepts your appliance before visiting. Open data may be incomplete or out of date.
recycling,Earthsure (soils thermal treatment),Hazardous waste — Soils thermal treatment facility,890 Taylors Road,Dandenong South,Greater Dandenong,-38.0401335,145.228086,,,Confirm this facility accepts your appliance before visiting. Open data may be incomplete or out of date.
recycling,Veolia Technical Waste Services Brooklyn (soils thermal treatment),Hazardous waste — Soils thermal treatment facility,15-19 McDonald Road,Brooklyn,Brimbank,-37.81410077,144.8460619,,,Confirm this facility accepts your appliance before visiting. Open data may be incomplete or out of date.
recycling,Garden City Plastics,Reprocessor — Plastics reprocessing,10 E J Court,Dandenong South,Greater Dandenong,-38.00638912,145.2495319,,,Confirm this facility accepts your appliance before visiting. Open data may be incomplete or out of date.
recycling,InfraBuild Steel Manufacturing,Reprocessor — Steel reprocessing,105-123 Dohertys Road,Laverton,Hobsons Bay,-37.82868584,144.7910537,,,Confirm this facility accepts your appliance before visiting. Open data may be incomplete or out of date.
recycling,InfraBuild Wire Manufacturing,Reprocessor — Other metals reprocessing,21 Walchs Road,North Shore,Greater Geelong,-38.09349316,144.376239,,,Confirm this facility accepts your appliance before visiting. Open data may be incomplete or out of date.
recycling,RMAX Rigid Cellular Plastics,Reprocessor — Plastics reprocessing,2-4 Mephan Street,Maribyrnong,Maribyrnong,-37.78533419,144.8873373,,,Confirm this facility accepts your appliance before visiting. Open data may be incomplete or out of date.
recycling,Vicfoam,Reprocessor — Plastics reprocessing,430 Barry Road,Coolaroo,Hume,-37.66545253,144.9394921,,,Confirm this facility accepts your appliance before visiting. Open data may be incomplete or out of date.
recycling,Viscount Plastics,Reprocessor — Plastics reprocessing,15 Mills Road,Braeside,Kingston,-37.99324649,145.1092143,,,Confirm this facility accepts your appliance before visiting. Open data may be incomplete or out of date.
recycling,Andpak,Reprocessor — Plastics reprocessing,731-733 Koorlong Avenue,Irymple,Mildura,-34.237076,142.166967,,,Confirm this facility accepts your appliance before visiting. Open data may be incomplete or out of date.
recycling,Ballarat Regional Industries,Reprocessor — Plastics reprocessing,4 Neerim Crescent,Wendouree,Ballarat,-37.516269,143.84161,,,Confirm this facility accepts your appliance before visiting. Open data may be incomplete or out of date.
recycling,Cann River Landfill,Landfill — Landfill unlicensed,20 Coast Road,Cann River,East Gippsland,-37.56976757,149.122456,,,Confirm this facility accepts your appliance before visiting. Open data may be incomplete or out of date.
recycling,Killarney Landfill,Landfill — Landfill unlicensed,12 Badhams Road,Crossley,Moyne,-38.31809,142.29754,,,Confirm this facility accepts your appliance before visiting. Open data may be incomplete or out of date.
recycling,Cleanaway Altona,Reprocessor — Plastics reprocessing,72-80 Harcourt Road,Altona North,Hobsons Bay,-37.85032525,144.7814195,,,Confirm this facility accepts your appliance before visiting. Open data may be incomplete or out of date.
recycling,"Cleanaway (Laverton, Plastics reprocessing)",Reprocessor — Plastics reprocessing,32 Gilbertson Road,Laverton North,Wyndham,-37.821854,144.795121,,,Confirm this facility accepts your appliance before visiting. Open data may be incomplete or out of date.
recycling,Seymour Resource Recovery Centre,Resource Recovery Centre — Transfer station,470 Seymour-Tooborac Road,Hilldene,Mitchell,-37.029435,145.08141,,,Confirm this facility accepts your appliance before visiting. Open data may be incomplete or out of date.
recycling,Echuca Resource Recovery Centre,Resource Recovery Centre — Transfer station,510 McKenzie Road,Echuca,Campaspe,-36.19205843,144.7703762,,,Confirm this facility accepts your appliance before visiting. Open data may be incomplete or out of date.
recycling,Cobram Resource Recovery Centre,Resource Recovery Centre — Transfer station,56 Pye Road,Cobram,Moira,-35.9553275,145.696043,,,Confirm this facility accepts your appliance before visiting. Open data may be incomplete or out of date.
recycling,Alexandra Resource Recovery Centre,Resource Recovery Centre — Transfer station,119 Mt Pleasant Road,Alexandra,Murrindindi,-37.20849034,145.7220064,,,Confirm this facility accepts your appliance before visiting. Open data may be incomplete or out of date.
recycling,Norstar (Reservoir),Reprocessor — Metals recovery,41-51 Banbury Rd,Reservoir,Darebin,-37.71075823,144.9892639,,,Confirm this facility accepts your appliance before visiting. Open data may be incomplete or out of date.
recycling,Norstar (Dandenong South),Reprocessor — Metals recovery,37 Redgum Dve,Dandenong South,Greater Dandenong,-38.02398283,145.1967182,,,Confirm this facility accepts your appliance before visiting. Open data may be incomplete or out of date.
recycling,Norstar (Bayswater North),Reprocessor — Metals recovery,160-162 Colchester Rd,Bayswater North,Maroondah,-37.81621572,145.3051524,,,Confirm this facility accepts your appliance before visiting. Open data may be incomplete or out of date.
recycling,Norstar (Bendigo),Reprocessor — Metals recovery,13-19 Piper Lane,East Bendigo,Greater Bendigo,-36.7449308,144.3232878,,,Confirm this facility accepts your appliance before visiting. Open data may be incomplete or out of date.
recycling,KTS Recycling,Reprocessor — Mattress recycling,251 George Street,Wantirna South,Knox,-37.8831,145.213,,,Confirm this facility accepts your appliance before visiting. Open data may be incomplete or out of date.
recycling,Upparel,Reprocessor — Textiles recycling,33 MacBeth St,Braeside,Kingston,-38.00389515,145.1129419,,,Confirm this facility accepts your appliance before visiting. Open data may be incomplete or out of date.
recycling,Drysdale Resource Recovery Centre,Resource Recovery Centre — Transfer station,82-180 Becks Road,Drysdale,Greater Geelong,-38.16925,144.62752,,,Confirm this facility accepts your appliance before visiting. Open data may be incomplete or out of date.
recycling,Anglesea Resource Recovery Centre,Resource Recovery Centre — Transfer station,50 Coalmine Road,Anglesea,Surf Coast,-38.38506,144.19862,,,Confirm this facility accepts your appliance before visiting. Open data may be incomplete or out of date.
recycling,Corangamite Resource Recovery Centre,Resource Recovery Centre — Transfer station,605 County Boundary Road,Naroghid,Corangamite,-38.27278,143.04848,,,Confirm this facility accepts your appliance before visiting. Open data may be incomplete or out of date.
recycling,Hamilton Resource Recovery Centre,Resource Recovery Centre — Transfer station,68 Elijah Street,Hamilton,Southern Grampians,-37.7465389,141.99663,,,Confirm this facility accepts your appliance before visiting. Open data may be incomplete or out of date.
recycling,AutoCycle,Hazardous waste — End-of-life tyres facility,87-107 Toll Dr,Altona North,Hobsons Bay,-37.848314,144.828212,,,Confirm this facility accepts your appliance before visiting. Open data may be incomplete or out of date.
recycling,Shred-X Vic,Reprocessor — E-waste recycling,30 Plummer Road,Laverton North,Wyndham,-37.818277,144.813629,,,Confirm this facility accepts your appliance before visiting. Open data may be incomplete or out of date.
recycling,Active Group Solutions (Ecoactive),Reprocessor — E-waste recycling,26 Harker St,Burwood,Whitehorse,-37.85386291,145.105119,,,Confirm this facility accepts your appliance before visiting. Open data may be incomplete or out of date.
recycling,Ace recycling (Dandenong),Reprocessor — E-waste recycling,32-34 Bennet Street,Dandenong,Greater Dandenong,-37.98722713,145.1992215,,,Confirm this facility accepts your appliance before visiting. Open data may be incomplete or out of date.
recycling,Norstar (Laverton North),Reprocessor — Metals recovery,191-205 Dohertys Rd,Laverton North,Wyndham,-36.044259,144.753827,,,Confirm this facility accepts your appliance before visiting. Open data may be incomplete or out of date.
recycling,Future Recycling Hallam (Metal Recycling),Reprocessor — Metals recovery,57-61 Star Cres,Hallam,Casey,-38.0166775,145.268515,,,Confirm this facility accepts your appliance before visiting. Open data may be incomplete or out of date.
recycling,Future Recycling Hallam (Waste Transfer Station),Resource Recovery Centre — Transfer station,57-61 Star Cres,Hallam,Casey,-38.0166775,145.268515,,,Confirm this facility accepts your appliance before visiting. Open data may be incomplete or out of date.
recycling,Birchip Resource Recovery Centre,Resource Recovery Centre — Transfer station,2094 Birchip-Corack Road,Birchip,Buloke,-36.01243056,142.9375833,,,Confirm this facility accepts your appliance before visiting. Open data may be incomplete or out of date.
recycling,Donald Resource Recovery Centre,Resource Recovery Centre — Transfer station,2006 Depot Road,Donald,Buloke,-36.37992778,142.9223667,,,Confirm this facility accepts your appliance before visiting. Open data may be incomplete or out of date.
recycling,Ouyen Resource Recovery Centre,Resource Recovery Centre — Transfer station,Dunkley Road,Ouyen,Mildura,-35.094,142.327337,,,Confirm this facility accepts your appliance before visiting. Open data may be incomplete or out of date.
recycling,Bairnsdale Resource Recovery Centre,Resource Recovery Centre — Transfer station,200 Johnstons Rd,Forge Creek,East Gippsland,-37.87967,147.626012,,,Confirm this facility accepts your appliance before visiting. Open data may be incomplete or out of date.
recycling,Benalla Resource Recovery Centre,Resource Recovery Centre — Transfer station,90 Old Farnley Road,Benalla,Benalla,-36.511326,146.001273,,,Confirm this facility accepts your appliance before visiting. Open data may be incomplete or out of date.
recycling,Boort landfill and recycle,Resource Recovery Centre — Transfer station,Off Boort-Quambatook Road,Boort,Loddon,-36.109467,143.721294,,,Confirm this facility accepts your appliance before visiting. Open data may be incomplete or out of date.
recycling,Castlemaine Resource Recovery Centre,Resource Recovery Centre — Transfer station,Sluicers Road,Castlemaine,Mount Alexander,-37.077897,144.193612,,,Confirm this facility accepts your appliance before visiting. Open data may be incomplete or out of date.
recycling,Eaglehawk Recovery & Sales Yard,Resource Recovery Centre — Transfer station,191-193 Upper Califronia Gully Road,Eaglehawk,Greater Bendigo,-36.72777,144.2464,,,Confirm this facility accepts your appliance before visiting. Open data may be incomplete or out of date.
recycling,Grantville Landfill and Transfer Station,Resource Recovery Centre — Transfer station,1685 Bass Highway,Grantville,Bass Coast,-38.420836,145.519635,,,Confirm this facility accepts your appliance before visiting. Open data may be incomplete or out of date.
recycling,Koonwarra Transfer Station,Resource Recovery Centre — Transfer station,Koonwarra-Inverloch Road,Koonwarra,South Gippsland,-38.447186,145.992218,,,Confirm this facility accepts your appliance before visiting. Open data may be incomplete or out of date.
recycling,Lakes Entrance Transfer Station,Resource Recovery Centre — Transfer station,5 Thorpes Lane,Lakes Entrance,East Gippsland,-37.858294,148.006782,,,Confirm this facility accepts your appliance before visiting. Open data may be incomplete or out of date.
recycling,Maffra Resource Recovery Centre,Resource Recovery Centre — Transfer station,Sellings Rd,Maffra,Wellington,-37.912559,146.986143,,,Confirm this facility accepts your appliance before visiting. Open data may be incomplete or out of date.
recycling,Mildura Resource Recovery Centre,Resource Recovery Centre — Transfer station,Ontario Avenue,Mildura,Mildura,-34.185062,142.142269,,,Confirm this facility accepts your appliance before visiting. Open data may be incomplete or out of date.
recycling,Newbridge landfill and recycle,Resource Recovery Centre — Transfer station,Ryan Street,Newbridge,Loddon,-36.743602,143.890383,,,Confirm this facility accepts your appliance before visiting. Open data may be incomplete or out of date.
recycling,Pyramid Hill Landfill and recycle,Resource Recovery Centre — Transfer station,Ballast Road,Pyramid Hill,Loddon,-36.064349,144.139112,,,Confirm this facility accepts your appliance before visiting. Open data may be incomplete or out of date.
recycling,Robinvale Resource Recovery Centre,Resource Recovery Centre — Transfer station,899 Robinvale – Sealake Rd,Bannerton,Swan Hill,-34.680733,142.778585,,,Confirm this facility accepts your appliance before visiting. Open data may be incomplete or out of date.
recycling,Rye Landfill & Resource Recovery Centre (transfer station),Resource Recovery Centre — Transfer station,280 Trueman Road,Fingal,Mornington Peninsula,-38.391339,144.855792,,,Confirm this facility accepts your appliance before visiting. Open data may be incomplete or out of date.
recycling,Sunbury Resource Recovery Centre,Resource Recovery Centre — Transfer station,515 Riddell Road,Sunbury,Hume,-37.551131,144.684866,,,Confirm this facility accepts your appliance before visiting. Open data may be incomplete or out of date.
recycling,Re-Source,Reprocessor — E-waste recycling,70 Swann Drive,Derrimut,Brimbank,-37.80097659,144.7788241,,,Confirm this facility accepts your appliance before visiting. Open data may be incomplete or out of date.
recycling,National Polystyrene Systems,Reprocessor — Plastics reprocessing,329A St. Albans Rd,Sunshine,Brimbank,-37.7752093,144.8251116,,,Confirm this facility accepts your appliance before visiting. Open data may be incomplete or out of date.
recycling,Schutz Australia (plastics),Reprocessor — Plastics reprocessing,13-15 Burr Court,Laverton North,Wyndham,-37.81776427,144.8046477,,,Confirm this facility accepts your appliance before visiting. Open data may be incomplete or out of date.
recycling,Visy Glass (Spotswood blast furnance),Reprocessor — Glass reprocessing (blast furnace),20-40 Booker Street,Spotswood,Hobsons Bay,-37.831408,144.8927,,,Confirm this facility accepts your appliance before visiting. Open data may be incomplete or out of date.
recycling,Emmans Granulators,Reprocessor — Plastics reprocessing,46-48 Radford Rd,Reservoir,Darebin,-37.7084205,144.9831704,,,Confirm this facility accepts your appliance before visiting. Open data may be incomplete or out of date.
recycling,Branin (plastics),Reprocessor — Plastics reprocessing,7 Apoinga Street,Dandenong South,Greater Dandenong,-38.0356394,145.2059851,,,Confirm this facility accepts your appliance before visiting. Open data may be incomplete or out of date.
recycling,"Re-Group (Coburg SSF, bailing facility)",Reprocessor — Paper & cardboard recovery,172 Newlands Road,Coburg North,Merri-bek,-37.723148,144.975921,,,Confirm this facility accepts your appliance before visiting. Open data may be incomplete or out of date.
recycling,Plascorp,Reprocessor — Plastics reprocessing,45 Chambers Rd,Altona North,Hobsons Bay,-37.838419,144.842006,,,Confirm this facility accepts your appliance before visiting. Open data may be incomplete or out of date.
recycling,Pipeconnex,Reprocessor — Plastics reprocessing,13 Cahill St,Dandenong South,Greater Dandenong,-38.026716,145.200552,,,Confirm this facility accepts your appliance before visiting. Open data may be incomplete or out of date.
recycling,Clyde Compost,Reprocessor — Organics recycling,2080 South Gippsland Hwy,Devon Meadows,Casey,-38.16376811,145.3312669,,,Confirm this facility accepts your appliance before visiting. Open data may be incomplete or out of date.
recycling,Kinross Farms,Reprocessor — Organics recycling,578 Drysdale Road,Euroa,Strathbogie,-36.7521561,145.4983692,,,Confirm this facility accepts your appliance before visiting. Open data may be incomplete or out of date.
recycling,Hermetia Biosystems,Reprocessor — Organics recycling,76 Ordish Road,Dandenong South,Dandenong South,-38.02275981,145.1914617,,,Confirm this facility accepts your appliance before visiting. Open data may be incomplete or out of date.
recycling,Mallacoota WasteWater Treatment Plant,Reprocessor — Organics recycling,Genoa-Mallacoota Rd,Mallacoota,East Gippsland,-37.546616,149.728239,,,Confirm this facility accepts your appliance before visiting. Open data may be incomplete or out of date.
recycling,Boggy Corner Waste Transfer Station (Organics),Reprocessor — Organics recycling,Boggy Corner,Mount Buller,Mount Buller Alpine Resort,-37.13482714,146.4520439,,,Confirm this facility accepts your appliance before visiting. Open data may be incomplete or out of date.
recycling,SJ Sheahan,Reprocessor — Organics recycling,948 Bolinda-Darraweit Rd,Darraweit Guim,Macedon Ranges,-37.43024156,144.8483384,,,Confirm this facility accepts your appliance before visiting. Open data may be incomplete or out of date.
recycling,Ultima Transfer Station (Organics),Reprocessor — Organics recycling,4330 Sea Lake-Swan Hill Rd,Ultima,Swan Hill,-35.45491624,143.279272,,,Confirm this facility accepts your appliance before visiting. Open data may be incomplete or out of date.
recycling,Circular Plastics Australia (Altona),Reprocessor — Plastics reprocessing,31-38 Horsburgh Drive,Altona North,Hobsons Bay,-37.84070872,144.8101297,,,Confirm this facility accepts your appliance before visiting. Open data may be incomplete or out of date.
recycling,Martogg (South Park Drive),Reprocessor — Plastics reprocessing,63 South Park Drive,Dandenong South,Greater Dandenong,-38.01747961,145.1987457,,,Confirm this facility accepts your appliance before visiting. Open data may be incomplete or out of date.
recycling,Plasgain,Reprocessor — Plastics reprocessing,Clancy Rd,Drouin,Baw Baw,-38.12123629,145.8311246,,,Confirm this facility accepts your appliance before visiting. Open data may be incomplete or out of date.
recycling,Fulton Hogan (Warrnambool),Reprocessor — Glass reprocessing (crushing),385 Koroit St,Warrnambool,Warrnambool,-38.37476212,142.4633793,,,Confirm this facility accepts your appliance before visiting. Open data may be incomplete or out of date.
recycling,Vinidex Pty Ltd,Reprocessor — Plastics reprocessing,231-245 St Albans Rd,Sunshine,Brimbank,-37.76408488,144.8159433,,,Confirm this facility accepts your appliance before visiting. Open data may be incomplete or out of date.
recycling,Eastern Concrete Recycling,Reprocessor — C&D waste recycling,78 McMillan Street,Bairnsdale,East Gippsland,-37.82349909,147.6568805,,,Confirm this facility accepts your appliance before visiting. Open data may be incomplete or out of date.
recycling,Tambo Bairnsdale,MRF — Materials recovery facility,56 McMillan Street,Lucknow,East Gippsland,-37.82299586,147.6564877,,,Confirm this facility accepts your appliance before visiting. Open data may be incomplete or out of date.
recycling,Socobell O.E.M Pty Ltd,Reprocessor — Plastics reprocessing,555 Somerville Road,Sunshine West,Brimbank,-37.80676869,144.8259852,,,Confirm this facility accepts your appliance before visiting. Open data may be incomplete or out of date.
recycling,Pronto Recycling (Barro),Reprocessor — C&D waste recycling,McIntyre Road,Kealba,Brimbank,-37.74248932,144.8312184,,,Confirm this facility accepts your appliance before visiting. Open data may be incomplete or out of date.
recycling,Tyrecycle,Hazardous waste — End-of-life tyres facility,30-56 Encore Avenue,Somerton,Hume,-37.63474,144.952416,,,Confirm this facility accepts your appliance before visiting. Open data may be incomplete or out of date.
recycling,Textile Recyclers Australia,Reprocessor — Textiles recycling,6 Freight Rd,Ravenhall,Melton,-37.77584635,144.7513853,,,Confirm this facility accepts your appliance before visiting. Open data may be incomplete or out of date.
recycling,CRDC and WeCollect,Reprocessor — Plastics reprocessing,213 Sunshine Road,Tottenham,Maribyrnong,-37.7991671,144.8523626,,,Confirm this facility accepts your appliance before visiting. Open data may be incomplete or out of date.
recycling,Sims Metals Management (Noble Park),Reprocessor — Metals recovery,442 Princes Highway,Noble Park,Greater Dandenong,-37.95808995,145.1857629,,,Confirm this facility accepts your appliance before visiting. Open data may be incomplete or out of date.
recycling,Sims Metals Management (Brooklyn),Reprocessor — Metals recovery,44-60 Mcdonald Road,Brooklyn,Hobsons Bay,-37.81002155,144.8482209,,,Confirm this facility accepts your appliance before visiting. Open data may be incomplete or out of date.
recycling,Tyre Crumb,Hazardous waste — End-of-life tyres facility,175-215 Maygar Boulevard,Broadmeadows,Hume,-37.686211,144.940863,,,Confirm this facility accepts your appliance before visiting. Open data may be incomplete or out of date.
recycling,Siltech PMR,Reprocessor — Metals recovery,220 Barry Road,Campbellfield,Hume,-37.665425,144.957214,,,Confirm this facility accepts your appliance before visiting. Open data may be incomplete or out of date.
recycling,Genoa Transfer Station,Resource Recovery Centre — Transfer station,13 Nash Camp Track,Genoa,East Gippsland,-37.45964,149.59978,,,Confirm this facility accepts your appliance before visiting. Open data may be incomplete or out of date.
recycling,Olympic Polymers (Clayton South),Reprocessor — Plastics reprocessing,86 Fairbank Road,Clayton South,Kingston,-37.9419,145.129,,,Confirm this facility accepts your appliance before visiting. Open data may be incomplete or out of date.
recycling,Elmhurst  Landfill,Landfill — Landfill unlicensed,Mckay Street,Elmhurst,Ararat,-37.189547,143.252574,,,Confirm this facility accepts your appliance before visiting. Open data may be incomplete or out of date.
recycling,Lake Bolac Landfill,Landfill — Landfill unlicensed,230 Graham Road,Lake Bolac,Ararat,-37.702585,142.828006,,,Confirm this facility accepts your appliance before visiting. Open data may be incomplete or out of date.
recycling,Streatham Landfill,Landfill — Landfill unlicensed,Nerrin-Nerrin Floodway Road,Streatham,Ararat,-37.680696,143.041231,,,Confirm this facility accepts your appliance before visiting. Open data may be incomplete or out of date.
recycling,Tatyoon  Landfill,Landfill — Landfill unlicensed,Camp Road (Off Porters Bridge Road),Tatyoon,Ararat,-37.535064,142.956367,,,Confirm this facility accepts your appliance before visiting. Open data may be incomplete or out of date.
recycling,Heathcote Landfill,Landfill — Landfill unlicensed,61 Golden Gully Road,Heathcote,Greater Bendigo,-36.935361,144.696822,,,Confirm this facility accepts your appliance before visiting. Open data may be incomplete or out of date.
recycling,Elecsome PV Recycling,Reprocessor — E-waste recycling,14A Velore Rd,Kilmany,Wellington,-38.102588,146.922372,,,Confirm this facility accepts your appliance before visiting. Open data may be incomplete or out of date.
recycling,Pact Recycling (Cheltenham),Reprocessor — Plastics reprocessing,103 Bernard Street,Cheltenham,Kingston,-37.954396,145.074266,,,Confirm this facility accepts your appliance before visiting. Open data may be incomplete or out of date.
recycling,Drouin Waste Recyclers (C&D recycling),Reprocessor — C&D waste recycling,81 Weerong Road,Drouin,Baw Baw,-38.122448,145.83346,,,Confirm this facility accepts your appliance before visiting. Open data may be incomplete or out of date.
recycling,Avalon Waste Resource Recovery Centre,Reprocessor — C&D waste recycling,45 Beach Road,Avalon,Greater Geelong,-38.01048699,144.4693811,,,Confirm this facility accepts your appliance before visiting. Open data may be incomplete or out of date.
recycling,Precious Plastic Melbourne,Reprocessor — Plastics reprocessing,22A Rooks Road,Nunawading,Whitehorse,-37.8198338,145.1852057,,,Confirm this facility accepts your appliance before visiting. Open data may be incomplete or out of date.
recycling,Precious Plastic Monash,Reprocessor — Plastics reprocessing,"17 Alliance Lane, Monash University",Clayton,Monash,-37.90892534,145.1336446,,,Confirm this facility accepts your appliance before visiting. Open data may be incomplete or out of date.
recycling,Sustainable Plastics Solutions,Reprocessor — Plastics reprocessing,979 Hensley Park Rd,Hensley Park,Southern Grampians,-37.64830686,142.0584085,,,Confirm this facility accepts your appliance before visiting. Open data may be incomplete or out of date.
recycling,Red3,Reprocessor — Plastics reprocessing,"Factory 1, 5 Gladstone Road",Dandenong,Greater Dandenong,-37.97402147,145.2067459,,,Confirm this facility accepts your appliance before visiting. Open data may be incomplete or out of date.
recycling,Wimmera Wastebusters Recycling,Reprocessor — Plastics reprocessing,44 Golf Course Rd,Horsham,Horsham,-36.735218,142.200462,,,Confirm this facility accepts your appliance before visiting. Open data may be incomplete or out of date.
recycling,Smart Recycling (Epping),Reprocessor — C&D waste recycling,480 Cooper Street,Epping,Whittlesea,-37.64310551,144.9778148,,,Confirm this facility accepts your appliance before visiting. Open data may be incomplete or out of date.
recycling,Smart Recycling (Brooklyn),Reprocessor — C&D waste recycling,455A Somerville Rd,Brooklyn,Brimbank,-37.8092409,144.8457475,,,Confirm this facility accepts your appliance before visiting. Open data may be incomplete or out of date.
recycling,Australian Paper Recovery (Thomastown),Reprocessor — Paper & cardboard recovery,8 - 10 Aylward Avenue,Thomastown,Whittlesea,-37.69160224,144.993492,,,Confirm this facility accepts your appliance before visiting. Open data may be incomplete or out of date.
recycling,Rubber Recycling,Hazardous waste — End-of-life tyres facility,29-31 Plummer Rd,Laverton North,Wyndham,-37.81864421,144.8147225,,,Confirm this facility accepts your appliance before visiting. Open data may be incomplete or out of date.
recycling,M.B.C. Recyling Services,Reprocessor — C&D waste recycling,11 Tilleys Road,Maddingley,Moorabool,-37.69944971,144.4461394,,,Confirm this facility accepts your appliance before visiting. Open data may be incomplete or out of date.
recycling,Warrnambool Transfer Station,Resource Recovery Centre — Transfer station,10 Mason Street,Warrnambool,Warrnambool,-38.3771992,142.536447,,,Confirm this facility accepts your appliance before visiting. Open data may be incomplete or out of date.
recycling,Benambra Transfer Station,Resource Recovery Centre — Transfer station,142 Tip Road,Benambra,Benambra,-36.95691737,147.6949495,,,Confirm this facility accepts your appliance before visiting. Open data may be incomplete or out of date.
recycling,Bendoc Transfer Station,Resource Recovery Centre — Transfer station,54 Clarkeville Road,Bendoc,Bendoc,-37.15338771,148.8827268,,,Confirm this facility accepts your appliance before visiting. Open data may be incomplete or out of date.
recycling,Ace Recycling (Williamstown),Reprocessor — E-waste recycling,63 Albermarle Street,Williamstown,Hobsons Bay,-37.85086052,144.8587539,,,Confirm this facility accepts your appliance before visiting. Open data may be incomplete or out of date.
recycling,Ararat Resource Recovery Centre (Composting),Reprocessor — Organics recycling,22 Surface Hill Road,Ararat,Ararat,-37.296535,142.930471,,,Confirm this facility accepts your appliance before visiting. Open data may be incomplete or out of date.
recycling,Fulton Hogan Depot (Warrnambool),Reprocessor — Glass reprocessing (crushing),20 Mason Street,Warrnambool,Warrnambool,-38.37778916,142.5386113,,,Confirm this facility accepts your appliance before visiting. Open data may be incomplete or out of date.
recycling,Swan Hill Rural City Council (Transfer Station),Resource Recovery Centre — Transfer station,6859 Swan Hill-Sea Lake Road,Swan Hill,Swan Hill,-35.349929,143.509847,,,Confirm this facility accepts your appliance before visiting. Open data may be incomplete or out of date.
recycling,EcoBatt (Campbellfield),Reprocessor — E-waste recycling,5-11 Reo Crescent,Campbellfield,Hume,-37.64686707,144.9383696,,,Confirm this facility accepts your appliance before visiting. Open data may be incomplete or out of date.
recycling,The Mattress Recycling Company (Geelong),Reprocessor — Mattress recycling,116 Furner Ave,Bell Park,Greater Geelong,-38.10335746,144.3438345,,,Confirm this facility accepts your appliance before visiting. Open data may be incomplete or out of date.
recycling,Australian Soft Plastics Recycling (ASPR),Reprocessor — Plastics reprocessing,2 Innovation Way,Pakenham,Moorabool,-38.09929812,145.472189,,,Confirm this facility accepts your appliance before visiting. Open data may be incomplete or out of date.
recycling,Bardee,Reprocessor — Organics recycling,51-59 North View Drive,Sunshine West,Brimbank,-37.80453377,144.8146415,,,Confirm this facility accepts your appliance before visiting. Open data may be incomplete or out of date.
recycling,Viridian Renewable Technology,Reprocessor — Organics recycling,17 Derrimut Drive,Derrimut,Brimbank,-37.80956893,144.7553031,,,Confirm this facility accepts your appliance before visiting. Open data may be incomplete or out of date.
recycling,Manhari International (Tottenham),Reprocessor — Metals recovery,414 Somerville Rd,Tottenham,Maribyrnong,-37.80970159,144.858388,,,Confirm this facility accepts your appliance before visiting. Open data may be incomplete or out of date.
recycling,Manhari International (Ararat),Reprocessor — Metals recovery,169 Elizabeth St,Ararat,Ararat,-37.29446001,142.9538774,,,Confirm this facility accepts your appliance before visiting. Open data may be incomplete or out of date.
recycling,Manhari International (Horsham),Reprocessor — Metals recovery,52 Hamilton Street,Horsham,Horsham,-36.73787796,142.2047545,,,Confirm this facility accepts your appliance before visiting. Open data may be incomplete or out of date.
recycling,Lotus Recycling,Reprocessor — E-waste recycling,2/72 Northgate Drive,Thomastown,Whittlesea,-37.68793718,145.0358729,,,Confirm this facility accepts your appliance before visiting. Open data may be incomplete or out of date.
recycling,North Geelong Transfer Station,Resource Recovery Centre — Transfer station,116 Furner Ave,Bell Park,Greater Geelong,-38.10335746,144.3438345,,,Confirm this facility accepts your appliance before visiting. Open data may be incomplete or out of date.
