title,published_date,summary,official_url,rss_category,match_keywords,likely_appliance_recall
Basco BFO-15671 oil filter for diesel engines,2026-08-27,"27 Aug 2026 Product description Spin-on engine oil filter for diesel engines, sold as both a standalone part and as part of service kits. Suitable for the following vehicles: Isuzu D-Max (TFR/TFS series, 06/2012-2026) Isuzu MU-X (UCS85, 11/2013-06/2021) Isuzu MU-X (UCR40/UCS40, 07/2021-2026) Mazda BT50 (B30 TFR40/TFS40, 08/2020-2026) with 3.0L diesel 4JJ1-TCX or 4JJ3-TCX engines Standalone oil filter (sold at Basco Wholesale and Allied Auto Online): Part number BFO-15671 (found on packaging and filter can) Barcode 9356247149707 Filter service kit containing affected oil filter (sold at Bunnings Warehouse): Kit number BUNF5 Barcode 9356247157535 Reason the product is recalled The base seal of the oil filter may prevent the thread from screwing on properly and cause the oil filter to loosen or come off while the vehicle is being driven, causing oil to spill out of the engine. This can happen even when the filter has been fitted correctly, and it can happen without any warning to the driver. The hazards to consumers Risk of death, serious injury or property damage (including to other road users) from an accident if the filter loosens or comes off the engine while the vehicle is being driven. The oil spill from the engine may cause a fire if it comes into contact with the hot engine parts. An incident causing oil loss to a vehicle has occurred. What consumers should do Stop driving the vehicle immediately if you have the oil filter installed and do not use your vehicle until the oil filter is replaced. If you have not yet fitted the oil filter, do not install it. If the oil filter has been installed in your vehicle, Basco will cover the reasonable costs of having your vehicle inspected and oil filter replaced. Please provide your receipts to Basco when you contact them. If the oil filter has not been installed yet: If you purchased the standalone oil filter from Basco or Allied Auto Online, contact Basco to arrange a free replacement or full refund, If you purchased the",https://www.productsafety.gov.au/search-consumer-product-recalls/basco-bfo-15671-oil-filter-for-diesel-engines,Car parts and accessories,15671 2012 2013 2020 2021 2026 4jj1 4jj3 9356247149707 9356247157535 accessories accident affected allied and any arrange aug auto b30 barcode basco base been being bfo both bt50 bunf5 bunnings can car cause causing come comes consumers contact containing correctly costs cover damage death description diesel driven driver driving engine engines even filter fire fitted following for found free from full happen has have having hazards hot immediately incident including injury inspected install installed into isuzu kit kits loosen loosens,maybe
GASGAS Motocross and Cross Country motorbikes (MY21-24),2026-08-27,"27 Aug 2026 Product description Full-sized MX motocross and Cross Country models with BRAKTEC rear brake system. 2-stroke and 4-stroke models MC and EX models variants Model years 2021 – 2024 Please see attached list of affected VINs. These motorbikes are not road-registerable. Reason the product is recalled The rear brake calliper assembly may crack and break under excessive stress loads. The hazards to consumers Risk of serious injury or death if the brake calliper fails and causes an accident. An incident of the brake calliper failing causing an accident has occurred overseas. What consumers should do Stop using the dirt bike immediately. Do not use the bike until the rear brake calliper has been replaced by an authorised dealership. Contact your local authorised dealer to schedule an appointment to have the rear brake calliper, including the calliper bracket, replaced at no cost to you. Do not attempt to replace the calliper yourself. For further information or assistance with this recall, please contact your authorised dealer or KTM Australia Pty Ltd. Contact KTM Australia Pty Ltd Call: 1800 644 771 Email: recalls-au@gasgas.com Visit: https://www.gasgas.com/en-au.html",https://www.productsafety.gov.au/search-consumer-product-recalls/gasgas-motocross-and-cross-country-motorbikes-my21-24,Dirt bikes and miniature motorbikes,1800 2021 2024 2026 644 771 accident affected and appointment are assembly assistance attached attempt aug australia authorised been bike bikes bracket brake braktec break call calliper causes causing com consumers contact cost country crack cross dealer dealership death description dirt email excessive failing fails for full further gasgas has have hazards html https immediately incident including information injury ktm list loads local ltd may miniature model models motocross motorbikes my21 not occurred overseas please product pty rear reason recall,maybe
Husqvarna Cross Country dirt bikes,2026-08-27,"27 Aug 2026 Product description Cross Country dirt bikes with BRAKTEC rear brake system. Affected model variants: TX300 FX350 Model years 2022 – 2024 Please see attached list of affected VINs. These motorbikes are not road-registerable. Reason the product is recalled The rear brake calliper assembly may crack and break under excessive stress loads. The hazards to consumers Risk of serious injury or death if the brake calliper fails and causes an accident. An incident of the brake calliper failing causing an accident has occurred overseas. What consumers should do Stop using the dirt bike immediately. Do not use the bike until the rear brake calliper has been replaced by an authorised dealership. Contact your local authorised dealer to schedule an appointment to have the rear brake calliper, including the calliper bracket, replaced at no cost to you. Do not attempt to replace the calliper yourself. For further information or assistance with this recall, please contact your authorised dealer or HQVA Pty Ltd. Contact HQVA Pty Ltd Call 1800 644 771 Email: recalls-au@husqvarna-mobility.com Visit https://www.husqvarna-motorcycles.com/en-au.html",https://www.productsafety.gov.au/search-consumer-product-recalls/husqvarna-cross-country-dirt-bikes,Dirt bikes and miniature motorbikes,1800 2022 2024 2026 644 771 accident affected and appointment are assembly assistance attached attempt aug authorised been bike bikes bracket brake braktec break call calliper causes causing com consumers contact cost country crack cross dealer dealership death description dirt email excessive failing fails for further fx350 has have hazards hqva html https husqvarna immediately incident including information injury list loads local ltd may miniature mobility model motorbikes motorcycles not occurred overseas please product pty rear reason recall recalled recalls,maybe
Tea infuser,2026-08-21,"21 Aug 2026 Product description Tea infuser designed for use with Frank Green ceramic reusable cups and bottles 295ml and up. Product number: D21S30 Reason the product is recalled On affected tea infusers, sections of the metal finish on the top metal rim may be loose or raised. The hazards to consumers Risk of injury from cuts or scratches by the loose or raised section of the tea infuser when used. An incident of a consumer being scratched has occurred. What consumers should do Stop using the product immediately and inspect the product for loose or raised metal materials on the tea infuser. If your product is affected, contact Frank Green to arrange for a full refund and dispose of the product in accordance with local waste disposal requirements. If you require further information or assistance with this recall, contact Frank Green. Contact Frank Green Email: hello@frankgreen.com.au or use the Contact form Customer service team available between 9:00am and 5:00pm, Monday to Friday",https://www.productsafety.gov.au/search-consumer-product-recalls/tea-infuser,Kitchenware and containers,00am 00pm 2026 295ml accordance affected and arrange assistance aug available being between bottles ceramic com consumer consumers contact containers cups customer cuts d21s30 description designed disposal dispose email finish for form frank frankgreen friday from full further green has hazards hello immediately incident information infuser infusers injury inspect kitchenware local loose materials may metal monday number occurred product raised reason recall recalled refund require requirements reusable rim risk scratched scratches section sections service should stop tea team the this,maybe
Babybee toddler board with detachable seat,2026-08-21,"21 Aug 2026 Product description The Babybee toddler board is a stroller accessory that can be used as a standing toddler board or with a detachable seat. Only the detachable seat is recalled. The toddler board itself is not affected. The toddler boards with the affected detachable seat have batch numbers X-001, X-002, X-012A and X-015D. These can be found on the underside of the toddler board. Reason the product is recalled The detachable seat may break at the point where the seat attaches to the main pole of the product. The hazards to consumers Risk of serious injury to a child from a fall if the detachable seat breaks while in use. Incidents have occurred. What consumers should do Stop using the toddler board immediately and check the batch number on the underside of your Babybee toddler board. If your toddler board has batch number X-001, X-002, X-012A or X-015D, remove the detachable seat from the toddler board. The toddler board may continue to be used in standing mode without the detachable seat. Dispose of the affected detachable seat in your household general waste bin. Register your affected product at: https://babybeeonline.com/pages/recall Babybee will provide affected consumers with a replacement detachable seat free of charge. Replacement seats are expected to be available from approximately early October 2026. Registered consumers will be contacted when replacement seats are ready for dispatch and will receive updates if this timing changes. Contact Babybee if you require further information or assistance with this recall. Contact Babybee Prams Pty Ltd Email au.support@babybeeonline.com Visit babybeeonline.com",https://www.productsafety.gov.au/search-consumer-product-recalls/babybee-toddler-board-with-detachable-seat,Prams and strollers,001 002 012a 015d 2026 accessory affected and approximately are assistance attaches aug available babybee babybeeonline batch bin board boards break breaks can changes charge check child com consumers contact contacted continue description detachable dispatch dispose early email expected fall for found free from further general has have hazards household https immediately incidents information injury itself ltd main may mode not number numbers occurred october only pages point pole prams product provide pty ready reason recall recalled receive register registered,maybe
Weet-Bix Wearable Blanket,2026-08-20,"20 Aug 2026 Product description Wearable hooded blanket in child and adult sizes. Reason the product is recalled The products do not comply with the mandatory standard for children’s nightwear . The products do not include the required fire hazard warning label. The hazards to consumers There is a risk of serious burn injuries if the product is exposed to a heat or flame source. Consumers may not be aware of this risk. What consumers should do Stop using the blanket immediately and place away from heat sources or flames. Contact Sanitarium to arrange to return the product for a full refund. For further information or assistance with this recall, please contact Sanitarium. Contact Sanitarium Health Food Company Call 1800 673 392 Email hello@sanitarium.com.au Visit http://www.weetbix.com.au/recall",https://www.productsafety.gov.au/search-consumer-product-recalls/weet-bix-wearable-blanket,Clothing (daywear),1800 2026 392 673 adult and arrange assistance aug aware away bix blanket burn call child children clothing com company comply consumers contact daywear description email exposed fire flame flames food for from full further hazard hazards health heat hello hooded http immediately include information injuries label mandatory may nightwear not place please product products reason recall recalled refund required return risk sanitarium serious should sizes source sources standard stop the there this using visit warning wearable weet weetbix what,maybe
ORBEA Optima Asphalt & Comfort e-bikes,2026-08-19,"19 Aug 2026 Product description Optima step-through e-bikes in two models: Asphalt Comfort Affected models have a VIN containing SNKIN19A. Please see attached list of affected warranty numbers. Reason the product is recalled A fault in the bike’s frame welding may cause the frame to break while in use. The hazards to consumers Risk of death, serious injury or property damage (including to other road users) if the bike’s frame breaks while in use and causes an accident. What consumers should do Stop using the bike and check the VIN engraved on the frame. If the bike’s VIN contains SNKIN19A, contact your nearest ORBEA dealer to arrange for a free replacement. Contact ORBEA if you require further assistance or information with this recall. Contact ORBEA Call: 0400 261 990 Email: scampo@orbea.com Visit: https://www.orbea.com/en-au/contact",https://www.productsafety.gov.au/search-consumer-product-recalls/orbea-optima-asphalt-comfort-e-bikes,Bicycles and scooters (push),0400 2026 261 990 accident affected and arrange asphalt assistance attached aug bicycles bike bikes break breaks call cause causes check com comfort consumers contact containing contains damage dealer death description email engraved fault for frame free further have hazards https including information injury list may models nearest numbers optima orbea other please product property push reason recall recalled replacement require risk road scampo scooters see serious should snkin19a step stop the this through two use users using vin visit,maybe
Playground Plus Box 4: Play With Purpose 10-12m toy box,2026-08-18,"18 Aug 2026 Product description Pull string tentacle silicone sensory toy from the Play With Purpose set. Only the pull string tentacle silicone toy is affected in the set. SKU: 1011414 Reason the product is recalled The tentacle toy may not comply with the mandatory standard for toys for children up to and including 36 months of age . The product’s silicone pull strings that are too long and can reach the back of a child's throat causing choking or asphyxiation. Small parts may detach from the product and cause a child to choke if they place them in their mouth. The hazards to consumers Risk of serious injury or death from choking and asphyxiation if a child places the silicone pull strings in their mouth or if small parts detach from the toy and the child places them in their mouth. What consumers should do Stop using the tentacle silicone sensory toy immediately and place out of reach of children. Cut the strings of the toy and take a photograph of the toy before disposing of it in household waste. Email the photograph and your order details to info@livingtextiles.com.au to receive a refund of the value of the tentacle sensory toy within 30 days. For further information or assistance with this recall, please email Living Textiles Australia. Contact Roger Lee (AUST) PTY LTD Email info@livingtextiles.com.au Visit https://www.livingtextiles.com.au",https://www.productsafety.gov.au/search-consumer-product-recalls/playground-plus-box-4-play-with-purpose-10-12m-toy-box,Learning and activity toys,1011414 12m 2026 activity affected age and are asphyxiation assistance aug aust australia back before box can cause causing child children choke choking com comply consumers contact cut days death description detach details disposing email for from further hazards household https immediately including info information injury learning lee living livingtextiles long ltd mandatory may months mouth not only order out parts photograph place places play playground please plus product pty pull purpose reach reason recall recalled receive refund risk roger,maybe
Pull String Interactive Toys,2026-08-18,"18 Aug 2026 Product description Pull string silicone sensory toy for infants in two styles: Dusty (SKU: 4236397) Jimmy (SKU: 4236484) Reason the product is recalled The product may not comply with the mandatory standard for toys for children up to and including 36 months of age . The product’s silicone pull strings that are too long and can reach the back of a child's throat causing choking or asphyxiation. Small parts may detach from the product and cause a child to choke if they place them in their mouth. The hazards to consumers Risk of serious injury or death from choking and asphyxiation if a child places the silicone pull strings in their mouth or if small parts detach from the toy and the child places them in their mouth. What consumers should do Stop using the toy immediately and place out of reach of children. Cut the strings of the toy and take a photograph of the toy before disposing of it in household waste. Email the photograph and your order details to info@livingtextiles.com.au to receive a full refund within 30 days. For further information or assistance with this recall, please email Living Textiles Australia. Contact Roger Lee (AUST) PTY LTD Email info@livingtextiles.com.au Visit https://www.livingtextiles.com.au",https://www.productsafety.gov.au/search-consumer-product-recalls/pull-string-interactive-toys,Learning and activity toys,2026 4236397 4236484 activity age and are asphyxiation assistance aug aust australia back before can cause causing child children choke choking com comply consumers contact cut days death description detach details disposing dusty email for from full further hazards household https immediately including infants info information injury interactive jimmy learning lee living livingtextiles long ltd mandatory may months mouth not order out parts photograph place places please product pty pull reach reason recall recalled receive refund risk roger sensory serious,maybe
Two-stage LPG gas pressure regulator for Snowy River and Newgen caravans,2026-08-17,"17 Aug 2026 Product description Compact metal regulator fitted to the gas system of Snowy River and Newgen caravans. Model: RV-One HDJYF1001-1 AGA approval: 9191 The regulator is mounted on the A-frame at the front of the caravan, between the gas cylinders and the body of the van and is connected to the cylinders by flexible pigtail hoses. Please see attached list of chassis numbers with affected regulators. The chassis number is engraved on the A-Frame and on the compliance plate inside the tunnel boot. Reason the product is recalled The diaphragm inside the gas regulator can fail, causing the regulator to leak LPG gas. The hazards to consumers Risk of serious injury or death if the gas leaks near an ignition source and causes an explosion or fire. Risk of serious injury or death by asphyxiation if the leak causes a build-up of gas in an enclosed space. Incidents of the regulator failing and leaking LPG gas have occurred. What consumers should do Stop using the regulator immediately and ensure both gas bottle and regulator are turned off. Contact Regent RV via the customer portal link below to arrange for a licenced gas fitter to replace the regulator free of charge. For further information or assistance with this recall, please contact Regent RV. Contact Regent RV Call 1800 485 031 Email recall@snowyrivercaravans.com.au for Snowy River Caravans or recall@newgencaravans.com.au for NewGen caravans Customer portal link https://snowyrivercaravans.com.au/recall-lookup-chassis-search/",https://www.productsafety.gov.au/search-consumer-product-recalls/two-stage-lpg-gas-pressure-regulator-for-snowy-river-and-newgen-caravans,Gas products and appliances,031 1800 2026 485 9191 affected aga and appliances approval are arrange asphyxiation assistance attached aug below between body boot both bottle build call can caravan caravans causes causing charge chassis com compact compliance connected consumers contact customer cylinders death description diaphragm email enclosed engraved ensure explosion fail failing fire fitted fitter flexible for frame free front further gas have hazards hdjyf1001 hoses https ignition immediately incidents information injury inside leak leaking leaks licenced link list lookup lpg metal model,maybe
Nevenka Baby pull string giraffe toy,2026-08-12,"12 Aug 2026 Product description Giraffe motor skills toy with silicone pull strings, textured surfaces and colours. Reason the product is recalled The product does not comply with the mandatory standard for toys for children up to and including 36 months of age . The product’s silicone pull strings that are too long and can reach the back of a child's throat causing choking or asphyxiation. The feet on the ends of the silicone pull strings can detach from the product and cause a child to choke if they place them in their mouth. The hazards to consumers Risk of serious injury or death from choking and asphyxiation if a child places the silicone pull strings in their mouth or the feet detach from the toy’s pull strings and the child places them in their mouth. What consumers should do Stop using the toy immediately and place out of reach of children. Cut the strings of the toy and take a photograph before disposing of it in household waste. Contact Y Warehouse directly with your order details and the photograph to arrange for a full refund. For further information or assistance with this recall, contact Y Warehouse. Contact Y Warehouse Email: bretpotestas@ywarehouse.com",https://www.productsafety.gov.au/search-consumer-product-recalls/nevenka-baby-pull-string-giraffe-toy,Rattles and toy teethers,2026 age and are arrange asphyxiation assistance aug baby back before bretpotestas can cause causing child children choke choking colours com comply consumers contact cut death description detach details directly disposing does email ends feet for from full further giraffe hazards household immediately including information injury long mandatory months motor mouth nevenka not order out photograph place places product pull rattles reach reason recall recalled refund risk serious should silicone skills standard stop string strings surfaces take teethers textured that,maybe
True Blue robotic pool cleaner sold at Bunnings Warehouse,2026-08-06,"6 Aug 2026 Product description Rechargeable robotic swimming pool cleaner. Please see attached list of affected serial numbers. Reason the product is recalled The affected product’s lithium-ion battery may overheat and ignite if charged in hot weather or direct sunlight and catch fire. The hazards to consumers Risk of serious injury or death and property damage if the cleaner ignites and causes a fire. Incidents of the cleaner catching fire while charging have occurred. What consumers should do Stop using the robotic pool cleaner immediately. Unplug it and place it in a cool place. Call the True Blue Customer Service number to arrange for a courier to collect the robotic pool cleaner, free of charge. You will need to provide your details, contact information, including the serial number of the robotic pool cleaner (available under the hood). Once the robotic pool cleaner has been collected, the courier will provide you with a receipt and you will be contacted by Bunnings, who will arrange the payment of a full refund. Contact True Blue Customer Service Call: 1300 827 665",https://www.productsafety.gov.au/search-consumer-product-recalls/true-blue-robotic-pool-cleaner-sold-at-bunnings-warehouse,Lithium-ion batteries,1300 2026 665 827 affected and arrange attached aug available batteries battery been blue bunnings call catch catching causes charge charged charging cleaner collect collected consumers contact contacted cool courier customer damage death description details direct fire for free full has have hazards hood hot ignite ignites immediately incidents including information injury ion list lithium may need number numbers occurred once overheat payment place please pool product property provide reason recalled receipt rechargeable refund risk robotic see serial serious service,maybe
Findon Light Up Sensory Plush,2026-08-06,"6 Aug 2026 Product description Sensory light up plush toys, in assorted animal designs and powered by 4 AA batteries. SKU: 718761 Reason the product is recalled The product contains a non-compliant circuit board, which may cause the product to overheat and catch fire. The hazards to consumers Risk of serious burn injury and property damage if the toy overheats or catches fire while in use. Incidents of overheating have occurred. What consumers should do Stop using the toy immediately, remove the AA batteries and place out of reach of children. Return the toy to any ALDI store for a full refund. Contact Aldi if you require further information or assistance with this recall. Contact ALDI Call 13 25 34 (Monday to Friday, 8.30am to 5.30pm) Email customer@service.aldi.com.au Visit https://www.aldi.com.au",https://www.productsafety.gov.au/search-consumer-product-recalls/findon-light-up-sensory-plush,Stuffed and plush toys,2026 30am 30pm 718761 aldi and animal any assistance assorted aug batteries board burn call catch catches cause children circuit com compliant consumers contact contains customer damage description designs email findon fire for friday full further have hazards https immediately incidents information injury light may monday non occurred out overheat overheating overheats place plush powered product property reach reason recall recalled refund remove require return risk sensory serious service should sku stop store stuffed the this toy toys use using,maybe
Secret diary pen with UV light,2026-08-05,"5 Aug 2026 Product description Clear fluid pen with inbuilt UV light to illuminate the ink. Reason the product is recalled The pen doesn’t comply with the mandatory standards for products containing button/coin batteries . The battery isn’t secured, and children could access the button/coin battery. The hazards to consumers Children are at risk of choking, serious injury or death if they swallow or place button/coin batteries inside their bodies. If you suspect a child has swallowed or inserted a button/coin battery: Call Triple Zero (000) if your child is bleeding or having any difficulty breathing. Call the Poisons Information Centre immediately on 13 11 26, available 24 hours a day. They can direct you to an appropriate medical facility. Early action can save lives. Do not wait for symptoms to develop. What consumers should do Stop using the product immediately and keep out of reach of children. Return the product to the place of purchase for a full refund. For further assistance or information about this recall, contact Splosh Australia. Contact Splosh Australia Call: (07) 3805 4718 Email: Sales@splosh.com.au Visit: https://www.splosh.com.au/",https://www.productsafety.gov.au/search-consumer-product-recalls/secret-diary-pen-with-uv-light,Button batteries,000 2026 3805 4718 about access action and any appropriate are assistance aug australia available batteries battery bleeding bodies breathing button call can centre child children choking clear coin com comply consumers contact containing could day death description develop diary difficulty direct doesn early email facility fluid for full further has having hazards hours https illuminate immediately inbuilt information injury ink inserted inside isn keep light lives mandatory medical not out pen place poisons product products purchase reach reason recall,maybe
Jollybaby baby sensory pull string toy whale,2026-08-03,"3 Aug 2026 Product description Plush sensory and teething toy with pull strings, textured surfaces and colours. Reason the product is recalled The product may not comply with the mandatory standard for toys for children up to and including 36 months of age as it was not tested to this standard prior to sale. Small parts may detach from the product. The hazards to consumers Risk of serious injury or death from choking if small parts detach from the toy and the child places them in their mouth. What consumers should do Stop using the toy immediately and place out of reach of children. Cut the strings of the toy and take a photograph before disposing of it in household waste. Email the photograph and your order details to oneoneplusau@gmail.com to receive a full refund. For further information or assistance with this recall, please email BabyCoo Australia. Contact BabyCoo Australia Email: oneoneplusau@gmail.com Visit: https://babycoo.com.au/",https://www.productsafety.gov.au/search-consumer-product-recalls/jollybaby-baby-sensory-pull-string-toy-whale,Rattles and toy teethers,2026 age and assistance aug australia baby babycoo before child children choking colours com comply consumers contact cut death description detach details disposing email for from full further gmail hazards household https immediately including information injury jollybaby mandatory may months mouth not oneoneplusau order out parts photograph place places please plush prior product pull rattles reach reason recall recalled receive refund risk sale sensory serious should small standard stop string strings surfaces take teethers teething tested textured the their them,maybe
Glow Crown Headbands with LED battery pack,2026-07-31,"31 Jul 2026 Product description LED battery pack used in a children’s craft activity at Fizz Kidz to create glow crown headbands. Reason the product is recalled The battery pack doesn’t comply with the mandatory standard for products containing button/coin batteries . The battery isn’t secured, and children could access the button/coin battery. The hazards to consumers Children are at risk of choking, serious injury or death if they swallow or place button or coin batteries inside their bodies. If you suspect a child has swallowed or inserted a button or coin battery: Call Triple Zero (000) if your child is bleeding or having any difficulty breathing. Call the Poisons Information Centre immediately on 13 11 26, available 24 hours a day. They can direct you to an appropriate medical facility. Early action can save lives. Do not wait for symptoms to develop. What consumers should do Stop using the affected product immediately and place out of reach of children. Remove the LED battery pack from the crown and place in a secure container or sealed bag. Do not open the battery casing or attempt to remove the batteries. Return the battery pack to any Fizz Kidz studio or dispose of it properly through your local battery or e-waste recycling facility. Fizz Kidz will provide a free replacement with a compliant battery pack. Contact Fizz Kids if you have any questions or need assistance returning the battery pack. Contact Fizz Kidz Phone: 03 9059 8144 Email: kym@fizzkidz.com.au",https://www.productsafety.gov.au/search-consumer-product-recalls/glow-crown-headbands-with-led-battery-pack,Button batteries,000 2026 8144 9059 access action activity affected and any appropriate are assistance attempt available bag batteries battery bleeding bodies breathing button call can casing centre child children choking coin com compliant comply consumers contact container containing could craft create crown day death description develop difficulty direct dispose doesn early email facility fizz fizzkidz for free from glow has have having hazards headbands hours immediately information injury inserted inside isn jul kids kidz kym led lives local mandatory medical need,maybe
Pokémon Pikachu Co-BOLT teapot,2026-07-31,"31 Jul 2026 Product description Blue collectible teapot with Pokémon Pikachu character design. Reason the product is recalled The product does not include a warning label specifying that the maximum safe temperature limit is 90°C. The teapot may crack, break or otherwise fail when filled with hot liquid. The hazards to consumers Risk of serious burn injuries and laceration from sharp edges if the teapot cracks or breaks. Incidents of the teapot cracking during use have occurred, with one reported burn injury. What consumers should do Stop using the teapot immediately. Return the product to your nearest EB Games or Zing Pop Culture store for a full refund. To assist with processing your refund quickly, please provide your proof of purchase. If you cannot find your proof of purchase or you have gifted the product to another person, please contact EB Games Customer Service. Contact EB Games Call: 07 4800 4084 8am to 4pm Monday to Friday Email: customer.service@ebgames.com.au",https://www.productsafety.gov.au/search-consumer-product-recalls/pok%C3%A9mon-pikachu-co-bolt-teapot,Kitchenware and containers,2026 4084 4800 4pm 8am and another assist blue bolt break breaks burn call cannot character collectible com consumers contact containers crack cracking cracks culture customer description design does during ebgames edges email fail filled find for friday from full games gifted have hazards hot immediately incidents include injuries injury jul kitchenware label laceration limit liquid maximum may mon monday nearest not occurred one otherwise person pikachu please pok pop processing product proof provide purchase quickly reason recalled refund reported,maybe
Aussie Clean Drain Cleaner 4pk,2026-07-30,"30 Jul 2026 Product description Drain cleaning powder used to help clear blocked household drains and pipes, supplied in 4 single-use foil packs for domestic use. Reason the product is recalled The product is not packed and labelled as legally required. The packaging does not contain the required safety information to ensure consumers know how to handle the product safely. The hazards to consumers Risk of serious illness or death if a child swallows the contents of the product. Risk of serious injury if the product comes into contact with mucous membranes (eg, mouth, nose or eyes) or skin. An incident of a child ingesting the product has occurred. What consumers should do Stop using the product immediately and place out of reach of children. Return the product to the place of purchase for a full refund. Contact MNB Variety Imports Call: 02 9690 1622 Email: Info@mnb.com.au",https://www.productsafety.gov.au/search-consumer-product-recalls/aussie-clean-drain-cleaner-4pk,Cleaning products,1622 2026 4pk 9690 and aussie blocked call child children clean cleaner cleaning clear com comes consumers contact contain contents death description does domestic drain drains email ensure eyes foil for full handle has hazards help household how illness immediately imports incident info information ingesting injury into jul know labelled legally membranes mnb mouth mucous nose not occurred out packaging packed packs pipes place powder product products purchase reach reason recalled refund required return risk safely safety serious should single,maybe
Crazer LED light show toy - 5 Images,2026-07-28,"28 Jul 2026 Product description Interactive laser cat toy that contains button batteries. Reason the product is recalled The cat toy doesn’t comply with the mandatory standards for products containing button/coin batteries . The battery isn’t secured, and children could access the button/coin battery. The screw isn’t secured to the battery covering and could be lost when replacing the battery. The hazards to consumers Children are at risk of choking, serious injury or death if they swallow or place button/coin batteries inside their bodies. If you suspect a child has swallowed or inserted a button/coin battery: Call Triple Zero (000) if your child is bleeding or having any difficulty breathing. Call the Poisons Information Centre immediately on 13 11 26, available 24 hours a day. They can direct you to an appropriate medical facility. Early action can save lives. Do not wait for symptoms to develop. What consumers should do Stop using the product immediately and keep out of reach of children. Return the product to the place of purchase for a full refund. Contact Pet Pacific Pty Ltd Call: 02 4728 6000 Email: support@petpacific.com.au",https://www.productsafety.gov.au/search-consumer-product-recalls/crazer-led-light-show-toy-5-images,Button batteries,000 2026 4728 6000 access action and any appropriate are available batteries battery bleeding bodies breathing button call can cat centre child children choking coin com comply consumers contact containing contains could covering crazer day death description develop difficulty direct doesn early email facility for full has having hazards hours images immediately information injury inserted inside interactive isn jul keep laser led light lives lost ltd mandatory medical not out pacific pet petpacific place poisons product products pty purchase reach,maybe
The Dot Space laser cat toy,2026-07-28,"28 Jul 2026 Product description Interactive laser cat toy that contains button batteries. Reason the product is recalled The cat toy doesn’t comply with the mandatory standards for products containing button/coin batteries . The battery isn’t secured, and children could access the button/coin battery. The screw isn’t secured to the battery covering and could be lost when replacing the battery. The hazards to consumers Children are at risk of choking, serious injury or death if they swallow or place button/coin batteries inside their bodies. If you suspect a child has swallowed or inserted a button/coin battery: Call Triple Zero (000) if your child is bleeding or having any difficulty breathing. Call the Poisons Information Centre immediately on 13 11 26, available 24 hours a day. They can direct you to an appropriate medical facility. Early action can save lives. Do not wait for symptoms to develop. What consumers should do Stop using the product immediately and keep out of reach of children. Return the product to the place of purchase for a full refund. Contact Pet Pacific Pty Ltd Call: 02 4728 6000 Email: support@petpacific.com.au",https://www.productsafety.gov.au/search-consumer-product-recalls/the-dot-space-laser-cat-toy,Button batteries,000 2026 4728 6000 access action and any appropriate are available batteries battery bleeding bodies breathing button call can cat centre child children choking coin com comply consumers contact containing contains could covering day death description develop difficulty direct doesn dot early email facility for full has having hazards hours immediately information injury inserted inside interactive isn jul keep laser lives lost ltd mandatory medical not out pacific pet petpacific place poisons product products pty purchase reach reason recalled refund,maybe
ARB bull bar mounting brackets for MY26 N90 Hilux,2026-07-28,"28 Jul 2026 Product description Brackets for mounting a bull bar to the front of MY26 N90 Hilux vehicles. Affected bull bars: Summit MKII (part number 3414770) Commercial Bar (part number 3414780) Reason the product is recalled The mounting brackets may become loose during or after use on corrugated roads, causing the bull bar to detach from the vehicle. The hazards to consumers Risk of serious injury or property damage (including to other road users) if the bull bar detaches from the vehicle. An incident of the bull bar detaching has occurred. What consumers should do Stop using the vehicle on corrugated roads immediately. Contact your nearest ARB store to arrange for a free replacement of the bull bar mounting brackets. For further information or assistance with this recall please contact your nearest ARB store. Contact ARB Corporation Ltd call: 1800 879 602 email: productrecall@arb.com.au visit: https://www.arb.com.au",https://www.productsafety.gov.au/search-consumer-product-recalls/arb-bull-bar-mounting-brackets-for-my26-n90-hilux,Car parts and accessories,1800 2026 3414770 3414780 602 879 accessories affected after and arb arrange assistance bar bars become brackets bull call car causing com commercial consumers contact corporation corrugated damage description detach detaches detaching during email for free from front further has hazards hilux https immediately incident including information injury jul loose ltd may mkii mounting my26 n90 nearest number occurred other part parts please product productrecall property reason recall recalled replacement risk road roads serious should stop store summit the this,maybe
Scented wood bowl & coconut bowl candles,2026-07-24,24 Jul 2026 Product description Scented candles in various wood and coconut bowls. Reason the product is recalled The products do not comply with the permanent ban on combustible candle holders . The candles have wood and coconut containers and contain dried flowers that present a fire risk. The hazards to consumers Risk of serious injury or death from burns and/or property damage if the candle catches fire. What consumers should do Stop using the candle immediately and place it away from any ignition source. Contact Verve & Vibe for a free replacement product or a full refund. Contact Verve & Vibe Call: 0400 567 954 Email: info@vervevibe.com.au Visit: https://www.vervevibe.com.au/,https://www.productsafety.gov.au/search-consumer-product-recalls/scented-wood-bowl-coconut-bowl-candles,"Decorations, candles and novelties",0400 2026 567 954 and any away ban bowl bowls burns call candle candles catches coconut com combustible comply consumers contact contain containers damage death decorations description dried email fire flowers for free from full have hazards holders https ignition immediately info injury jul not novelties permanent place present product products property reason recalled refund replacement risk scented serious should source stop that the using various verve vervevibe vibe visit what with wood www,maybe
Mondraker ONOFF S9 carbon MTB handlebar,2026-07-24,"24 Jul 2026 Product description OnOff S9 carbon MTB handlebar supplied as original on certain Mondraker mountain bikes. Model: ONOFF S9 Affected bike models: Crafty Carbon RR S Crafty Carbon XR Crafty Carbon RR SL Crafty Unlimited Gulf Dune Carbon XR Foxy Carbon RR Level XR Neat RR SL Zendit R Zendit RR Zendit RR S Zendit XR Raze Carbon RR Please see attached list of affected serial numbers and traders. Identifying features description The serial number can be found on the down tube or on the bottom bracket of the bike. Reason the product is recalled Due to a manufacturing defect, the handlebar can crack or break unexpectedly during use. The hazards to consumers Risk of serious injury or death if the handlebar cracks or breaks and causes a rider to lose control of the bicycle and fall. Incidents of the handlebar breaking have occurred. What consumers should do Stop using the affected bicycle immediately. Check if your bicycle is an affected bicycle by entering the bicycle serial number on the ONOFF/Mondraker recall website . Contact the place of purchase or your authorised Mondraker dealer to arrange for a free inspection, replacement and installation of a new reinforced handlebar. For more information or assistance with this recall, contact the place of purchase or your authorised Mondraker dealer. Contact ONOFF/Mondraker Email: recall@mondraker.com Visit: https://mondraker.com/wo/en/recall-s9",https://www.productsafety.gov.au/search-consumer-product-recalls/mondraker-onoff-s9-carbon-mtb-handlebar,Bicycles and scooters (push),2026 affected and arrange assistance attached authorised bicycle bicycles bike bikes bottom bracket break breaking breaks can carbon causes certain check com consumers contact control crack cracks crafty dealer death defect description down due dune during email entering fall features for found foxy free gulf handlebar have hazards https identifying immediately incidents information injury inspection installation jul level list lose manufacturing model models mondraker more mountain mtb neat new number numbers occurred onoff original place please product purchase push raze,maybe
XTM TTF fridge freezer range,2026-07-23,"23 Jul 2026 Product description 12/24V portable camping fridge freezer. Product Part No. PLU XTM TTF20 20L Fridge Freezer CFB23020 717089 XTM TTF30 30L Fridge Freezer CFB23030 717090 XTM TTF40 40L Fridge Freezer CFB23240 717091 XTM TTF75 75L Fridge Freezer CFB23275 717092 Reason the product is recalled The product does not comply with the mandatory Australian and New Zealand flammability requirements. The hazards to consumers Risk of serious injury, death or property damage if the product catches fire. What consumers should do Stop using the product immediately. Return the product to your nearest store of purchase for a full refund. Contact BCF Call: 1300 880 764 Visit: https://www.bcf.com.au/contactus Supercheap Auto Call: 1300 175 010 Visit: https://www.supercheapauto.com.au/contactus",https://www.productsafety.gov.au/search-consumer-product-recalls/xtm-ttf-fridge-freezer-range,Camping,010 1300 175 2026 20l 24v 30l 40l 717089 717090 717091 717092 75l 764 880 and australian auto bcf call camping catches cfb23020 cfb23030 cfb23240 cfb23275 com comply consumers contact contactus damage death description does fire flammability for freezer fridge full hazards https immediately injury jul mandatory nearest new not part plu portable product property purchase range reason recalled refund requirements return risk serious should stop store supercheap supercheapauto the ttf ttf20 ttf30 ttf40 ttf75 using visit what with www,maybe
Krabooz Temperature Gauge & Hydrometer,2026-07-22,"22 Jul 2026 Product description Temperature and humidity gauge for hermit crab enclosure. Reason the product is recalled The product doesn’t comply with the mandatory standard for products containing button/coin batteries . The packaging is missing warning information about: the dangers of button/coin batteries to children what to do when a person suspects someone has swallowed or placed a button/coin battery inside any part of their body. The hazards to consumers Children are at risk of choking, severe internal burn injuries or death if they swallow or place button or coin batteries inside their bodies. Serious injury can occur in as little as 2 hours and the results can be fatal. In Australia, children have suffered serious injuries or died from swallowing button/coin batteries. If you suspect a child has swallowed or inserted a button/coin battery: Call Triple Zero (000) if your child is bleeding or having any difficulty breathing. Call the Poisons Information Centre immediately on 13 11 26, available 24 hours a day. They can direct you to an appropriate medical facility. Early action can save lives. Do not wait for symptoms to develop. What consumers should do Stop using the product immediately and keep it out of reach of children. Return the product to the place of purchase for a full refund. If you are unable to return the product to the place of purchase, contact KPHB Pty Ltd to arrange the return of the product and a full refund. Contact KPHB Pty Ltd Call: 02 9646 1242 Email: sales@happybash.com.au",https://www.productsafety.gov.au/search-consumer-product-recalls/krabooz-temperature-gauge-hydrometer,Button batteries,000 1242 2026 9646 about action and any appropriate are arrange australia available batteries battery bleeding bodies body breathing burn button call can centre child children choking coin com comply consumers contact containing crab dangers day death description develop died difficulty direct doesn early email enclosure facility fatal for from full gauge happybash has have having hazards hermit hours humidity hydrometer immediately information injuries injury inserted inside internal jul keep kphb krabooz little lives ltd mandatory medical missing not occur,maybe
Insectimo hygrometer,2026-07-22,"22 Jul 2026 Product description Hydrometer and temperature gauge for stick insects. Reason the product is recalled The product doesn’t comply with the mandatory standard for products containing button/coin batteries . The packaging is missing warning information about the dangers of button/coin batteries to children what to do when a person suspects someone has swallowed or placed a button/coin battery inside any part of their body. The hazards to consumers Children are at risk of choking, severe internal burn injuries or death if they swallow or place button or coin batteries inside their bodies. Serious injury can occur in as little as 2 hours and the results can be fatal. In Australia, children have suffered serious injuries or died from swallowing button/coin batteries. If you suspect a child has swallowed or inserted a button/coin battery: Call Triple Zero (000) if a child is having any difficulty breathing. Call the Poisons Information Centre immediately on 13 11 26, available 24 hours a day. They can direct you to an appropriate medical facility. Early action can save lives. Do not wait for symptoms to develop. What consumers should do Stop using the product immediately and keep it out of reach of children. Return the product to the place of purchase for a full refund. If you are unable to return the product to the place of purchase, contact KPHB Pty Ltd to arrange the return of the product and a full refund. Contact KPHB Pty Ltd Call: 02 9646 1242 Email: sales@happybash.com.au",https://www.productsafety.gov.au/search-consumer-product-recalls/insectimo-hygrometer,Button batteries,000 1242 2026 9646 about action and any appropriate are arrange australia available batteries battery bodies body breathing burn button call can centre child children choking coin com comply consumers contact containing dangers day death description develop died difficulty direct doesn early email facility fatal for from full gauge happybash has have having hazards hours hydrometer hygrometer immediately information injuries injury insectimo insects inserted inside internal jul keep kphb little lives ltd mandatory medical missing not occur out packaging part,maybe
Amara Heel,2026-07-17,"17 Jul 2026 Product description Women’s smooth leather court shoe (pump) with squared-off toe and 6.5cm heel height. P/O number stamped on inside of shoe and on box. Colours: Black (P/O 3685) Camel (P/O 3686) Reason the product is recalled The shoe’s heel may become detached during wear without warning. The hazards to consumers Risk of serious injury from falls if the shoe’s heel detaches while being worn. Incidents of the heel detaching have occurred. What consumers should do Stop wearing the heels immediately. Contact the FRANKIE4 Customer Care team to arrange to return the heels and receive a full refund issued to your original payment method. The return will be arranged at no cost to you. Alternatively, return the heels to any FRANKIE4 Concept Store . If you have gifted or resold your Amara heels, please pass this notice on to the person who received the heels. Contact FRANKIE4 Call (07) 3106 3351 between 9am and 5pm AEST, Monday to Friday. Email info@frankie4.com.au Visit https://frankie4.com/pages/customer-care",https://www.productsafety.gov.au/search-consumer-product-recalls/amara-heel,Jewellery and fashion accessories,2026 3106 3351 3685 3686 5cm 5pm 9am accessories aest alternatively amara and any arrange arranged become being between black box call camel care colours com concept consumers contact cost court customer description detached detaches detaching during email falls fashion frankie4 friday from full gifted have hazards heel heels height https immediately incidents info injury inside issued jewellery jul leather may method monday notice number occurred off original pages pass payment person please product pump reason recalled receive received refund,maybe
Galmet ColdGal Brushable Paint,2026-07-15,"15 Jul 2026 Product description High-purity, zinc-rich cold galvanizing paint designed to protect steel in tough conditions. available in 1L and 4L containers SKU: GGCG1L, GGCG4L Batch numbers: 190733, 191828, 190697, 192201 Best before: 11 December 2029 Reason the product is recalled The container may bulge or swell due to internal pressure build up. Contents can be expelled when the container is opened. The hazards to consumers Risk of serious injury or irritation, particularly to the eyes, from exposure to paint if it expels from the container under pressure when it is opened. An incident has occurred. What consumers should do Stop using the product immediately and visually inspect the product for any signs of bulge or swelling. When inspecting the product wear appropriate PPE including safety glasses, chemical-resistant gloves, protective clothing and enclosed safety footwear. Do not shake, drop, puncture, pierce, crush, or attempt to relieve pressure from the can. If the product shows signs of bulge or swelling do not handle the product, please contact ITW Customer Service. Contact ITW Customer Service if you have an affected container or require further assistance with identifying if your product is affected. ITW Customer Service will provide information about the refund and instructions for safe disposal of the paint. Contact ITW Polymers & Fluids call: 1800 000 945 email: customerservice@itwpf.com.au",https://www.productsafety.gov.au/search-consumer-product-recalls/galmet-coldgal-brushable-paint,Garden tools and products,000 1800 190697 190733 191828 192201 2026 2029 945 about affected and any appropriate assistance attempt available batch before best brushable build bulge call can chemical clothing cold coldgal com conditions consumers contact container containers contents crush customer customerservice december description designed disposal drop due email enclosed expelled expels exposure eyes fluids footwear for from further galmet galvanizing garden ggcg1l ggcg4l glasses gloves handle has have hazards high identifying immediately incident including information injury inspect inspecting instructions internal irritation itw,maybe
Trione in-desk power hub,2026-07-15,"15 Jul 2026 Product description Power and charging module hub designed to be installed in a desk workstation. general power outlet, USB-A port, USB-C port, 5W wireless charging pad product codes: OM-EAU5101E-BK, OM-EAU5101E-WT Electrical approval number: E2026002423 Reason the product is recalled Due to an internal fault the power hub can overheat, burn and melt. The hazards to consumers Risk of serious injury, death and/or property damage from fire or electric shock. Incidents have occurred. What consumers should do 1. Stop using affected products immediately and disconnect from the power supply. 2. Contact JasonL to arrange for one of the below remedies: a full refund with a cable cover supplied to cover the opening in your desk. a replacement product without wireless charging functionality with a partial refund. a like for like replacement product. 3. For more information or assistance with this recall, please contact JaonL Contact JasonL call: 1300 951 462 email: customerservice@jasonl.com.au visit: https://www.jasonl.com.au",https://www.productsafety.gov.au/search-consumer-product-recalls/trione-in-desk-power-hub,Power supply and storage,1300 2026 462 951 affected and approval arrange assistance below burn cable call can charging codes com consumers contact cover customerservice damage death description designed desk disconnect due e2026002423 eau5101e electric electrical email fault fire for from full functionality general have hazards https hub immediately incidents information injury installed internal jaonl jasonl jul like melt module more number occurred one opening outlet overheat pad partial please port power product products property reason recall recalled refund remedies replacement risk serious shock,maybe
"Essex, Maxim and Sierra electric recliners and sofas with heat pads - sold at Harvey Norman",2026-07-15,"15 Jul 2026 Product description Electric recliners and sofas with heat pads Essex – 231946 Maxim – 231980 Sierra – 216872 Reason the product is recalled The heat pad fitted within the affected sofas can overheat during use and may cause a fire. The hazards to consumers Risk of serious injury, death and/or property damage from the heat pads overheating or catching fire while in use. Incidents have occurred. What consumers should do Stop using the heat pad function immediately and disconnect the sofa or recliner from the power outlet. Contact Synargy to arrange assessment and repair of the heat pad. An authorised repair agent will attend the consumer’s home, inspect and replace the affected heat pad with an upgraded part, free of charge. For more information about this recall please contact Synargy. Contact Synargy Call: 07 3177 7715 from 8:30am to 5:00pm AEST, Monday to Friday. Email: heatpads@synargy.com Visit: www.synargy.com",https://www.productsafety.gov.au/search-consumer-product-recalls/essex-maxim-and-sierra-electric-recliners-and-sofas-with-heat-pads-sold-at-harvey-norman,Indoor furniture and furnishings,00pm 2026 216872 231946 231980 30am 3177 7715 about aest affected agent and arrange assessment attend authorised call can catching cause charge com consumer consumers contact damage death description disconnect during electric email essex fire fitted for free friday from function furnishings furniture harvey have hazards heat heatpads home immediately incidents indoor information injury inspect jul maxim may monday more norman occurred outlet overheat overheating pad pads part please power product property reason recall recalled recliner recliners repair replace risk,maybe
Toe warmers 2pk,2026-07-14,"14 Jul 2026 Product description Air-activated adhesive heat packs used for warming toes. Batch: 260125 Reason the product is recalled When the product is used, it may inflate and heat rapidly. The product can become very hot and burst open. The hazards to consumers Risk of serious burn injuries and irritation to the skin or eyes if the product overheats or bursts while in use. Incidents of the warmer overheating and bursting have occurred. What consumers should do Stop using the product immediately and keep it out of reach of children. If the product is still in its packaging, do not open it. Return the product to The Reject Shop for a full refund. Provide proof of purchase and/or return the unopened product or packaging where possible. Contact The Reject Shop Email: service@rejectshop.com.au Visit: https://www.rejectshop.com.au/customerservice/product-recalls",https://www.productsafety.gov.au/search-consumer-product-recalls/toe-warmers-2pk,Heating and cooling products,2026 260125 2pk activated adhesive air and batch become burn burst bursting bursts can children com consumers contact cooling customerservice description email eyes for full have hazards heat heating hot https immediately incidents inflate injuries irritation its jul keep may not occurred open out overheating overheats packaging packs possible product products proof provide purchase rapidly reach reason recalled recalls refund reject rejectshop return risk serious service shop should skin still stop the toe toes unopened use used using very visit,maybe
Toy Story 5 Collector Cup and Topper,2026-07-13,"13 Jul 2026 Product description Toy Story 5 collectable cup with character figure topper. Sold at Hoyts Cinemas. Reason the product is recalled The topper can break into small pieces and create a choking hazard for young children. The hazards to consumers Risk of serious injury or death from choking if the topper breaks into small pieces and a child swallows it. What consumers should do Stop using the cup and topper immediately and keep out of reach of children. Return the product to a Hoyts cinema or contact Hoyts to arrange a refund. For further information or assistance with this recall, please contact Hoyts. Contact Hoyts Call: 1300 146 987 (1300 1 HOYTS) Email: support@hoyts.zendesk.com Visit: www.hoyts.com.au/contact-us",https://www.productsafety.gov.au/search-consumer-product-recalls/toy-story-5-collector-cup-and-topper,Kitchenware and containers,1300 146 2026 987 and arrange assistance break breaks call can character child children choking cinema cinemas collectable collector com consumers contact containers create cup death description email figure for from further hazard hazards hoyts immediately information injury into jul keep kitchenware out pieces please product reach reason recall recalled refund return risk serious should small sold stop story support swallows the this topper toy using visit what with www young zendesk,maybe
Nuby Foldable Bathtub for babies and infants,2026-07-10,"10 Jul 2026 Product description Nuby Foldable baby bathtub Sold at ALDI GTIN: 9312552613876 SKU: 737002 Reason the product is recalled Permanent warning labels are missing, and consumers may not be aware of important safety information about the use of the product. The hazards to consumers Risk of serious injury or death from drowning if the product is not used as intended. What consumers should do Stop using the bathtub immediately. Return to an ALDI store for a full refund. Contact ALDI Call: 13 25 34 Monday to Friday, 8:30am to 5:30pm AEST. Email: customer@service.aldi.com.au Visit: https://www.aldi.com.au",https://www.productsafety.gov.au/search-consumer-product-recalls/nuby-foldable-bathtub-for-babies-and-infants,Baby bathing aids,2026 30am 30pm 737002 9312552613876 about aest aids aldi and are aware babies baby bathing bathtub call com consumers contact customer death description drowning email foldable for friday from full gtin hazards https immediately important infants information injury intended jul labels may missing monday not nuby permanent product reason recalled refund return risk safety serious service should sku sold stop store the use used using visit warning what www,maybe
Fotopro Bluetooth smartphone shutter remote,2026-07-10,"10 Jul 2026 Product description Bluetooth remote that connects to smartphones to take photographs. BT-4 model contains button battery Reason the product is recalled The remote doesn’t comply with the mandatory standards for products containing button/coin batteries . The battery isn’t secured, and children could access the button/coin battery. The packaging is missing warning information about the dangers of button/coin batteries to children what to do when a person suspects someone has swallowed or placed a button/coin battery inside any part of their body. The hazards to consumers Children are at risk of choking, severe internal burn injuries or death if they swallow or place button/coin batteries inside their bodies. Serious injury can occur in as little as 2 hours and the results can be fatal. In Australia, children have suffered serious injuries or died from swallowing button/coin batteries. If you suspect a child has swallowed or inserted a button or coin battery: Call Triple Zero (000) if your child is bleeding or having any difficulty breathing. Call the Poisons Information Centre immediately on 13 11 26, available 24 hours a day. They can direct you to an appropriate medical facility. Early action can save lives. Do not wait for symptoms to develop. What consumers should do Stop using the remote immediately and keep out of reach of children. Contact Plaza Cameras Pty Ltd to arrange a full refund. Contact Plaza Cameras Pty Ltd Call: 08 9325 4040 Email: sales@plazacameras.com.au Visit: www.plazacameras.com.au",https://www.productsafety.gov.au/search-consumer-product-recalls/fotopro-bluetooth-smartphone-shutter-remote,Button batteries,000 2026 4040 9325 about access action and any appropriate are arrange australia available batteries battery bleeding bluetooth bodies body breathing burn button call cameras can centre child children choking coin com comply connects consumers contact containing contains could dangers day death description develop died difficulty direct doesn early email facility fatal for fotopro from full has have having hazards hours immediately information injuries injury inserted inside internal isn jul keep little lives ltd mandatory medical missing model not occur,maybe
"Think, Feel, Do Sensory Bear",2026-07-09,"9 Jul 2026 Product description Weighted bear used as a sensory tool. Reason the product is recalled The product does not comply with the mandatory standard for toys for children up to and including 36 months of age . The seams of the bear may separate and release the small weighted pellets. The hazards to consumers There is a risk of serious injury or death by choking if small pellets are released from the toy and a child places them in their mouth. An incident of seam failure has occurred. What consumers should do Stop using the bear immediately and place it out of reach of children. Contact info@curijo.com.au to arrange to return the product and receive a full refund, or if you have any questions about the recall. Contact Curijo Call: 02 6285 4802 Email: info@curijo.com.au Visit: https://www.curijo.com.au/contact-us/",https://www.productsafety.gov.au/search-consumer-product-recalls/think-feel-do-sensory-bear,Stuffed and plush toys,2026 4802 6285 about age and any are arrange bear call child children choking com comply consumers contact curijo death description does email failure feel for from full has have hazards https immediately incident including info injury jul mandatory may months mouth not occurred out pellets place places plush product questions reach reason recall recalled receive refund release released return risk seam seams sensory separate serious should small standard stop stuffed the their them there think tool toy toys used,maybe
The 2026 $2 Uncirculated Coin – Tooth Fairy Kit,2026-07-07,"7 Jul 2026 Product description The 2026 $2 Uncirculated Coin – Tooth Fairy Kit is a kit that includes the following items: coloured $2 tooth fairy coin case toothbrush tooth chart Reason the product is recalled The plastic case component of the product may emit a strong chemical odour. The hazards to consumers Risk of irritation or injury if the chemical odour is inhaled. What consumers should do Stop using the product immediately and keep out of reach of children. Return the product to the place of purchase for a full refund or a replacement product. If a customer wishes to keep the coin, they are advised to return the case and the other components for a partial refund. Contact the Royal Australian Mint for further information or instructions on the refund and replacement process. Contact Royal Australian Mint Call: 02 6202 6999 Email info@ramint.gov.au Visit https://www.ramint.gov.au/",https://www.productsafety.gov.au/search-consumer-product-recalls/the-2026-2-uncirculated-coin-%E2%80%93-tooth-fairy-kit,Learning and activity toys,2026 6202 6999 activity advised and are australian call case chart chemical children coin coloured component components consumers contact customer description email emit fairy following for full further gov hazards https immediately includes info information inhaled injury instructions irritation items jul keep kit learning may mint odour other out partial place plastic process product purchase ramint reach reason recalled refund replacement return risk royal should stop strong that the they tooth toothbrush toys uncirculated using visit what wishes www,maybe
"Apeks XL4, XL4+ and Ocea scuba diving second-stage regulator",2026-07-06,"6 Jul 2026 Product description Apeks scuba diving second-stage regulators: XL4 XL4+ Ocea Serial number range: 250402212 to 260402893 Reason the product is recalled A manufacturing defect in the affected second-stage regulators can restrict the flow of breathing gas at depths exceeding 45 metres. The regulator may not deliver sufficient breathing gas when required. The hazards to consumers Risk of death or serious injury from asphyxiation if the regulator does not supply adequate air to a diver when used. What consumers should do Stop using affected regulators immediately. Do not use the regulator until it has been inspected and verified as safe to use. Please return the regulator to the place of purchase or an authorised Apeks service centre. Affected regulators will be inspected and, if necessary, repaired free of charge by qualified technicians using approved Apeks replacement components. If you are unsure whether your regulator is affected, please contact your local Apeks dealer for customer support or further assistance. Contact HEAD OCEANIA PTY LIMITED t/s ZOGGS AUSTRALIA call: (02) 9453 2000 (Dial 1) email info@au.mares.com and RecallXL4@aqualung.com visit: https://au.apeksdiving.com/pages/store-locator",https://www.productsafety.gov.au/search-consumer-product-recalls/apeks-xl4-xl4-and-ocea-scuba-diving-second-stage-regulator,Diving,2000 2026 250402212 260402893 9453 adequate affected air and apeks apeksdiving approved aqualung are asphyxiation assistance australia authorised been breathing call can centre charge com components consumers contact customer dealer death defect deliver depths description dial diver diving does email exceeding flow for free from further gas has hazards head https immediately info injury inspected jul limited local locator manufacturing mares may metres necessary not number ocea oceania pages place please product pty purchase qualified range reason recalled recallxl4 regulator,maybe
"8.5"" LCD writing tablet",2026-07-06,"6 Jul 2026 Product description LCD drawing and writing tablet for children. Reason the product is recalled The tablet doesn’t comply with the mandatory standards for products containing button/coin batteries . The battery isn’t secured, and children could access the button/coin battery. The tablet is missing the warning symbol and warning information about the dangers of button/coin batteries to children what to do when a person suspects someone has swallowed or placed a button/coin battery inside any part of their body. The hazards to consumers Children are at risk of choking, severe internal burn injuries or death if they swallow or place button/coin batteries inside their bodies. Serious injury can occur in as little as 2 hours and the results can be fatal. In Australia, children have suffered serious injuries or died from swallowing button/coin batteries. If you suspect a child has swallowed or inserted a button or coin battery: Call Triple Zero (000) if your child is bleeding or having any difficulty breathing. Call the Poisons Information Centre immediately on 13 11 26, available 24 hours a day. They can direct you to an appropriate medical facility. Early action can save lives. Do not wait for symptoms to develop. What consumers should do Stop using the tablet immediately and place out of reach of children. Return the tablet to CMA Australia Pty Ltd or the place of purchase for a full refund. Contact CMA Australia Pty Ltd call: 03 9532 0080 email: cmamelbourne@gmail.com",https://www.productsafety.gov.au/search-consumer-product-recalls/85-lcd-writing-tablet,Button batteries,000 0080 2026 9532 about access action and any appropriate are australia available batteries battery bleeding bodies body breathing burn button call can centre child children choking cma cmamelbourne coin com comply consumers contact containing could dangers day death description develop died difficulty direct doesn drawing early email facility fatal for from full gmail has have having hazards hours immediately information injuries injury inserted inside internal isn jul lcd little lives ltd mandatory medical missing not occur out part person,maybe
Courant Kalimba arborist rope range,2026-07-03,"3 Jul 2026 Product description Tree climbing and tree pruning access rope. Ropes are supplied in varying lengths, with an eye splice at either one or both ends. Model numbers: MH730JZC040 MH730JZC045 MH730JZC060 MH730MCC045 MH730MCC060 MH730PDC045 MH730PDC060 MH740JZC0606 Reason the product is recalled The integrity of the splice construction of the rope may fail under load when used. The hazards to consumers Risk of serious injury or death from a fall if the product fails when used. What consumers should do Stop using the rope immediately. Return the rope to the place of purchase for a refund or to register for a replacement. Contact Ronstan for further information about this recall or assistance. Contact Ronstan Call: 03 8586 2001 Email: sales@ronstan.com.au Visit: https://www.ronstan.com",https://www.productsafety.gov.au/search-consumer-product-recalls/courant-kalimba-arborist-rope-range,Garden tools and products,2001 2026 8586 about access and arborist are assistance both call climbing com construction consumers contact courant death description either email ends eye fail fails fall for from further garden hazards https immediately information injury integrity jul kalimba lengths load may mh730jzc040 mh730jzc045 mh730jzc060 mh730mcc045 mh730mcc060 mh730pdc045 mh730pdc060 mh740jzc0606 model numbers one place product products pruning purchase range reason recall recalled refund register replacement return risk ronstan rope ropes sales serious should splice stop supplied the this tools tree under,maybe
"12"" LCD writing tablet",2026-07-03,"3 Jul 2026 Product description LCD writing tablet for children. Reason the product is recalled The tablet doesn’t comply with the mandatory standards for products containing button/coin batteries . The product has not been tested. The packaging is missing warning information about: the dangers of button/coin batteries to children what to do when a person suspects someone has swallowed or placed a button/coin battery inside any part of their body. The hazards to consumers Children are at risk of choking, severe internal burn injuries or death if they swallow or place button or coin batteries inside their bodies. Serious injury can occur in as little as 2 hours and the results can be fatal. In Australia, children have suffered serious injuries or died from swallowing button/coin batteries. If you suspect a child has swallowed or inserted a button/coin battery: Call Triple Zero (000) if your child is bleeding or having any difficulty breathing. Call the Poisons Information Centre immediately on 13 11 26, available 24 hours a day. They can direct you to an appropriate medical facility. Early action can save lives. Do not wait for symptoms to develop What consumers should do Stop using the product immediately and keep out of reach of children. Contact Fidget & Co. via email info@fidgetandco.com.au to arrange a full refund. Contact Fidget & Co. call: 0411 137 374 email: info@fidgetandco.com.au",https://www.productsafety.gov.au/search-consumer-product-recalls/12-lcd-writing-tablet,Button batteries,000 0411 137 2026 374 about action and any appropriate are arrange australia available batteries battery been bleeding bodies body breathing burn button call can centre child children choking coin com comply consumers contact containing dangers day death description develop died difficulty direct doesn early email facility fatal fidget fidgetandco for from full has have having hazards hours immediately info information injuries injury inserted inside internal jul keep lcd little lives mandatory medical missing not occur out packaging part person,maybe
2 Ton Low Profile Fiernero Branded Hydraulic Trolley Jack,2026-07-03,3 Jul 2026 Product description Hydraulic trolley jack listed as having 2000kg working load limit. model: OY1052L Fienero brand affected batch numbers: 2TLWPROJACK010 and 2TLWPROJACK011 SKU: 2TLWPROJACK Reason the product is recalled This trolley jack does not comply with the performance requirements of the mandatory standard for trolley jacks . The jack does not have a 2000kg lifting capacity and has been mislabelled. It may fail during use if a consumer attempts to use it to lift weights above 1200kg. The hazards to consumers Risk of serious injury or death from crushing injury if the jack fails while in use. What consumers should do Stop using affected jacks immediately. Contact Trade Hero Australia to arrange for the return of the jack and a full refund. Contact Trade Hero Australia Call: 03 7073 2229 Email: recalls@fiernero.com.au Visit: https://fiernero.com.au/pages/recall,https://www.productsafety.gov.au/search-consumer-product-recalls/2-ton-low-profile-fiernero-branded-hydraulic-trolley-jack,Tools and machinery,1200kg 2000kg 2026 2229 2tlwprojack 2tlwprojack010 2tlwprojack011 7073 above affected and arrange attempts australia batch been brand branded call capacity com comply consumer consumers contact crushing death description does during email fail fails fienero fiernero for from full has have having hazards hero https hydraulic immediately injury jack jacks jul lift lifting limit listed load low machinery mandatory may mislabelled model not numbers oy1052l pages performance product profile reason recall recalled recalls refund requirements return risk serious should sku standard,maybe
Personalised bling dummy and clip set,2026-07-01,1 Jul 2026 Product description Dummy and clip set that can be personalised with a child’s name and includes crystal and rhinestone decorations. Reason the product is recalled The dummy and clip set does not comply with the mandatory standard for baby dummies and dummy chains . The decorations may detach from the dummy and clip. The dummy’s chain is too long. The hazards to consumers Risk of serious injury or death from choking or suffocation if a baby places the detached decorations in their mouth. Risk of serious injury or death from strangulation if the dummy’s chain wraps around a baby’s neck What consumers should do Stop using the dummy and clip sets immediately and keep out of reach of children. Contact Panny & Mody directly via the eBay messaging system to arrange a full refund. Destroy and dispose of the dummy and clip set safely. Contact Panny & Mody Email: goodzau@yahoo.com,https://www.productsafety.gov.au/search-consumer-product-recalls/personalised-bling-dummy-and-clip-set,Dummies and soothers,2026 and around arrange baby bling can chain chains child children choking clip com comply consumers contact crystal death decorations description destroy detach detached directly dispose does dummies dummy ebay email for from full goodzau hazards immediately includes injury jul keep long mandatory may messaging mody mouth name neck not out panny personalised places product reach reason recalled refund rhinestone risk safely serious set sets should soothers standard stop strangulation suffocation system that the their too using via what with,maybe
Neon wall lamp,2026-07-01,"1 Jul 2026 Product description USB rechargeable neon wall lamp in assorted shapes. The packaging contains a ‘try me’ function powered by a button battery. Product number: CX3900250 Reason the product is recalled The product doesn’t comply with the mandatory standards for products containing button/coin batteries . The product was not tested prior to sale and is missing warning information about the dangers of button/coin batteries to children what to do when a person suspects someone has swallowed or placed a button/coin battery inside any part of their body. The hazards to consumers Children are at risk of choking, severe internal burn injuries or death if they swallow or place button/coin batteries inside their bodies. Serious injury can occur in as little as 2 hours and the results can be fatal. In Australia, children have suffered serious injuries or died from swallowing button/coin batteries. If you suspect a child has swallowed or inserted a button or coin battery: Call Triple Zero (000) if your child is bleeding or having any difficulty breathing. Call the Poisons Information Centre immediately on 13 11 26, available 24 hours a day. They can direct you to an appropriate medical facility. Early action can save lives. Do not wait for symptoms to develop. What consumers should do Stop using the product immediately and keep out of reach of children. Return the product to the place of purchase for a full refund. Contact Yatsal Distributors Pty Ltd call: 02 9755 8705 between 9am and 4:30pm AEST, Monday to Friday email: adrian@yatsal.com.au visit: www.yatsal.com.au/contact",https://www.productsafety.gov.au/search-consumer-product-recalls/neon-wall-lamp,Button batteries,000 2026 30pm 8705 9755 9am about action adrian aest and any appropriate are assorted australia available batteries battery between bleeding bodies body breathing burn button call can centre child children choking coin com comply consumers contact containing contains cx3900250 dangers day death description develop died difficulty direct distributors doesn early email facility fatal for friday from full function has have having hazards hours immediately information injuries injury inserted inside internal jul keep lamp little lives ltd mandatory medical missing,maybe
Assorted travel adaptors - sold at Big W,2026-06-30,"30 Jun 2026 Product description Travel adaptors for use with the below plugs with no power conversion: Europe to Australia - Adaptor EU to Aus/NZ USA to Australia - Adaptor USA to Aus/NZ UK to Australia - Adaptor UK to Aus/NZ Only products with markings '-16' and '-17' are affected by this recall. These markings are on the rear of the adaptor. Reason the product is recalled The adaptors do not meet Australian Electrical Safety Requirements as the plug pins are uninsulated and they do not have the required Australian Regulatory Compliance Mark. The hazards to consumers Risk of serious injury or death from electric shock from uninsulated plug pins. Risk of property damage if the product catches fire. What consumers should do Consumers should immediately stop using the adaptors and disconnect from power supply and appliances. Return the adaptor to any BIG W store for a full refund, or contact recall@clgroup.au to arrange the return of the product and refund. Contact CL Group call: 08 8340 1600 email: recall@clgroup.au Visit: https://www.clgroup.au",https://www.productsafety.gov.au/search-consumer-product-recalls/assorted-travel-adaptors-sold-at-big-w,"Computers, laptops and accessories",1600 2026 8340 accessories adaptor adaptors affected and any appliances are arrange assorted aus australia australian below big call catches clgroup compliance computers consumers contact conversion damage death description disconnect electric electrical email europe fire for from full group have hazards https immediately injury jun laptops mark markings meet not only pins plug plugs power product products property rear reason recall recalled refund regulatory required requirements return risk safety serious shock should sold stop store supply the these they this,maybe
7kW EV Charger,2026-06-29,"29 Jun 2026 Product description 7kW home wall charger for electric vehicle charging, with lead, in two lengths: 5m 10m Reason the product is recalled The product does not comply with Australian electrical safety standards. The hazards to consumers Risk of death, serious injury from electric shock or fire, including property damage. What consumers should do Do not use the charger and turn it off immediately. Contact a licenced electrician to have it uninstalled. Contact AUPK for a full refund of the product that also includes the initial installation and uninstallation costs for this product. When contacting AUPK for your refund, provide: Electrician’s receipt for the installation and uninstallation of the product. Evidence of the product being destroyed and disposed of in accordance with local e-waste regulations. For more information or assistance with this recall and the refund process, please contact AUPK. Contact AUPK Call 0425 281 799 from 9am to 5pm AEST, Monday to Friday Email: support@aupk.au Visit: https://www.aupk.au/pages/contact-us",https://www.productsafety.gov.au/search-consumer-product-recalls/7kw-ev-charger,Power supply and storage,0425 10m 2026 281 5pm 799 7kw 9am accordance aest also and assistance aupk australian being call charger charging comply consumers contact contacting costs damage death description destroyed disposed does electric electrical electrician email evidence fire for friday from full have hazards home https immediately includes including information initial injury installation jun lead lengths licenced local monday more not off pages please power process product property provide reason recall recalled receipt refund regulations risk safety serious shock should standards storage,maybe
Draw n Wipe Tablet – sold at Bunnings,2026-06-26,"26 Jun 2026 Product description LCD tablet writing/drawing tablet designed for children with magnetic backing for attaching to fridges, whiteboards. available in pink and black sold at Bunnings SKU: 1083687, 1083688 Reason the product is recalled The tablet doesn’t comply with the mandatory standards for products containing button/coin batteries . The packaging is missing warning information about: the dangers of button/coin batteries to children what to do when a person suspects someone has swallowed or placed a button/coin battery inside any part of their body. The hazards to consumers Children are at risk of choking, severe internal burn injuries or death if they swallow or place button or coin batteries inside their bodies. Serious injury can occur in as little as 2 hours and the results can be fatal. In Australia, children have suffered serious injuries or died from swallowing button/coin batteries. If you suspect a child has swallowed or inserted a button/coin battery: Call Triple Zero (000) if your child is bleeding or having any difficulty breathing. Call the Poisons Information Centre immediately on 13 11 26, available 24 hours a day. They can direct you to an appropriate medical facility. Early action can save lives. Do not wait for symptoms to develop What consumers should do Stop using the product immediately and keep out of reach of children. Return the products to a Bunnings store for a replacement product. Contact Smartwares for further information. Contact Smartwares Australia Pty Ltd call: 03 8773 4455 email: sales@smartwares.com.au visit: https://smartwares.com.au/",https://www.productsafety.gov.au/search-consumer-product-recalls/draw-n-wipe-tablet-%E2%80%93-sold-at-bunnings,Button batteries,000 1083687 1083688 2026 4455 8773 about action and any appropriate are attaching australia available backing batteries battery black bleeding bodies body breathing bunnings burn button call can centre child children choking coin com comply consumers contact containing dangers day death description designed develop died difficulty direct doesn draw drawing early email facility fatal for fridges from further has have having hazards hours https immediately information injuries injury inserted inside internal jun keep lcd little lives ltd magnetic mandatory medical,maybe
Scented flower shaped candle bouquets – various styles,2026-06-26,26 Jun 2026 Product description Scented candles shaped like flowers in various styles. Reason the product is recalled These products do not comply with the permanent ban on combustible candle holders . The affected candles contain wicks and dried flowers that present a fire risk. The hazards to consumers Risk of serious injury and/or property damage from burns if the candle causes a fire. An incident has occurred. What consumers should do Stop using these candles immediately. Contact Morie to arrange for a replacement wickless wax bouquet or a full refund. Contact Morie call: 0422 550 887 email: contactusatmorie@gmail.com visit: https://www.morie.com.au/,https://www.productsafety.gov.au/search-consumer-product-recalls/scented-flower-shaped-candle-bouquets-%E2%80%93-various-styles,"Decorations, candles and novelties",0422 2026 550 887 affected and arrange ban bouquet bouquets burns call candle candles causes com combustible comply consumers contact contactusatmorie contain damage decorations description dried email fire flower flowers for from full gmail has hazards holders https immediately incident injury jun like morie not novelties occurred permanent present product products property reason recalled refund replacement risk scented serious shaped should stop styles that the these using various visit wax what wickless wicks with www,maybe
5-in-1 nursery center – portable cot,2026-06-26,"26 Jun 2026 Product description Portable cot that can serve as a bassinet, bed sleeper, baby crib, activity center and with changing table attachment. Affected model number/SKU: BB0505 Reason the product is recalled This product doesn’t comply with the mandatory standard for infant sleep products . The hazards to consumers Risk of serious injury or death from entrapment or suffocation. An incident has occurred. What consumers should do Stop using affected cots immediately and check the model number or SKU. Contact Costway Wholesale directly or Amazon if purchased through them, to arrange for a replacement product free of charge. Contact Costway Wholesale if you require assistance or further information with this recall. Contact Costway Wholesale Pty Limited Call: 03 8592 9788 Email: CS.AU@COSTWAY.COM",https://www.productsafety.gov.au/search-consumer-product-recalls/5-in-1-nursery-center-%E2%80%93-portable-cot,Change tables,2026 8592 9788 activity affected amazon and arrange assistance attachment baby bassinet bb0505 bed call can center change changing charge check com comply consumers contact costway cot cots crib death description directly doesn email entrapment for free from further has hazards immediately incident infant information injury jun limited mandatory model number nursery occurred portable product products pty purchased reason recall recalled replacement require risk serious serve should sku sleep sleeper standard stop suffocation table tables that the them this through,maybe
Self-feeding baby bottles,2026-06-19,"19 Jun 2026 Product description Various hands-free self-feeding baby bottles in assorted sizes. Sizes: 150mL 240mL 300mL Reason the product is recalled These products do not comply with the permanent ban on baby bottle self-feeding devices . The hazards to consumers Risk of serious injury or death from choking, aspiration pneumonia, suffocation and ear infections with the use of baby bottle self-feeding devices. What consumers should do Stop using the product immediately. Dispose of the product safely by cutting the teat and placing it with household waste so it can’t be used by anyone else. JOOM is contacting all affected consumers to arrange a full refund. Contact JOOM’s support team if you have not yet been contacted or if you require further assistance relating to this recall. Contact JOOM Email: product_safety@joom.com Visit: https://www.joom.com/en/faq",https://www.productsafety.gov.au/search-consumer-product-recalls/self-feeding-baby-bottles,Baby feeding aids,150ml 2026 240ml 300ml affected aids all and anyone arrange aspiration assistance assorted baby ban been bottle bottles can choking com comply consumers contact contacted contacting cutting death description devices dispose ear else email faq feeding free from full further hands have hazards household https immediately infections injury joom jun not permanent placing pneumonia product products reason recall recalled refund relating require risk safely safety self serious should sizes stop suffocation support team teat the these this use used using,maybe
Waldorf rainbow hand kite rattle,2026-06-18,18 Jun 2026 Product description Rainbow hand kite rattle with attached ribbons and bells. Only products purchased from Humble Babies Australia are affected by this recall. Reason the product is recalled This product may not comply with the mandatory standard for toys for children up to and including 36 months of age . The bells may separate from the toy and become a choking hazard. The hazards to consumers Risk of serious injury or death from choking if a child swallows the bell from the toy. What consumers should do Stop using the rattle immediately and keep out of reach of children. Contact Humble Babies Australia to return the product for a full refund or store credit. Contact Humble Babies Australia Email: sales@humblebabies.com.au Visit: https://www.humblebabies.com.au/,https://www.productsafety.gov.au/search-consumer-product-recalls/waldorf-rainbow-hand-kite-rattle,Rattles and toy teethers,2026 affected age and are attached australia babies become bell bells child children choking com comply consumers contact credit death description email for from full hand hazard hazards https humble humblebabies immediately including injury jun keep kite mandatory may months not only out product products purchased rainbow rattle rattles reach reason recall recalled refund return ribbons risk sales separate serious should standard stop store swallows teethers the this toy toys using visit waldorf what with www,maybe
Magnetic Chess game,2026-06-18,18 Jun 2026 Product description Magnetic chess game that includes: 20 irregular shaped magnets a piece of string drawstring pouch Plato's SKU: 149022 (shown on the Plato's price tag). Manufacturer Item Number: 8888 (shown on the reverse side of the packaging) Reason the product is recalled These products don’t comply with the permanent ban on small high-powered magnets . The hazards to consumers Risk of serious internal injuries or death if a child swallows more than one high-powered magnet as they stick together in the child’s intestine or other digestive tissue. Risk of serious injury or death from choking. What consumers should do Stop using the chess game immediately and keep out of reach of children. Return the chess game to the place of purchase for a full refund. Contact Plato’s if you require further information or assistance for this recall. Contact Plato's. Wonder. Create. Discover. Call: (03) 6223 7700 Email: info@platoswcd.com.au,https://www.productsafety.gov.au/search-consumer-product-recalls/magnetic-chess-game-1,Games and puzzles,149022 2026 6223 7700 8888 and assistance ban call chess child children choking com comply consumers contact create death description digestive discover don drawstring email for from full further game games hazards high immediately includes info information injuries injury internal intestine irregular item jun keep magnet magnetic magnets manufacturer more number one other out packaging permanent piece place plato platoswcd pouch powered price product products purchase puzzles reach reason recall recalled refund require return reverse risk serious shaped should shown,maybe
RAINS insulated stainless steel tumbler 450ml,2026-06-17,17 Jun 2026 Product description Insulated stainless steel tumbler 450ml with silicone lid. Designed for hot and cold liquids Reason the product is recalled The lid may detach from the tumbler in certain situations when used. The hazards to consumers Risk of serious injury from burns if the lid detaches from the tumbler and hot liquid spills out. An incident has occurred. What consumers should do 1. Stop using the tumbler immediately. 2. Contact RAINS via email to create a return label for the return of the product and a full refund. 3. Contact RAINS for further information or assistance with this recall. Contact RAINS Email: mail@rains.com Visit: https://www.au.rains.com/,https://www.productsafety.gov.au/search-consumer-product-recalls/rains-insulated-stainless-steel-tumbler-450ml,Kitchenware and containers,2026 450ml and assistance burns certain cold com consumers contact containers create description designed detach detaches email for from full further has hazards hot https immediately incident information injury insulated jun kitchenware label lid liquid liquids mail may occurred out product rains reason recall recalled refund return risk serious should silicone situations spills stainless steel stop the this tumbler used using via visit what when with www,maybe
Baby quilted printed snowsuit,2026-06-17,"17 Jun 2026 Product description Snowsuit for babies with press studs. Affected colour range: CREAM BEARS PINK FLORALS SKU: 1922326, 1922327, 1922328, 1922329, 1922330, 1922331 1922334, 1922335, 1922336, 1922337, 1922338, 1922339. SKU is located on the care label. Reason the product is recalled The snaps fasteners on the snowsuits can detach during use. The hazards to consumers Risk of death or serious injury from choking if the snaps fastener detaches from the snowsuit and a child swallows it. What consumers should do Stop using affected snowsuits and keep out of reach of children. Return snowsuits to any Best and Less store for a full refund. Contact Best and Less for further assistance or information relating to this recall. Contact Best and Less call: 1300 135 766 from 9am to 8pm AEDT Monday to Friday, 9am to 6pm AEDT Saturday to Sunday excluding holidays. email: customerservice@bestandless.com.au visit: https://www.bestandless.com.au/",https://www.productsafety.gov.au/search-consumer-product-recalls/baby-quilted-printed-snowsuit,Clothing (daywear),1300 135 1922326 1922327 1922328 1922329 1922330 1922331 1922334 1922335 1922336 1922337 1922338 1922339 2026 6pm 766 8pm 9am aedt affected and any assistance babies baby bears best bestandless call can care child children choking clothing colour com consumers contact cream customerservice daywear death description detach detaches during email excluding fastener fasteners florals for friday from full further hazards holidays https information injury jun keep label less located monday out pink press printed product quilted range reach reason recall recalled,maybe
Replacement front lower control arm for Subaru vehicles,2026-06-16,"16 Jun 2026 Product description Replacement front lower control arm for Subaru vehicles: part numbers 435190, 435197, 435217, 435221, 435271 & 435272 batch numbers J25D, K25D & L25D purchase or fitment period 1st of January 2026 to 30th of April 2026. Reason the product is recalled Due to a manufacturing fault the lower ball joint can separate from the lower control arm during use leading to loss of vehicle steering control. Drivers may notice a knocking noise from the front of the vehicle during normal driving and/or cornering. The hazards to consumers Risk of serious injury or death from motor vehicle accident if the driver loses control because of the ball joint separation from front lower control arm. Incidents have occurred. What consumers should do Stop using your vehicle if you have an affected Subaru front lower control arm fitted. If you have not already been contacted by Pedders, then please contact your nearest Pedders Suspension & Brakes store to arrange fitment of a replacement part free of charge. If an affected lower control arm was purchased at Pedders Brake and Suspension or one of its authorised dealers and not fitted to your vehicle, then please return it to place of purchase for a replacement or refund. Do not fit to any vehicle. Contact Pedders Suspension & Brakes and ask for a member of the Quality Team who will provide further information for this recall. Contact Pedders Suspension and Brakes call: 1800 844 225 email: recall@pedders.com.au visit: www.pedders.com.au",https://www.productsafety.gov.au/search-consumer-product-recalls/replacement-front-lower-control-arm-for-subaru-vehicles,Car parts and accessories,1800 1st 2026 225 30th 435190 435197 435217 435221 435271 435272 844 accessories accident affected already and any april arm arrange ask authorised ball batch because been brake brakes call can car charge com consumers contact contacted control cornering dealers death description driver drivers driving due during email fault fit fitment fitted for free from front further have hazards incidents information injury its j25d january joint jun k25d knocking l25d leading loses loss lower manufacturing may member motor nearest noise,maybe
Mistral Barrel Cyclonic Vacuum Cleaner – sold at Bunnings,2026-06-10,"10 Jun 2026 Product description Mistral Barrel Cyclonic Vacuum Cleaner sold at Bunnings Model BVC 160 (1800W) Model BVC 165 (2400W) Reason the product is recalled Due to a manufacturing defect the vacuum’s motor can overheat while in use. The hazards to consumers Risk of serious injury from burns and/or property damage if the motor overheats and catches fire. Incidents of abnormal vacuum noise, unpleasant smell and smoke have occurred. What consumers should do Stop using affected vacuum cleaners immediately and disconnect from the power supply. Return the affected vacuum cleaner to any Bunnings Store for a full refund. Contact GSM Retail Australia Pty Ltd call: 1300 373 199 email: admin@gsmretailgroup.com visit: https://www.bunnings.com.au/help-support/product-recalls",https://www.productsafety.gov.au/search-consumer-product-recalls/mistral-barrel-cyclonic-vacuum-cleaner-%E2%80%93-sold-at-bunnings,Home electrical appliances,1300 160 165 1800w 199 2026 2400w 373 abnormal admin affected and any appliances australia barrel bunnings burns bvc call can catches cleaner cleaners com consumers contact cyclonic damage defect description disconnect due electrical email fire for from full gsm gsmretailgroup have hazards help home https immediately incidents injury jun ltd manufacturing mistral model motor noise occurred overheat overheats power product property pty reason recalled recalls refund retail return risk serious should smell smoke sold stop store supply support the,maybe
LCD Colour Drawing Writing tablet,2026-06-09,"9 Jun 2026 Product description LCD drawing tablet for children. Reason the product is recalled The tablet doesn’t comply with the mandatory standards for products containing button/coin batteries . The packaging is missing warning information about: the dangers of button/coin batteries to children what to do when a person suspects someone has swallowed or placed a button/coin battery inside any part of their body. The hazards to consumers Children are at risk of choking, severe internal burn injuries or death if they swallow or place button or coin batteries inside their bodies. Serious injury can occur in as little as 2 hours and the results can be fatal. In Australia, children have suffered serious injuries or died from swallowing button/coin batteries. If you suspect a child has swallowed or inserted a button/coin battery: Call Triple Zero (000) if your child is bleeding or having any difficulty breathing. Call the Poisons Information Centre immediately on 13 11 26, available 24 hours a day. They can direct you to an appropriate medical facility. Early action can save lives. Do not wait for symptoms to develop. What consumers should do Stop using the tablet immediately and place out of reach of children. Contact Happy Gumnut via email and attach the completed Refund Form to receive a full refund. Contact Happy Gumnut Call: 0433 699 416 Email: happygumnut@gmail.com Visit: www.happygumnut.com.au",https://www.productsafety.gov.au/search-consumer-product-recalls/lcd-colour-drawing-writing-tablet,Button batteries,000 0433 2026 416 699 about action and any appropriate are attach australia available batteries battery bleeding bodies body breathing burn button call can centre child children choking coin colour com completed comply consumers contact containing dangers day death description develop died difficulty direct doesn drawing early email facility fatal for form from full gmail gumnut happy happygumnut has have having hazards hours immediately information injuries injury inserted inside internal jun lcd little lives mandatory medical missing not occur out,maybe
Miele WWG880 WCS washing machine,2026-06-05,"5 Jun 2026 Product description Miele 9kg W1 front loader washing machine with PowerWash, TwinDos, and Steam. Reason the product is recalled The spin cycle on affected appliances may operate with incorrect speed acceleration, which may affect the machine’s overall performance, causing the machine to move during operation. If the appliance is installed on a platform with 15cm height or more, and not secured with a mounting bracket, it can tilt off the platform and cause the appliance’s heating system to not be covered by water and overheat. The hazards to consumers Risk of serious injury and property damage if the appliance tilts off its platform, overheats and catches fire from the heating system not being covered by water. What consumers should do Stop using affected machines immediately if the machine starts moving from its installed position and switch it off with care. Miele will contact affected consumers to arrange a technician to visit and install the software update to the appliances and ensure any appliances used on a platform are correctly installed. All affected consumers will receive a bracket whether or not the appliance is currently used on a platform. Please contact Miele for further information or if you have not yet been contacted. Contact Miele Australia call: 1300 464 353 email: resolution@miele-support.com.au",https://www.productsafety.gov.au/search-consumer-product-recalls/miele-wwg880-wcs-washing-machine,Home electrical appliances,1300 15cm 2026 353 464 9kg acceleration affect affected all and any appliance appliances are arrange australia been being bracket call can care catches cause causing com consumers contact contacted correctly covered currently cycle damage description during electrical email ensure fire for from front further have hazards heating height home immediately incorrect information injury install installed its jun loader machine machines may miele more mounting move moving not off operate operation overall overheat overheats performance platform please position powerwash product,maybe
GV31 Portable mini projector,2026-06-05,"5 Jun 2026 Product description Portable personal mini projector with battery. Please see attached list of affected serial numbers. Reason the product is recalled The built-in battery may overheat during normal usage and pose a fire risk. The hazards to consumers Risk of serious burn injury and property damage if the battery overheats and catches fire. Incidents have occurred. What consumers should do Stop using the projector immediately and check the serial number. Contact BenQ to arrange to return the product for either: a free replacement with an upgraded GV32 model projector; or to have the battery replaced and firmware updated on the affected GV31 model projector. For more information or if you need further assistance relating to this recall, contact BenQ Australia. Contact BenQ Australia Pty Ltd Call: 1300 130 336 between 9am and 5:30pm AEST Monday to Friday Email: BQauService@BenQ.com Visit: https://www.benq.com/en-au/support/repair-service/gv31-recall-notification.html",https://www.productsafety.gov.au/search-consumer-product-recalls/gv31-portable-mini-projector,Smart and interconnected devices,130 1300 2026 30pm 336 9am aest affected and arrange assistance attached australia battery benq between bqauservice built burn call catches check com consumers contact damage description devices during either email fire firmware for free friday further gv31 gv32 have hazards html https immediately incidents information injury interconnected jun list ltd may mini model monday more need normal notification number numbers occurred overheat overheats personal please portable pose product projector property pty reason recall recalled relating repair replaced replacement return,maybe
Infinity Gauntlet Medal,2026-06-04,4 Jun 2026 Product description Collectable novelty medal that contains magnets. Customers finish virtual challenges through walking/running then collect a physical medal. Reason the product is recalled Small magnets can separate from the medal and become a choking hazard for young children. The hazards to consumers Risk of serious internal injuries or death if a child swallows more than one high-powered magnet as they stick together in the child’s intestine or other digestive tissue. Risk of serious injury or death from choking if young children try to swallow them. What consumers should do Stop using the medal immediately and keep out of reach of children Contact The Conqueror to arrange a replacement medal. Dispose of the medal safely in accordance with local regulations. Contact The Conqueror Email: support@theconqueror.events Visit: https://www.theconqueror.events/,https://www.productsafety.gov.au/search-consumer-product-recalls/infinity-gauntlet-medal,Jewellery and fashion accessories,2026 accessories accordance and arrange become can challenges child children choking collect collectable conqueror consumers contact contains customers death description digestive dispose email events fashion finish for from gauntlet hazard hazards high https immediately infinity injuries injury internal intestine jewellery jun keep local magnet magnets medal more novelty one other out physical powered product reach reason recalled regulations replacement risk running safely separate serious should small stick stop support swallow swallows than that the theconqueror them then they through tissue,maybe
Pool noodle (sold on TEMU),2026-06-03,3 Jun 2026 Product description Foam pool noodle sold on TEMU in various colours Reason the product is recalled This product does not comply with the aquatic toys mandatory standard . The product does not display the permanent warnings as required by the mandatory standard. The hazards to consumers Risk of serious injury or death from drowning if users are not aware of important safety information about the use of the product. What consumers should do Stop using the pool noodle immediately Contact TEMU seller QXSHomes via email to arrange a refund. Contact QXSHomes Email : qxshome@163.com Visit : https://www.temu.com/support-center.html,https://www.productsafety.gov.au/search-consumer-product-recalls/pool-noodle-sold-on-temu,Inflatable toys and flotation aids,163 2026 about aids and aquatic are arrange aware center colours com comply consumers contact death description display does drowning email flotation foam from hazards html https immediately important inflatable information injury jun mandatory noodle not permanent pool product qxshome qxshomes reason recalled refund required risk safety seller serious should sold standard stop support temu the this toys use users using various via visit warnings what with www,maybe
Stainless King™ Food Jars,2026-06-03,"3 Jun 2026 Product description Vacuum insulated stainless-steel steel food containers available in various colours and sizes. model no. SK3000 – 470ml/16oz Stainless King Food Jar model no. SK3020 – 710ml/24oz Stainless King Food Jar Only products supplied from July 2009 to December 2022 are affected by this recall. Current stock is not affected. Reason the product is recalled The stopper on affected products does not have a pressure release valve. Pressure may build up inside the container and may cause the stopper beneath the lid to eject forcefully when opened. The hazards to consumers Risk of serious injury from impact and lacerations if the affected stopper ejects while in use. Incidents have occurred in the United States resulting in injury, including 3 reports of permanent vision loss after being struck in the eye. What consumers should do Stop using affected products immediately. Check the underside of the stopper to see if it has a pressure relief feature. If the stopper does not have a pressure relief feature on the base, it is an affected product. The stopper is located beneath the stainless-steel lid. Contact Thermos to arrange a replacement stopper (expected to be available by July 2026). Consumers will need to provide their name, contact details, postal address and a photo of the underside of their affected stopper. When replacement stoppers are available, Thermos will ask consumers to safely dispose of the affected stopper and send a replacement stopper for each affected product at no cost, together with installation instructions. Do not use the affected product until the replacement stopper has been installed. Contact Thermos if you have any further questions or require assistance with the recall. Contact Thermos Pty Ltd Call: 1800 683 363 between 9:00am and 5:00pm (AEST), Monday to Friday Email: info@thermos.com.au Visit: https://www.thermos.com.au/contact-us/",https://www.productsafety.gov.au/search-consumer-product-recalls/stainless-king%E2%84%A2-food-jars,Kitchenware and containers,00am 00pm 16oz 1800 2009 2022 2026 24oz 363 470ml 683 710ml address aest affected after and any are arrange ask assistance available base been being beneath between build call cause check colours com consumers contact container containers cost current december description details dispose does each eject ejects email expected eye feature food for forcefully friday from further has have hazards https immediately impact incidents including info injury inside installation installed instructions insulated jar jars july jun king kitchenware lacerations,maybe
LCD 10 inch writing tablet,2026-05-28,"28 May 2026 Product description LCD tablet with Little Nation logo used for writing and drawing. Reason the product is recalled The tablet does not comply with the mandatory standards for products containing button/coin batteries . The battery isn’t secured, and children could access the button/coin battery. The product is missing warning information about the dangers of button/coin batteries to children what to do when a person suspects someone has swallowed or placed a button/coin battery inside any part of their body. The hazards to consumers Children are at risk of choking, severe internal burn injuries or death if they swallow or place button/coin batteries inside their bodies. Serious injury can occur in as little as 2 hours and the results can be fatal. In Australia, children have suffered serious injuries or died from swallowing button/coin batteries. If you suspect a child has swallowed or inserted a button or coin battery: Call Triple Zero (000) if your child is bleeding or having any difficulty breathing. Call the Poisons Information Centre immediately on 13 11 26, available 24 hours a day. They can direct you to an appropriate medical facility. Early action can save lives. Do not wait for symptoms to develop. What consumers should do Stop using the tablet immediately and place it out of reach of children. Dispose of the tablet safely by following the disposal instructions at Recycle Mate and take a photograph or video of the tablet going into the disposal container. Please ensure the photograph or video shows evidence of the recycling location, such as the disposal container or location signage. Contact Little Nation by email at support@littlenation.com with the subject line “Tablet Recall”, your order number and your evidence of disposal to receive a full refund. If you are unable to take a photograph at the recycling location, please contact Little Nation for further instructions. Contact Little Nation Email: support@littlenation.com Visit: https://lit",https://www.productsafety.gov.au/search-consumer-product-recalls/lcd-10-inch-writing-tablet,Button batteries,000 2026 about access action and any appropriate are australia available batteries battery bleeding bodies body breathing burn button call can centre child children choking coin com comply consumers contact container containing could dangers day death description develop died difficulty direct disposal dispose does drawing early email ensure evidence facility fatal following for from full further going has have having hazards hours https immediately inch information injuries injury inserted inside instructions internal into isn lcd line lit little littlenation lives,maybe
Kpop Demon Hunters 500mL Double Wall Stainless Steel Drink Bottle – sold at Officeworks,2026-05-27,"27 May 2026 Product description Kpop Demon Hunters branded 500ml double wall stainless steel drink bottle with soft spout in 2 designs: Huntrix and Saja Boys. Barcode number: 9330921215223, 9330921215230 SKU: KPDASH-21522, KPDASH-21523 Reason the product is recalled The spout may separate from the drink bottle, becoming a small part and a choking hazard. The hazards to consumers Risk of serious injury or death from choking if the drink bottle’s spout detaches and is swallowed. What consumers should do Stop using the bottle immediately and keep out of reach of children. Contact Zak Australia via email to arrange for a replacement lid for the bottle or return the bottle to your nearest Officeworks for a full refund. Contact Zak Australia Call: 03 8561 7333 Email: zakinfo@hottopic.com.au Visit: https://www.zakau.com.au/",https://www.productsafety.gov.au/search-consumer-product-recalls/kpop-demon-hunters-500ml-double-wall-stainless-steel-drink-bottle-%E2%80%93-sold-at-officeworks,Kitchenware and containers,2026 21522 21523 500ml 7333 8561 9330921215223 9330921215230 and arrange australia barcode becoming bottle boys branded call children choking com consumers contact containers death demon description designs detaches double drink email for from full hazard hazards hottopic https hunters huntrix immediately injury keep kitchenware kpdash kpop lid may nearest number officeworks out part product reach reason recalled refund replacement return risk saja separate serious should sku small soft sold spout stainless steel stop swallowed the using via visit wall what,maybe
Fire v Ice Air Hockey Table,2026-05-27,"27 May 2026 Product description Electric air hockey table that includes 2 pucks. The LED lighting puck, contains a button battery SKU: 559505 Item No. 04031 Barcode 4011796040312 Reason the product is recalled The product doesn’t comply with the mandatory standards for products containing button/coin batteries . The battery compartment isn’t secured with captive screws, and children could access the button/coin battery. The product is missing warning information about: the dangers of button/coin batteries to children what to do when a person suspects someone has swallowed or placed a button/coin battery inside any part of their body. The hazards to consumers Children are at risk of choking, severe internal burn injuries or death if they swallow or place button/coin batteries inside their bodies. Serious injury can occur in as little as 2 hours and the results can be fatal. In Australia, children have suffered serious injuries or died from swallowing button/coin batteries. If you suspect a child has swallowed or inserted a button or coin battery: Call Triple Zero (000) if your child is bleeding or having any difficulty breathing. Call the Poisons Information Centre immediately on 13 11 26, available 24 hours a day. They can direct you to an appropriate medical facility. Early action can save lives. Do not wait for symptoms to develop. What consumers should do 1. Stop using the LED light up puck and keep away from children. 2. Customers can return the light-up puck to receive a partial refund of $15 or return the table and light-up puck to receive a full refund. Contact Rebel Sport Call: 1300 654 502 (Mon – Fri 8am to 6pm AEST, Sat 9am to 5pm AEST) Email: customercare@superretailgroup.com Visit: https://www.rebelsport.com.au/",https://www.productsafety.gov.au/search-consumer-product-recalls/fire-v-ice-air-hockey-table,Button batteries,000 04031 1300 2026 4011796040312 502 559505 5pm 654 6pm 8am 9am about access action aest air and any appropriate are australia available away barcode batteries battery bleeding bodies body breathing burn button call can captive centre child children choking coin com compartment comply consumers contact containing contains could customercare customers dangers day death description develop died difficulty direct doesn early electric email facility fatal fire for fri from full has have having hazards hockey hours https ice immediately includes,maybe
2026 ACID Carbon Hybrid crank arm (ISIS),2026-05-26,"26 May 2026 Product description Crank arms supplied on e-bikes. Affected crank arms: #30884 (left) #30885 (right) 160mm, 165mm, 170mm, 175mm length Affected e-bike models: Cube AMS Hybrid ONE44 C:62 Pro 400X blackline Cube AMS Hybrid ONE44 C:68X TM 400X reedgreennmatrix Cube Stereo Hybrid ONE77 HPC AT actionteam Cube AMS Hybrid ONE44 C:68X SLX 400X nebulanblack Cube AMS Hybrid ONE77 C:62 TM reedgreennmatrix Cube Stereo Hybrid ONE77 HPC TM 800 reedgreennmatrix Reason the product is recalled The aluminium inserts from the carbon on the crank arms may suddenly detach from the crank body. The hazards to consumers Risk of serious injury or death if the crank fails while in use and causes the rider to crash the bicycle. What consumers should do 1. Stop using the e-bike immediately. 2. Return the e-bike to the place of purchase or an authorised Cube Bicycle distributor for a free repair. Cube Bicycle is offering two repair options: a) receive temporary aluminium cranks, which will be upgraded to carbon replacements when available in 12 months; or b) receive permanent aluminium cranks and a free e-bike light. 3. Contact Pedal Group for more information or if you require assistance with this recall. Contact Pedal Group Pty Ltd Call: 07 3726 0163 Email: warranty@pedalgroup.com",https://www.productsafety.gov.au/search-consumer-product-recalls/2026-acid-carbon-hybrid-crank-arm-isis,Bicycles and scooters (push),0163 160mm 165mm 170mm 175mm 2026 30884 30885 3726 400x 68x 800 acid actionteam affected aluminium ams and arm arms assistance authorised available bicycle bicycles bike bikes blackline body call carbon causes com consumers contact crank cranks crash cube death description detach distributor email fails for free from group hazards hpc hybrid immediately information injury inserts isis left length light ltd may models months more nebulanblack offering one44 one77 options pedal pedalgroup permanent place pro product pty purchase push reason,maybe
ANKO Chick Silicone Teether,2026-05-26,"26 May 2026 Product description Chick-shaped silicone teething toy. Kmart SKU: 43549351 Target SKU: 70985030 Reason the product is recalled The product may not comply with the mandatory standard for toys for children up to and including 36 months of age . Small parts may separate from the teether and become a choking hazard. The hazards to consumers Risk of serious injury or death from choking if children swallow small loose silicone components. What consumers should do Stop using the product immediately and keep out of reach of children. Thoroughly check the surrounding area for loose silicone pieces, remove and dispose of them. Return the product to the place of purchase for a full refund. Contact the place of purchase if you are unable to return the product or have sold or gifted it to another person. Contact Kmart Call: 1800 124 125, Monday to Friday 8am to 6pm (AEST) Online: https://www.kmart.com.au/contact-us/ Target Call: 1300 753 567, Monday to Friday 8am to 6pm (AEST) Online: https://www.target.com.au/help/contact-us",https://www.productsafety.gov.au/search-consumer-product-recalls/anko-chick-silicone-teether,Dummies and soothers,124 125 1300 1800 2026 43549351 567 6pm 70985030 753 8am aest age and anko another are area become call check chick children choking com comply components consumers contact death description dispose dummies for friday from full gifted have hazard hazards help https immediately including injury keep kmart loose mandatory may monday months not online out parts person pieces place product purchase reach reason recalled refund remove return risk separate serious shaped should silicone sku small sold soothers standard stop,maybe
Joolz Aer2 car seat adapter set,2026-05-26,"26 May 2026 Product description Car seat adapter set to connect an infant car seat to a Joolz Aer2 stroller chassis. affected products start with serial number NL311 Only the car seat adapter set is affected by this recall, not the Jools Aer2 stroller. Reason the product is recalled The car seat adapter set may fail to engage and connect properly with the spring-loaded pin on the Joolz Aer2 stroller. During use, the product can cause the car seat to detach from the stroller, tip forward and fall to the ground. This can occur even when the adapter appears to be locked in place. The hazards to consumers Risk of serious injury or death to infants if the car seat detaches and falls from the stroller while in use. Incidents have occurred. What consumers should do Stop using the car seat adapter set immediately. Contact Joolz to arrange for a refund of the car seat adapter set. Contact Joolz Call: 0433 063 337 Email: service.au@joolz.com Visit: https://service.joolz.com/s/car-seat-adapter-set-recall?language=en_GB",https://www.productsafety.gov.au/search-consumer-product-recalls/joolz-aer2-car-seat-adapter-set,Child car seats,0433 063 2026 337 adapter aer2 affected and appears arrange call can car cause chassis child com connect consumers contact death description detach detaches during email engage even fail fall falls for forward from ground have hazards https immediately incidents infant infants injury jools joolz language loaded locked may nl311 not number occur occurred only pin place product products properly reason recall recalled refund risk seat seats serial serious service set should spring start stop stroller the this tip use,maybe
LED Fairy Floss,2026-05-25,"25 May 2026 Product description LED light attached to stick inside fairy floss. Reason the product is recalled The light doesn’t comply with the mandatory standards for products containing button/coin batteries . The battery isn’t secured, and children could access the button/coin battery. The product is missing warning information about the dangers of button/coin batteries to children what to do when a person suspects someone has swallowed or placed a button/coin battery inside any part of their body. The hazards to consumers Children are at risk of choking, severe internal burn injuries or death if they swallow or place button/coin batteries inside their bodies. Serious injury can occur in as little as 2 hours and the results can be fatal. In Australia, children have suffered serious injuries or died from swallowing button/coin batteries. If you suspect a child has swallowed or inserted a button or coin battery: Call Triple Zero (000) if your child is bleeding or having any difficulty breathing. Call the Poisons Information Centre immediately on 13 11 26, available 24 hours a day. They can direct you to an appropriate medical facility. Early action can save lives. Do not wait for symptoms to develop. An incident has occurred. What consumers should do Stop using the product immediately and keep out of reach of children. Return the product to An’s Big Fairy Floss to receive a full refund. Contact An’s Big Fairy Floss Call: 0451 778 676 Email: ansbigfairyfloss@gmail.com",https://www.productsafety.gov.au/search-consumer-product-recalls/led-fairy-floss,Button batteries,000 0451 2026 676 778 about access action and ansbigfairyfloss any appropriate are attached australia available batteries battery big bleeding bodies body breathing burn button call can centre child children choking coin com comply consumers contact containing could dangers day death description develop died difficulty direct doesn early email facility fairy fatal floss for from full gmail has have having hazards hours immediately incident information injuries injury inserted inside internal isn keep led light little lives mandatory may medical missing,maybe
3M™ PELTOR™ ComTac™ VIII Headset,2026-05-25,25 May 2026 Product description 3M™ PELTOR™ ComTac™ VIII Headset. Model numbers: 7100322593 MT14H418A-02 GREEN 7100321396 MT14H418A-02 GRAY 7100322310 MT14H418A-35 GREEN 7100321460 MT14H418A-38 GREY 7100321461 MT14H418A-38 GREEN 7100320872 MT14H418A-86 GREEN Units with manufacture dates (YYYY/DD) from 2025/11 (11th month 2025) to 2026/02 (2nd month 2026) may be affected. The manufacture date is located on the outside of the cup or the box label. Please see attached list below of manufacturing identification numbers for affected units. Reason the product is recalled The headsets may emit a very loud feedback noise (measured up to 106 dBA) through the headset speakers. The hazards to consumers Risk of serious injury from permanent tinnitus from the loud feedback noise. What consumers should do Stop using affected headsets immediately. Contact the distributor you purchased the product from to arrange for a credit or refund and instructions on product return. Contact 3M Australia Pty Limited Call 136 136 Visit https://www.3m.com.au/3M/en_AU/company-au/help-centre/,https://www.productsafety.gov.au/search-consumer-product-recalls/3m%E2%84%A2-peltor%E2%84%A2-comtac%E2%84%A2-viii-headset,Tools and machinery,106 11th 136 2025 2026 2nd 7100320872 7100321396 7100321460 7100321461 7100322310 7100322593 affected and arrange attached australia below box call centre com company comtac consumers contact credit cup date dates dba description distributor emit feedback for from gray green grey hazards headset headsets help https identification immediately injury instructions label limited list located loud machinery manufacture manufacturing may measured model month mt14h418a noise numbers outside peltor permanent please product pty purchased reason recalled refund return risk see serious should speakers,maybe
Fotopro Bluetooth shutter remote for mobile phone camera,2026-05-20,"20 May 2026 Product description Bluetooth remote shutter operator for mobile phone cameras BT-4 model contains button battery Reason the product is recalled The remote doesn’t comply with the mandatory standards for products containing button/coin batteries . The battery isn’t secured, and children could access the button/coin battery. The product is missing warning information about: the dangers of button/coin batteries to children what to do when a person suspects someone has swallowed or placed a button/coin battery inside any part of their body. The hazards to consumers Children are at risk of choking, severe internal burn injuries or death if they swallow or place button/coin batteries inside their bodies. Serious injury can occur in as little as 2 hours and the results can be fatal. In Australia, children have suffered serious injuries or died from swallowing button/coin batteries. If you suspect a child has swallowed or inserted a button or coin battery: Call Triple Zero (000) if your child is bleeding or having any difficulty breathing. Call the Poisons Information Centre immediately on 13 11 26, available 24 hours a day. They can direct you to an appropriate medical facility. Early action can save lives. Do not wait for symptoms to develop. What consumers should do Stop using the remote immediately and keep out of reach of children. Contact Little Sun International Pty Ltd to arrange a refund or replacement. Contact Little Sun international Pty Ltd Call: 03 9833 3889 Email: sales@littlesun.com.au Visit: www.littlesun.com.au",https://www.productsafety.gov.au/search-consumer-product-recalls/fotopro-bluetooth-shutter-remote-for-mobile-phone-camera,Button batteries,000 2026 3889 9833 about access action and any appropriate are arrange australia available batteries battery bleeding bluetooth bodies body breathing burn button call camera cameras can centre child children choking coin com comply consumers contact containing contains could dangers day death description develop died difficulty direct doesn early email facility fatal for fotopro from has have having hazards hours immediately information injuries injury inserted inside internal international isn keep little littlesun lives ltd mandatory may medical missing mobile model,maybe
Metallic cake decorating powder – various colours,2026-05-15,"15 May 2026 Product description Metallic cake decorating powder in various colours: Rose Gold Fiery Copper Dior Gold Platinum Silver Champagne Gold The powders are used to decorate removable ornaments on cakes and are not supposed to be consumed. Reason the product is recalled These cake decorating powders may contain copper and zinc dust which can be toxic if inhaled or ingested. The hazards to consumers Risk of serious harm if the powder is inhaled or ingested. An incident has occurred resulting in the hospitalisation of a young child. If you suspect someone has inhaled or ingested one of these cake decorating powders: Call Triple Zero ( 000 ) if the person is having any difficulty breathing. Call the Poisons Information Centre immediately on 13 11 26, available 24 hours a day. They can direct you to an appropriate medical facility. What consumers should do Stop using these products immediately and keep out of reach of children. Return to the place of purchase for a full refund. Contact Crumb Australia for further information about this recall. Contact Crumb Australia Pty Ltd Call: 0458 686 858 Email: creativecakedecoratingau@gmail.com Visit: www.creativecakedecorating.com.au",https://www.productsafety.gov.au/search-consumer-product-recalls/metallic-cake-decorating-powder-%E2%80%93-various-colours,"Decorations, candles and novelties",000 0458 2026 686 858 about and any appropriate are australia available breathing cake cakes call can candles centre champagne child children colours com consumed consumers contact contain copper creativecakedecorating creativecakedecoratingau crumb day decorate decorating decorations description difficulty dior direct dust email facility fiery for full further gmail gold harm has having hazards hospitalisation hours immediately incident information ingested inhaled keep ltd may medical metallic not novelties occurred one ornaments out person place platinum poisons powder powders product products pty,maybe
LED soccer hover ball (small),2026-05-15,15 May 2026 Product description Children’s toy LED soccer ball that hovers on a cushion of air for use indoors only small size 5.5” soccer balls are affected Reason the product is recalled The batteries in the toy can overheat while in use. The hazards to consumers Risk of serious injury from burns and/or property damage from fire if the batteries overheat while in use. There have been reports from consumers of the product overheating or having a burning smell. What consumers should do Consumers should stop using the balls immediately and keep out of reach of children. Write “RECALLED” on the ball in permanent marker and submit a photograph of the marked ball to info@thekiddospace.com to receive a replacement soccer hover ball. Dispose of the ball in accordance with their local waste disposal requirements. Contact TheKiddoSpace for further information relating to the recall or for further assistance. Contact TheKiddoSpace Email: info@thekiddospace.com Visit: https://thekiddospace.shop,https://www.productsafety.gov.au/search-consumer-product-recalls/led-soccer-hover-ball-small,Novelty toys,2026 accordance affected air and are assistance ball balls batteries been burning burns can children com consumers contact cushion damage description disposal dispose email fire for from further have having hazards hover hovers https immediately indoors info information injury keep led local marked marker may novelty only out overheat overheating permanent photograph product property reach reason recall recalled receive relating replacement reports requirements risk serious shop should size small smell soccer stop submit that the their thekiddospace there toy toys,maybe
Children's Peg Dolls in Cups,2026-05-15,15 May 2026 Product description Set of 7 rainbow-coloured wooden peg dolls with a matching cup and wood tray. Reason the product is recalled The product does not comply with the mandatory standard for toys for children up to and including 36 months of age . The toy contain small parts that are a choking hazard to children. The hazards to consumers Risk of serious injury or death by choking or suffocation if a child places the toy in their mouth. What consumers should do Stop using the toys immediately and place them out of reach of children. Write “RECALLED” on the pieces of the toy in permanent marker and submit a photograph of the marked toys to info@thekiddospace.com to receive a full refund. Dispose of the toys once the photograph is submitted. Contact TheKiddoSpace for further information relating to the recall or for further assistance. Contact TheKiddoSpace Email: info@thekiddospace.com Visit: https://thekiddospace.shop,https://www.productsafety.gov.au/search-consumer-product-recalls/childrens-peg-dolls-in-cups,Dolls and doll houses,2026 age and are assistance child children choking coloured com comply consumers contact contain cup cups death description dispose does doll dolls email for full further hazard hazards houses https immediately including info information injury mandatory marked marker matching may months mouth not once out parts peg permanent photograph pieces place places product rainbow reach reason recall recalled receive refund relating risk serious set shop should small standard stop submit submitted suffocation that the their thekiddospace them toy toys tray,maybe
Children's Montessori Egg Puzzle,2026-05-15,15 May 2026 Product description Set of 6 or 12 puzzle egg toys with different coloured geometric shapes that come in a yellow storage egg carton case. Reason the product is recalled Parts of the egg toy may pose a choking hazard if a child places the part in their mouth. The hazards to consumers Risk of serious injury or death by choking or suffocation if a child places the toy in their mouth. What consumers should do Stop using the toys immediately and place them out of reach of children. Write “RECALLED” on the pieces of the toy in permanent marker and submit a photograph of the marked toys to info@thekiddospace.com to receive a full refund. Dispose of the toys once the photograph is submitted. Contact TheKiddoSpace for further information relating to the recall or for further assistance. Contact TheKiddoSpace Email: info@thekiddospace.com Visit: https://thekiddospace.shop,https://www.productsafety.gov.au/search-consumer-product-recalls/childrens-montessori-egg-puzzle,Games and puzzles,2026 and assistance carton case child children choking coloured com come consumers contact death description different dispose egg email for full further games geometric hazard hazards https immediately info information injury marked marker may montessori mouth once out part parts permanent photograph pieces place places pose product puzzle puzzles reach reason recall recalled receive refund relating risk serious set shapes shop should stop storage submit submitted suffocation that the their thekiddospace them toy toys using visit what with write yellow,maybe
Children's sensory swing,2026-05-15,"15 May 2026 Product description Children’s sensory swing. Stretchable, cocoon-style hammock made of soft fabric, intended to be suspended indoors for therapeutic or recreational use. sold in green, grey, blue and pink, and in themed prints: ocean, jungle, space and fairytale. includes installation hardware and a white-washing bag. packaged in a blue drawstring storage bag with the KiddoSpace logo printed on the front. Reason the product is recalled The swing’s stretchable fabric can form loops that can entrap a child’s head or neck and become a strangulation hazard. The hazards to consumers Risk of serious injury or death from strangulation if a loop forms around a child’s head or neck. What consumers should do Stop using the swings immediately and keep out of reach of children. Destroy the swing by cutting the swing’s fabric in half and submit a photograph of the destroyed swing to info@thekiddospace.com to receive a full refund. Dispose of the destroyed swing in accordance with local waste disposal requirements. Contact TheKiddoSpace for further information relating to the recall or for further assistance. Contact TheKiddoSpace Email: info@thekiddospace.com Visit: https://thekiddospace.shop",https://www.productsafety.gov.au/search-consumer-product-recalls/childrens-sensory-swing,Outdoor toys and play equipment,2026 accordance and around assistance bag become blue can child children cocoon com consumers contact cutting death description destroy destroyed disposal dispose drawstring email entrap equipment fabric fairytale for form forms from front full further green grey half hammock hardware hazard hazards head https immediately includes indoors info information injury installation intended jungle keep kiddospace local logo loop loops made may neck ocean out outdoor packaged photograph pink play printed prints product reach reason recall recalled receive recreational refund relating,maybe
Children's Christmas Tree Play Set,2026-05-15,"15 May 2026 Product description A children’s felt play set consisting of a two-sided Christmas tree, a set of holiday-themed felt ornaments and a storage box. The Christmas tree component contains a music box powered by button batteries. Reason the product is recalled The product doesn’t comply with the mandatory standards for products containing button/coin batteries. The compartment housing the batteries isn’t secured, and children could access the button/coin battery. The product and its packaging are missing warning information about: the dangers of button/coin batteries to children what to do when a person suspects someone has swallowed or placed a button/coin battery inside any part of their body. The hazards to consumers Children are at risk of choking, severe internal burn injuries or death if they swallow or place button/coin batteries inside their bodies. There is also risk that the batteries may short-circuit during use, which may cause injury. If you suspect a child has swallowed or inserted a button or coin battery: Call Triple Zero (000) if a child is having any difficulty breathing. Call the Poisons Information Centre immediately on 13 11 26, available 24 hours a day. They can direct you to an appropriate medical facility. Early action can save lives. Do not wait for symptoms to develop. What consumers should do Stop using the Christmas Tree Play Set immediately and keep it out of reach of children. Write “RECALLED” on the Christmas Tree Play Set in permanent marker and submit a photograph of the marked product to info@thekiddospace.com to receive a full refund. Dispose of the Christmas Tree Play Set safely by following the disposal instructions at Recycle Mate or B-Cycle once the photograph is submitted. Contact TheKiddoSpace for further information relating to the recall or for further assistance. Contact TheKiddoSpace Email: info@thekiddospace.com Visit: https://thekiddospace.shop",https://www.productsafety.gov.au/search-consumer-product-recalls/childrens-christmas-tree-play-set,Learning and activity toys,000 2026 about access action activity also and any appropriate are assistance available batteries battery bodies body box breathing burn button call can cause centre child children choking christmas circuit coin com compartment comply component consisting consumers contact containing contains could cycle dangers day death description develop difficulty direct disposal dispose doesn during early email facility felt following for full further has having hazards holiday hours housing https immediately info information injuries injury inserted inside instructions internal isn its keep,maybe
Children’s sensory story book,2026-05-15,"15 May 2026 Product description A children’s sensory story book with detachable felt pieces. Reason the product is recalled The book’s small felt parts can detach, posing a risk of choking to young children. The hazards to consumers Risk of serious injury or death by choking or suffocation if a child places the small felt parts in their mouth. What consumers should do Stop using the sensory book immediately and keep out of reach of children. Write “RECALLED” on the book in permanent marker and submit a photograph of the marked book to info@thekiddospace.com to receive a full refund. Dispose of the book once the photograph is submitted. Contact TheKiddoSpace for further information relating to the recall or for further assistance. Contact TheKiddoSpace Email: info@thekiddospace.com Visit: https://thekiddospace.shop",https://www.productsafety.gov.au/search-consumer-product-recalls/children%E2%80%99s-sensory-story-book,Learning and activity toys,2026 activity and assistance book can child children choking com consumers contact death description detach detachable dispose email felt for full further hazards https immediately info information injury keep learning marked marker may mouth once out parts permanent photograph pieces places posing product reach reason recall recalled receive refund relating risk sensory serious shop should small stop story submit submitted suffocation the their thekiddospace toys using visit what with write young,maybe
Children’s talking flashcard toys – animal shaped and rectangular,2026-05-15,"15 May 2026 Product description TheKiddoSpace branded talking flashcard toys in 2 styles: Rectangular Dates of sale: 13 February 2024 to 17 February 2025 Animal shaped Dates of sale: 3 December 2023 to 25 February 2025 Reason the product is recalled The USB cable supplied with the rectangular style flashcard toy does not comply with the permanent ban on DEHP in children's plastic items . The batteries found in the animal style flashcard toy can short circuit. The hazards to consumers Risk of reproductive toxicity for children up to 36 months of age if they extensively chew or suck on objects containing DEHP. Risk of serious injury or property damage from fire or burns if the batteries in the animal shaped toy short circuit. An incident with the cable overheating has occurred. What consumers should do Stop using these toys immediately and keep out of reach of children. For the rectangular shaped toy, cut the USB cable and submit a photograph of the cut USB cable to info@thekiddospace.com to receive a free replacement USB cable. For the animal shaped toy write “RECALLED” on the toy in permanent marker and submit a photograph of the marked toys to info@thekiddospace.com to receive a full refund. Dispose of both the toy and USB cable once the photographs are submitted in accordance with local waste disposal requirements. Contact TheKiddoSpace for further information relating to the recall or for further assistance. Contact TheKiddoSpace Email: info@thekiddospace.com Visit: https://thekiddospace.shop",https://www.productsafety.gov.au/search-consumer-product-recalls/children%E2%80%99s-talking-flashcard-toys-%E2%80%93-animal-shaped-and-rectangular,Games and puzzles,2023 2024 2025 2026 accordance age and animal are assistance ban batteries both branded burns cable can chew children circuit com comply consumers contact containing cut damage dates december dehp description disposal dispose does email extensively february fire flashcard for found free from full further games has hazards https immediately incident info information injury items keep local marked marker may months not objects occurred once out overheating permanent photograph photographs plastic product property puzzles reach reason recall recalled receive rectangular,maybe
Children’s finger-painting kits,2026-05-15,"15 May 2026 Product description Children’s finger-painting kits Kits include: round paint palette colouring books Reason the product is recalled The finger-painting kits contain hazardous and toxic substances, methanol, ethylene glycol and a phthalate. The hazards to consumers Risk of serious health effects including death if children ingest the finger-paint. There is a risk of skin irritation and swollen lymph nodes from contact with the finger-paint. Incidents have occurred overseas. What consumers should do Stop using the finger paint immediately and keep out of reach of children. Write “RECALLED” on the back and lid of the finger-paint pad and submit a photograph of the marked product to info@thekiddospace.com to receive a full refund. Dispose of the toys once the photograph is submitted in accordance with local waste disposal requirements. Contact TheKiddoSpace for further information relating to the recall or for further assistance. Contact TheKiddoSpace Email: info@thekiddospace.com Visit: https://thekiddospace.shop",https://www.productsafety.gov.au/search-consumer-product-recalls/children%E2%80%99s-finger-painting-kits,Arts and crafts toys,2026 accordance and arts assistance back books children colouring com consumers contact contain crafts death description disposal dispose effects email ethylene finger for from full further glycol have hazardous hazards health https immediately incidents include including info information ingest irritation keep kits lid local lymph marked may methanol nodes occurred once out overseas pad paint painting palette photograph phthalate product reach reason recall recalled receive refund relating requirements risk round serious shop should skin stop submit submitted substances swollen the,maybe
USB Type-C rechargeable button battery charger,2026-05-13,"13 May 2026 Product description USB-C powered charger for recharging button/coin batteries. Reason the product is recalled The charger doesn’t comply with the mandatory standards for products containing button/coin batteries . The battery isn’t secured, and children could access the button/coin battery. The products are missing warning information about the dangers of button/coin batteries to children what to do when a person suspects someone has swallowed or placed a button/coin battery inside any part of their body. The hazards to consumers Children are at risk of choking, severe internal burn injuries or death if they swallow or place button/coin batteries inside their bodies. Serious injury can occur in as little as 2 hours and the results can be fatal. In Australia, children have suffered serious injuries or died from swallowing button/coin batteries. If you suspect a child has swallowed or inserted a button or coin battery: Call Triple Zero (000) if your child is bleeding or having any difficulty breathing. Call the Poisons Information Centre immediately on 13 11 26, available 24 hours a day. They can direct you to an appropriate medical facility. Early action can save lives. Do not wait for symptoms to develop. What consumers should do Stop using the product immediately and keep it out of reach of children. SHEIN will contact affected consumers by email with a link to confirm disposal of the product. SHEIN will process a full refund when the email is actioned. Contact SHEIN if you have not received the email or are having difficulties with the email. Contact SHEIN Distribution Australia Pty Ltd Email: aucsteam@shein.com Live chat: (11:00am to 8:00pm AEST) link Visit: https://au.shein.com/",https://www.productsafety.gov.au/search-consumer-product-recalls/usb-type-c-rechargeable-button-battery-charger,Button batteries,000 00am 00pm 2026 about access action actioned aest affected and any appropriate are aucsteam australia available batteries battery bleeding bodies body breathing burn button call can centre charger chat child children choking coin com comply confirm consumers contact containing could dangers day death description develop died difficulties difficulty direct disposal distribution doesn early email facility fatal for from full has have having hazards hours https immediately information injuries injury inserted inside internal isn keep link little live lives ltd,maybe
Robert Gordon coffee cup - 4 Dogs and a Cat collection,2026-05-13,13 May 2026 Product description Robert Gordon coffee cup - 4 Dogs and a Cat collection available in 5 different designs featuring a cat or dog image only cups from batch no.12/25 (printed on bottom of cup) that were sold on or after 19 March 2026 are affected. Reason the product is recalled The cup can break when filled with hot liquid. The hazards to consumers Risk of serious injury from burns and lacerations from sharp edges if the cup breaks when filled with hot liquid. Incidents causing an injury have occurred. What consumers should do Stop using affected cups immediately. Return cups to the place of purchase for a full refund. Contact Robert Gordon Australia Call: 03 5941 3144 Email: sales@robertgordonaustralia.com Visit: https://www.robertgordonaustralia.com/,https://www.productsafety.gov.au/search-consumer-product-recalls/robert-gordon-coffee-cup-4-dogs-and-a-cat-collection,Kitchenware and containers,2026 3144 5941 affected after and are australia available batch bottom break breaks burns call can cat causing coffee collection com consumers contact containers cup cups description designs different dog dogs edges email featuring filled for from full gordon have hazards hot https image immediately incidents injury kitchenware lacerations liquid march may occurred only place printed product purchase reason recalled refund return risk robert robertgordonaustralia sales serious sharp should sold stop that the using visit were what when with www,maybe
8.5 inch LCD writing tablet - assorted colours,2026-05-13,"13 May 2026 Product description LCD tablet for writing and drawing in assorted colours. Reason the product is recalled The tablet may not comply with the mandatory standards for products containing button/coin batteries. The battery may not be secured, and children could potentially access the button/coin battery. The product may be missing warning information about: the dangers of button/coin batteries to children what to do when a person suspects someone has swallowed or placed a button/coin battery inside any part of their body. The hazards to consumers Children may be at risk of choking, severe internal burn injuries or death if they swallow or place button/coin batteries inside their bodies. Serious injury can occur in as little as 2 hours and the results can be fatal. In Australia, children have suffered serious injuries or died from swallowing button/coin batteries. If you suspect a child has swallowed or inserted a button or coin battery: Call Triple Zero (000) if your child is bleeding or having any difficulty breathing. Call the Poisons Information Centre immediately on 13 11 26, available 24 hours a day. They can direct you to an appropriate medical facility. Early action can save lives. Do not wait for symptoms to develop. What consumers should do Stop using the tablet immediately and place out of reach of children. Contact Boutique Retailer for a full refund, then dispose of the tablet safely by following the disposal instructions at Recycle Mate . Contact Boutique Retailer Email: hello@boutiqueretailer.com.au",https://www.productsafety.gov.au/search-consumer-product-recalls/85-inch-lcd-writing-tablet-assorted-colours,Button batteries,000 2026 about access action and any appropriate assorted australia available batteries battery bleeding bodies body boutique boutiqueretailer breathing burn button call can centre child children choking coin colours com comply consumers contact containing could dangers day death description develop died difficulty direct disposal dispose drawing early email facility fatal following for from full has have having hazards hello hours immediately inch information injuries injury inserted inside instructions internal lcd little lives mandatory mate may medical missing not occur out,maybe
8.5 inch writing and drawing tablet,2026-05-12,"12 May 2026 Product description LCD tablet for writing and drawing in assorted colours. Reason the product is recalled The tablet doesn’t comply with the mandatory standards for products containing button/coin batteries . The battery isn’t secured, and children could access the button/coin battery. The product is missing warning information about: the dangers of button/coin batteries to children what to do when a person suspects someone has swallowed or placed a button/coin battery inside any part of their body. The hazards to consumers Children are at risk of choking, severe internal burn injuries or death if they swallow or place button/coin batteries inside their bodies. Serious injury can occur in as little as 2 hours and the results can be fatal. In Australia, children have suffered serious injuries or died from swallowing button/coin batteries. If you suspect a child has swallowed or inserted a button or coin battery: Call Triple Zero (000) if your child is bleeding or having any difficulty breathing. Call the Poisons Information Centre immediately on 13 11 26, available 24 hours a day. They can direct you to an appropriate medical facility. Early action can save lives. Do not wait for symptoms to develop. What consumers should do Stop using the tablet immediately and place out of reach of children. Contact Shelley’s Sensory Shop for a full refund, then dispose of the tablet safely by following the disposal instructions at Recycle Mate . Contact Shelley’s Sensory Shop Email: shelleyssensoryshop@gmail.com",https://www.productsafety.gov.au/search-consumer-product-recalls/85-inch-writing-and-drawing-tablet,Button batteries,000 2026 about access action and any appropriate are assorted australia available batteries battery bleeding bodies body breathing burn button call can centre child children choking coin colours com comply consumers contact containing could dangers day death description develop died difficulty direct disposal dispose doesn drawing early email facility fatal following for from full gmail has have having hazards hours immediately inch information injuries injury inserted inside instructions internal isn lcd little lives mandatory mate may medical missing not occur,maybe
"Scented Fun Sand - blue, green, red & yellow",2026-05-12,"12 May 2026 Product description Loose, coloured play sand for children that can be moulded into different shapes. The product is available in four colours (blue, green, red and yellow). Reason the product is recalled The play sand is being recalled because it may contain traces of asbestos, which is a prohibited substance in Australia. The hazards to consumers The play sand may cause a risk to health, as traces of anthophyllite asbestos and tremolite asbestos have been detected in some samples after laboratory testing. What consumers should do Stop using the product immediately. For safe disposal advice from the Asbestos and Silica Safety and Eradication Agency, visit the ACCC Product Safety website . Attend in-store or contact The Reject Shop with proof of purchase to arrange a full refund. Important message from the ACCC to consumers: The ACCC continues to work with health and safety, and other relevant agencies at the state, territory and Commonwealth levels as this issue evolves. For safe disposal advice from the Asbestos and Silica Safety and Eradication Agency and health information from the Environmental Health Standing Committee (enHealth), visit the ACCC Product Safety website . Contact The Reject Shop Email: service@rejectshop.com.au Visit: https://www.rejectshop.com.au/",https://www.productsafety.gov.au/search-consumer-product-recalls/scented-fun-sand-blue-green-red-yellow,Asbestos (cancer causing substance),2026 accc advice after agencies agency and anthophyllite arrange asbestos attend australia available because been being blue can cancer cause causing children coloured colours com committee commonwealth consumers contact contain continues description detected different disposal email enhealth environmental eradication evolves for four from full fun green have hazards health https immediately important information into issue laboratory levels loose may message moulded other play product prohibited proof purchase reason recalled red refund reject rejectshop relevant risk safe safety samples sand scented,maybe
Heartwarming Hugs Bear 2 with the zipper closure,2026-05-11,11 May 2026 Product description Weighted plush bear with zipper closure. Contains removable heart which can be heated or cooled for extra comfort. Only bears with zipper closures are affected. Bears with velcro closures are not affected by this recall. Reason the product is recalled This product may not comply with the mandatory standard for toys for children up to and including 36 months of age . The zipper slider may detach and become a choking hazard. The hazards to consumers Risk of serious injury or death from choking if a young child swallows the zipper slider. What consumers should do Stop using the affected Heartwarming Hug Bear 2 immediately and keep out of reach of young children. Return the affected bears to a Build-A-Bear Workshop for a full refund or Build-A-Bear Workshop gift card. Contact Build-A-Bear Workshop Email: recall@buildabear.com.au Visit: https://buildabear.com.au/pages/contact,https://www.productsafety.gov.au/search-consumer-product-recalls/heartwarming-hugs-bear-2-with-the-zipper-closure,Stuffed and plush toys,2026 affected age and are bear bears become build buildabear can card child children choking closure closures com comfort comply consumers contact contains cooled death description detach email extra for from full gift hazard hazards heart heartwarming heated https hug hugs immediately including injury keep mandatory may months not only out pages plush product reach reason recall recalled refund removable return risk serious should slider standard stop stuffed swallows the this toys using velcro visit weighted what which with workshop,maybe
Yamaha G29-E golf car,2026-05-08,8 May 2026 Product description 2-seater electric golf car. Reason the product is recalled The golf car’s brake cable may be assembled incorrectly and cause the brake cable to wear and break with repeated use. The hazards to consumers Risk of serious injury from collision if the brake cable wears out and breaks from repeated use. What consumers should do Stop use immediately and check if the golf car is affected. Contact your local Yamaha dealer to arrange for a free inspection & repair if required. Contact Yamaha Motor Australia Pty Ltd Call: 1300 277 137 E-mail: cr@yamaha-motor.com.au Visit: https://www.yamaha-motor.com.au/,https://www.productsafety.gov.au/search-consumer-product-recalls/yamaha-g29-e-golf-car,Golf,1300 137 2026 277 affected and arrange assembled australia brake break breaks cable call car cause check collision com consumers contact dealer description electric for free from g29 golf hazards https immediately incorrectly injury inspection local ltd mail may motor out product pty reason recalled repair repeated required risk seater serious should stop the use visit wear wears what with www yamaha your,maybe
Baby teethers and rattles,2026-05-08,8 May 2026 Product description Silicone animal-shaped baby teether in assorted colours. Handheld wooden rattle with rotating rings and soft jingle bell. Cloud-shaped wooden rattle with dangling beads. Reason the product is recalled The products do not comply with the mandatory standard for toys for children up to and including 36 months of age . The hazards to consumers Risk of serious injury or death by choking or suffocation if a child detaches and places the small parts in their mouth. What consumers should do Stop using the product immediately and keep it out of reach of children. SHEIN will contact affected consumers by email with a link to confirm disposal of the product. SHEIN will process a full refund when the email is actioned. Contact SHEIN if you have not received the email or are having difficulties with the email. Contact SHEIN Distribution Australia Pty Ltd Email: aucsteam@shein.com Live chat: (11:00am to 8:00pm AEST) link Visit: https://au.shein.com/,https://www.productsafety.gov.au/search-consumer-product-recalls/baby-teethers-and-rattles,Rattles and toy teethers,00am 00pm 2026 actioned aest affected age and animal are assorted aucsteam australia baby beads bell chat child children choking cloud colours com comply confirm consumers contact dangling death description detaches difficulties disposal distribution email for full handheld have having hazards https immediately including injury jingle keep link live ltd mandatory may months mouth not out parts places process product products pty rattle rattles reach reason recalled received refund rings risk rotating serious shaped shein should silicone small soft standard,maybe
Westly Rattan Shoe Cabinet with 4 Doors Oak,2026-05-07,"7 May 2026 Product description A rattan shoe cabinet with four doors, designed for indoor residential use to store shoes and household items. Reason the product is recalled The fabric strap anti-toppling anchoring kit supplied with the cabinet may not provide consistent stability. The cabinet can tip over during use. The hazards to consumers Risk of serious injury or death and property damage if the cabinet tips over onto consumers or small children. An incident resulting in injury has occurred. What consumers should do Stop using the cabinet immediately and never allow children to stand, climb or hang on the stand. Contact BEI World Pty Ltd or the place of purchase to receive a free upgraded metal anti-toppling anchoring kit, a permanent warning label and instructions on how to install the metal anchoring kit before using the cabinet. Contact BEI World Pty Ltd Call: (02) 9630 2262 Email: cs@beiworld.com.au Visit: https://www.beiworld.com.au",https://www.productsafety.gov.au/search-consumer-product-recalls/westly-rattan-shoe-cabinet-with-4-doors-oak,Indoor furniture and furnishings,2026 2262 9630 allow anchoring and anti before bei beiworld cabinet call can children climb com consistent consumers contact damage death description designed doors during email fabric for four free furnishings furniture hang has hazards household how https immediately incident indoor injury install instructions items kit label ltd may metal never not oak occurred onto over permanent place product property provide pty purchase rattan reason recalled receive residential resulting risk serious shoe shoes should small stability stand stop store strap,maybe
Milwaukee Tool M18 FUEL Top Handle Chainsaw – 12” and 14” models,2026-05-07,"7 May 2026 Product description Electric chainsaw for cutting wood. available in 12” and 14” models sold individually and as part of kit including a battery and charger affected chainsaws have 4670 11 or 4670 21 listed as the first 6 digits of the product serial number. Reason the product is recalled The chain brake may not activate correctly if wood chips or debris accumulate, and the chainsaw is not cleaned and maintained regularly as per the manufacturer’s instructions. The hazards to consumers Risk of serious injury from laceration if the chain brake does not activate during a kickback. Incidents have occurred overseas. What consumers should do Stop using the product immediately. Contact Milwaukee Tool (Australia) for a free service and repair. Do not take the product back to the place of purchase. If the product was purchased as part of a kit, no action is required for batteries or chargers sold with the kit. Contact Milwaukee Tool (Australia) Call: 1800 008 816 Email: thnoticeau@milwaukeetools.com.au Visit: www.milwaukeetool.com.au/product-notification-top-handle-chainsaws.html",https://www.productsafety.gov.au/search-consumer-product-recalls/milwaukee-tool-m18-fuel-top-handle-chainsaw-%E2%80%93-12%E2%80%9D-and-14%E2%80%9D-models,Garden tools and products,008 1800 2026 4670 816 accumulate action activate affected and australia available back batteries battery brake call chain chainsaw chainsaws charger chargers chips cleaned com consumers contact correctly cutting debris description digits does during electric email first for free from fuel garden handle have hazards html immediately incidents including individually injury instructions kickback kit laceration listed m18 maintained manufacturer may milwaukee milwaukeetool milwaukeetools models not notification number occurred overseas part per place product products purchase purchased reason recalled regularly repair,maybe
Aarhus black leather oak recliner,2026-05-05,"5 May 2026 Product description Black leather recliner chair with oak base. Reason the product is recalled The centre pole of the chair that attaches the seat to the legs can snap off due to poor welding. The hazards to consumers Risk of serious injury if the centre pole of the chair breaks when in use. Incidents causing injury have occurred. What consumers should do Stop using the chair immediately. To receive a full refund, lodge a refund claim on the James Lane website and show proof of destruction or return the product to your nearest store or warehouse. Contact James Lane for further information relating to the recall or assistance to complete the refund form. Contact JAMES LANE Call: 1800 573 396 Email: service@jameslane.com.au Visit: https://help.jameslaneaustralia.com.au/hc/en-au/requests/new?ticket_form_id=5179333142927",https://www.productsafety.gov.au/search-consumer-product-recalls/aarhus-black-leather-oak-recliner,Indoor furniture and furnishings,1800 2026 396 5179333142927 573 aarhus and assistance attaches base black breaks call can causing centre chair claim com complete consumers contact description destruction due email for form full furnishings furniture further have hazards help https immediately incidents indoor information injury james jameslane jameslaneaustralia lane leather legs lodge may nearest new oak occurred off pole poor product proof reason recall recalled receive recliner refund relating requests return risk seat serious service should show snap stop store that the ticket use,maybe
RWS Livestock Stunning Cartridges (Captive Bolt Activator) (updated),2026-04-24,"24 Apr 2026 Product description RWS and Blitz and Kerner 9x17 Livestock Stunning Cartridges (Captive Bolt Activator) (9mm), supplied in 50 pack formats. Affected products can be identified by the batch/lot number on the top or underside of the lid/unit. 4-digit format: Ends with: N, O, P, Q, R, S, or T. 10-digit format (DO 50 packs): Begins with: DAG24K, DAG24L, DAG25A, DAG25B, DAG25C, or DAG25D. Reason the product is recalled Due to a manufacturing defect, affected batches of cartridges can malfunction during use and discharge unintended or explode. The hazards to consumers Risk of serious injury to users or damage to equipment if the affected cartridges explode or discharge while in use. What consumers should do Stop using the cartridges immediately and store them securely and separately from other substances in accordance with dangerous goods regulations. Check the batch/lot number on the product. If your cartridges are affected, return them to the place of purchase for a full refund or replacement product. Contact Bainbridge Pty Ltd Call: 07 3348 8404 between 7:30am and 5pm (AEST), Monday to Friday. Email: returns@bainbridgevet.com.au Visit: https://www.bainbridgevet.com.au/page/85/rws-and-blitz-captive-bolt-activators",https://www.productsafety.gov.au/search-consumer-product-recalls/rws-livestock-stunning-cartridges-captive-bolt-activator-updated,Farm equipment and supplies,2026 30am 3348 5pm 8404 9mm 9x17 accordance activator activators aest affected and apr are bainbridge bainbridgevet batch batches begins between blitz bolt call can captive cartridges check com consumers contact dag24k dag24l dag25a dag25b dag25c dag25d damage dangerous defect description digit discharge due during email ends equipment explode farm for format formats friday from full goods hazards https identified immediately injury kerner lid livestock lot ltd malfunction manufacturing monday number other pack packs page place product products pty purchase,maybe
Remote control unit for Nordic series motorised window awnings – AC136-05Bi-CA,2026-04-24,"24 Apr 2026 Product description Remote control unit for Nordic series motorised window awnings containing a button battery. The remote is used to control the following folding arm awnings: Nordic Sirocco FA40 Series (Brand: Turnils); Nordic Access FA20 Series (Brand: Luxaflex); and Nordic-Cabrera-Arafura Awnings (Brand: Luxaflex). Reason the product is recalled This product does not comply with the mandatory standards for products containing button batteries . The button battery is not secured and may be released during use. The packaging is missing warning information about: the dangers of button/coin batteries to children what to do when a person suspects someone has swallowed or placed a button/coin battery inside any part of their body. The hazards to consumers Children are at risk of choking, severe internal burn injuries, or death if they swallow or place button/coin batteries inside their bodies. Serious injury can occur in as little as 2 hours and the results can be fatal. In Australia, children have suffered serious injuries or died from swallowing button/coin batteries. If you suspect a child has swallowed or inserted a button/coin battery: Call Triple Zero (000) if a child is having any difficulty breathing. Call the Poisons Information Centre immediately on 13 11 26, available 24 hours a day. They can direct you to an appropriate medical facility. Early action can save lives. Do not wait for symptoms to develop. What consumers should do Stop using the remote immediately and keep out of reach of children. The dealer from which the remote was purchased will arrange to attend your premises to collect the remote and provide a replacement to you at no cost. Contact Hunter Douglas Pty Ltd Call: (02) 9638 8000 between 8.30am and 4.30pm (AEST), Monday to Friday Visit: https://www.hunterdouglas.com.au/",https://www.productsafety.gov.au/search-consumer-product-recalls/remote-control-unit-for-nordic-series-motorised-window-awnings-%E2%80%93-ac136-05bi-ca,Button batteries,000 05bi 2026 30am 30pm 8000 9638 about ac136 access action aest and any appropriate apr arafura are arm arrange attend australia available awnings batteries battery between bodies body brand breathing burn button cabrera call can centre child children choking coin collect com comply consumers contact containing control cost dangers day dealer death description develop died difficulty direct does douglas during early fa20 fa40 facility fatal folding following for friday from has have having hazards hours https hunter hunterdouglas immediately,maybe
Rangoli decorative powder  (Ascension sand) – various colours,2026-04-24,"24 Apr 2026 Product description Decorative sand coloured powder commonly used for creating traditional rangoli designs on floors during cultural and festive occasions. Reason the product is recalled The products are being recalled because they may contain asbestos, which is a prohibited substance in Australia. The hazards to consumers The products may cause a risk to health as tremolite asbestos has been detected in some samples after laboratory testing. What consumers should do Stop using the products immediately. For safe disposal advice from the Asbestos and Silica Safety and Eradication Agency, visit the ACCC Product Safety website . Contact the Silkrute support team with your order details to receive a full refund. No return of the product is required. Important message from the ACCC to consumers: The ACCC continues to work with health and safety, and other relevant agencies at the state, territory and Commonwealth levels as this issue evolves. For safe disposal advice from the Asbestos and Silica Safety and Eradication Agency and health information from the Environmental Health Standing Committee (enHealth), visit the ACCC Product Safety website . Contact Silkrute Email: support@silkrute.com",https://www.productsafety.gov.au/search-consumer-product-recalls/rangoli-decorative-powder-ascension-sand-%E2%80%93-various-colours,Asbestos (cancer causing substance),2026 accc advice after agencies agency and apr are asbestos ascension australia because been being cancer cause causing coloured colours com committee commonly commonwealth consumers contact contain continues creating cultural decorative description designs details detected disposal during email enhealth environmental eradication evolves festive floors for from full has hazards health immediately important information issue laboratory levels may message occasions order other powder product products prohibited rangoli reason recalled receive refund relevant required return risk safe safety samples sand should silica,maybe
Certain batches of Livestock Stunning Cartridges – 9x17 – RWS and Blitz and Kerner branded,2026-04-23,"23 Apr 2026 Product description RWS and Blitz and Kerner 9x17 Livestock Stunning Cartridges (9mm), supplied in 50 pack formats (Blue, Green, Yellow, Red) Product Name Shoof SKU Barcode (EAN) Product Name Shoof SKU Barcode (EAN) Captive Bolt Activator Blue 50pk 201072 9417027004446 Captive Bolt Activator Green 50pk 201073 9417027010911 Captive Bolt Activator Yellow 50pk 201074 9417027022426 Captive Bolt Activator Red 50pk 210217 9417027167837 Affected products can be identified by batch/lot numbers printed on the packaging: 4-digit alphanumeric batch codes ending in: N, O, P, Q, R, S, or T 10-digit alphanumeric batch codes beginning with: DAG24K, DAG24L, DAG25A, DAG25B, DAG25C, or DAG25D Batch/lot numbers are located under the lid of the unit. Reason the product is recalled Due to a manufacturing defect, affected batches of cartridges can malfunction during use and discharge unintended or explode. The hazards to consumers Risk of serious injury to users or damage to equipment if the affected cartridges explode or discharge while in use. What consumers should do Stop using the cartridges immediately and store them securely and separately from other substances in accordance with dangerous goods regulations. Check the batch/lot number on the product. If your cartridges are affected, return them to the place of purchase for a replacement product. Contact Shoof International (Australia) if you require further assistance or information relating to the affected products. Contact Shoof International Ltd Call: 1800 121 801 Monday to Friday from 8:30am to 4:30pm Email: sales@shoof.com.au Visit: https://shoofdirect.com.au",https://www.productsafety.gov.au/search-consumer-product-recalls/certain-batches-of-livestock-stunning-cartridges-%E2%80%93-9x17-%E2%80%93-rws-and-blitz-and-kerner-branded,Farm equipment and supplies,121 1800 201072 201073 201074 2026 210217 30am 30pm 50pk 801 9417027004446 9417027010911 9417027022426 9417027167837 9mm 9x17 accordance activator affected alphanumeric and apr are assistance australia barcode batch batches beginning blitz blue bolt branded call can captive cartridges certain check codes com consumers contact dag24k dag24l dag25a dag25b dag25c dag25d damage dangerous defect description digit discharge due during ean email ending equipment explode farm for formats friday from further goods green hazards https identified immediately information injury international kerner lid,maybe
Mojo Motorcycles Off-Road LANDBOSS LH1100-D vehicle,2026-04-22,"22 Apr 2026 Product description An off-road diesel-powered side by side utility vehicle used in farming and recreational off-road activities. Reason the product is recalled The handbrake cable has been incorrectly routed which may result in handbrake malfunction, allowing the vehicle to roll away when parked. The hazards to consumers Risk of serious injury or death including property damage if the handbrake fails to operate and the vehicle rolls away when parked. What consumers should do Stop use of the vehicle immediately. Contact your nearest LANDBOSS dealership for urgent inspection and correction of the handbrake. Contact MOJO MOTORCYCLES PTY LTD Call: (03) 9918 8000 Email: info@landboss.com.au Visit: https://www.landboss.com.au/1100d/",https://www.productsafety.gov.au/search-consumer-product-recalls/mojo-motorcycles-off-road-landboss-lh1100-d-vehicle,Utility task vehicles (UTVs),1100d 2026 8000 9918 activities allowing and apr away been cable call com consumers contact correction damage dealership death description diesel email fails farming for handbrake has hazards https immediately including incorrectly info injury inspection landboss lh1100 ltd malfunction may mojo motorcycles nearest off operate parked powered product property pty reason recalled recreational result risk road roll rolls routed serious should side stop task the urgent use used utility utvs vehicle vehicles visit what when which www your,maybe
Vevor Retractable Baby Gates,2026-04-21,"21 Apr 2026 Product description Retractable baby gates in grey, black or white with a metal frame and retractable screen. Affected models: YJ-3355 (60 inches) YJ-3371 (76.8 inches) YJ-33110 (116 inches) “Vevor” is printed on a label on the corner post of the gate. The model number is printed on the product packaging and in the user manual. Reason the product is recalled A child’s body can fit through the opening between the gate and the floor becoming entrapped. The hazards to consumers Risk of serious injury if a child becomes entrapped in the opening between the gate and the floor. What consumers should do Stop using the gate immediately. Contact Vevor via email to arrange for a full refund. Destroy the gate by cutting through the mesh and send a photo of the destroyed gate when you email Vevor for the refund. Contact Vevor Email: recalling@vevor.com",https://www.productsafety.gov.au/search-consumer-product-recalls/vevor-retractable-baby-gates,Child safety gates and locks,116 2026 33110 3355 3371 affected and apr arrange baby becomes becoming between black body can child com consumers contact corner cutting description destroy destroyed email entrapped fit floor for frame full gate gates grey hazards immediately inches injury label locks manual mesh metal model models number opening packaging photo post printed product reason recalled recalling refund retractable risk safety screen send serious should stop the through user using vevor via what when white with you,maybe
MagSlim 5K Power Bank (Black) (updated),2026-04-20,"20 Apr 2026 Product description Recall updated on 29 April 2026: more batch numbers added and dates available for sale extended from 16 December 2025 to 20 April 2026. Black magnetic power bank used to wirelessly charge a mobile phone. Affected batch codes can be found on the back of the power bank. A list of affected batches is provided under identifying numbers below. Reason the product is recalled The housing of the power bank can come apart at the join due to swelling, compromising the battery and may cause it to overheat or catch fire. The hazards to consumers Risk of serious burn injuries or property damage if the battery overheats or catches fire. What consumers should do Stop using the power bank immediately and check the back of the power bank for batch codes listed below. Return to your place of purchase to receive a full refund or replacement product. Contact Cygnett Pty Ltd Email info@cygnett.com Call 03 9912 9100, 9:00 am to 5:00 pm AEST, Monday to Friday Visit https://www.cygnett.com/pages/magslim-product-recall",https://www.productsafety.gov.au/search-consumer-product-recalls/magslim-5k-power-bank-black-updated,Lithium-ion batteries,2025 2026 9100 9912 added aest affected and apart apr april available back bank batch batches batteries battery below black burn call can catch catches cause charge check codes com come compromising consumers contact cygnett damage dates december description due email extended fire for found friday from full hazards housing https identifying immediately info injuries ion join list listed lithium ltd magnetic magslim may mobile monday more numbers overheat overheats pages phone place power product property provided pty purchase reason,maybe
"2023, 2024 and 2026 Outlaw 70 and Outlaw 110 youth ATVs",2026-04-20,"20 Apr 2026 Product description MY2023, 2024, and 2026 Outlaw 70 and Outlaw 110 youth ATVs used for recreational purposes. Please see attached VIN list of affected vehicles. Reason the product is recalled The vehicles do not comply with the mandatory standard for quad bikes . The vehicles do not have affixed the required rollover warning label and the lateral stability tag. The hazards to consumers Risk of serious injury or death if the vehicle rolls over while in use. What consumers should do Stop using the vehicle immediately until the warning label is affixed to the ATV. Polaris will send all affected customers the warning label with instructions on how to fit it and a copy of the lateral stability swing tag. If you have not received your warning label, contact Polaris to arrange for this to be sent. Contact Polaris Sales Australia Pty Ltd Call 03 9394 5610 Visit: https://www.polarisaustralia.com/find-a-dealer/map-view.html",https://www.productsafety.gov.au/search-consumer-product-recalls/2023-2024-and-2026-outlaw-70-and-outlaw-110-youth-atvs,Quadbikes and all-terrain vehicles (ATVs),110 2023 2024 2026 5610 9394 affected affixed all and apr arrange attached atv atvs australia bikes call com comply consumers contact copy customers dealer death description find fit for have hazards how html https immediately injury instructions label lateral list ltd mandatory map my2023 not outlaw over please polaris polarisaustralia product pty purposes quad quadbikes reason recalled received recreational required risk rollover rolls sales see send sent serious should stability standard stop swing tag terrain the this until use,maybe
SCUBAPRO Monorail Weight Pockets,2026-04-16,"16 Apr 2026 Product description Monorail Weight pockets for use with a Buoyancy Compensator Device (BCD). The pockets come in two sizes, standard and mini. Available in eight colours, including black, blue, green, orange, pink, teal, white and yellow. Reason the product is recalled The plastic D-ring handle that is used to unlock the weight pocket from the BCD can detach during use and prevent the weight pocket being removed from the BCD when rising to the surface. The hazards to consumers Risk of serious injury and death by drowning if the weight pocket cannot be removed whilst diving or in an emergency from the BCD. Incidents of the D-ring detaching on land have occurred. What consumers should do Stop using the weight pockets immediately. Register your weight pockets online at https://scubapro.johnsonoutdoors.com/us/recalls to arrange a free repair of the D-ring at a local SCUBAPRO authorised dealer or to obtain a prepaid shipping label to return the weight pocket to SCUBAPRO for a free repair. Contact SCUBAPRO Email: recallinfo@scubapro.com Visit: https://scubapro.johnsonoutdoors.com/us/recalls",https://www.productsafety.gov.au/search-consumer-product-recalls/scubapro-monorail-weight-pockets,Diving,2026 and apr arrange authorised available bcd being black blue buoyancy can cannot colours com come compensator consumers contact dealer death description detach detaching device diving drowning during eight email emergency for free from green handle have hazards https immediately incidents including injury johnsonoutdoors label land local mini monorail obtain occurred online orange pink plastic pocket pockets prepaid prevent product reason recalled recallinfo recalls register removed repair return ring rising risk scubapro serious shipping should sizes standard stop surface teal,maybe
Hanging clown head,2026-04-16,"16 Apr 2026 Product description Halloween light up decoration Reason the product is recalled The battery compartment is secured with a screw. The screw is not permanently attached to the latch, so if the screw is lost or removed, the battery could become accessible. The product does not include warning information about: the dangers of button/coin batteries to children what to do when a person suspects someone has swallowed or placed a button/coin battery inside any part of their body. The hazards to consumers Children are at risk of choking, severe internal burn injuries or death if they swallow or place button/coin batteries inside their bodies. If you suspect a child has swallowed or inserted a button or coin battery: Call Triple Zero ( 000 ) if a child is having any difficulty breathing. Call the Poisons Information Centre immediately on 13 11 26, available 24 hours a day. They can direct you to an appropriate medical facility. Early action can save lives. Do not wait for symptoms to develop. What consumers should do 1. Stop using the product immediately and keep it out of reach of children. 2. Do not remove the batteries from the product. 3. Return it to the place of purchase for a full refund. SWEIDAS (WHOLESALE) PTY LTD Email: sales@sweidas.com.au Phone: (07) 3274 1171 Visit: http://www.sweidas.com.au",https://www.productsafety.gov.au/search-consumer-product-recalls/hanging-clown-head,Button batteries,000 1171 2026 3274 about accessible action and any appropriate apr are attached available batteries battery become bodies body breathing burn button call can centre child children choking clown coin com compartment consumers could dangers day death decoration description develop difficulty direct does early email facility for from full halloween hanging has having hazards head hours http immediately include information injuries inserted inside internal keep latch light lives lost ltd medical not out part permanently person phone place placed poisons,maybe
