suburb,postcode,latitude,longitude,state,abs_code,centroid_method
Abbeyard,3737,-37.019419,146.769112,VIC,20001,ASGS SAL polygon representative point (approximate)
Abbotsford,3067,-37.804584,144.995972,VIC,20002,ASGS SAL polygon representative point (approximate)
Aberfeldie,3040,-37.759576,144.897404,VIC,20003,ASGS SAL polygon representative point (approximate)
Aberfeldy,3825,-37.699788,146.378436,VIC,20004,ASGS SAL polygon representative point (approximate)
Acheron,3714,-37.268932,145.699319,VIC,20005,ASGS SAL polygon representative point (approximate)
Ada,3833,-37.842215,145.851873,VIC,20006,ASGS SAL polygon representative point (approximate)
Adams Estate,3984,-38.425178,145.531862,VIC,20007,ASGS SAL polygon representative point (approximate)
Addington,3352,-37.394487,143.667762,VIC,20008,ASGS SAL polygon representative point (approximate)
Adelaide Lead,3465,-37.081528,143.668401,VIC,20009,ASGS SAL polygon representative point (approximate)
Agnes,3962,-38.681849,146.388047,VIC,20010,ASGS SAL polygon representative point (approximate)
Aintree,3336,-37.717195,144.663666,VIC,20011,ASGS SAL polygon representative point (approximate)
Aire Valley,3237,-38.692485,143.566088,VIC,20012,ASGS SAL polygon representative point (approximate)
Aireys Inlet,3231,-38.435076,144.097137,VIC,20013,ASGS SAL polygon representative point (approximate)
Airly,3851,-38.03075,147.097452,VIC,20014,ASGS SAL polygon representative point (approximate)
Airport West,3042,-37.723734,144.88142,VIC,20015,ASGS SAL polygon representative point (approximate)
Albacutya,3424,-35.739612,141.965061,VIC,20016,ASGS SAL polygon representative point (approximate)
Albanvale,3021,-37.745966,144.768663,VIC,20017,ASGS SAL polygon representative point (approximate)
Albert Park,3206,-37.845178,144.951483,VIC,20018,ASGS SAL polygon representative point (approximate)
Alberton,3971,-38.618943,146.656483,VIC,20019,ASGS SAL polygon representative point (approximate)
Alberton West,3971,-38.603681,146.577049,VIC,20020,ASGS SAL polygon representative point (approximate)
Albion,3020,-37.776516,144.816174,VIC,20021,ASGS SAL polygon representative point (approximate)
Alexandra,3714,-37.198098,145.736737,VIC,20022,ASGS SAL polygon representative point (approximate)
Alfredton,3350,-37.556041,143.80076,VIC,20023,ASGS SAL polygon representative point (approximate)
Allambee,3823,-38.292858,146.021637,VIC,20024,ASGS SAL polygon representative point (approximate)
Allambee Reserve,3871,-38.307585,146.052006,VIC,20025,ASGS SAL polygon representative point (approximate)
Allambee South,3871,-38.351335,146.099421,VIC,20026,ASGS SAL polygon representative point (approximate)
Allans Flat,3691,-36.296018,146.93678,VIC,20027,ASGS SAL polygon representative point (approximate)
Allansford,3277,-38.393534,142.611721,VIC,20028,ASGS SAL polygon representative point (approximate)
Allendale,3364,-37.36194,143.915112,VIC,20029,ASGS SAL polygon representative point (approximate)
Allestree,3305,-38.270332,141.656168,VIC,20030,ASGS SAL polygon representative point (approximate)
Alma,3465,-37.022058,143.678098,VIC,20031,ASGS SAL polygon representative point (approximate)
Almonds,3727,-36.224958,146.0607,VIC,20032,ASGS SAL polygon representative point (approximate)
Almurta,3979,-38.458621,145.583887,VIC,20033,ASGS SAL polygon representative point (approximate)
Alphington,3078,-37.780399,145.030899,VIC,20034,ASGS SAL polygon representative point (approximate)
Altona,3018,-37.860069,144.813375,VIC,20035,ASGS SAL polygon representative point (approximate)
Altona Meadows,3028,-37.880977,144.784441,VIC,20036,ASGS SAL polygon representative point (approximate)
Altona North,3025,-37.837784,144.834738,VIC,20037,ASGS SAL polygon representative point (approximate)
Alvie,3249,-38.234295,143.496263,VIC,20038,ASGS SAL polygon representative point (approximate)
Amherst,3371,-37.135936,143.653194,VIC,20039,ASGS SAL polygon representative point (approximate)
Amor,3825,-37.940235,146.403699,VIC,20040,ASGS SAL polygon representative point (approximate)
Amphitheatre,3468,-37.187934,143.414823,VIC,20041,ASGS SAL polygon representative point (approximate)
Anakie,3213,-37.938018,144.284705,VIC,20042,ASGS SAL polygon representative point (approximate)
Ancona,3715,-36.962018,145.809367,VIC,20043,ASGS SAL polygon representative point (approximate)
Anderson,3995,-38.521724,145.449302,VIC,20044,ASGS SAL polygon representative point (approximate)
Anglers Rest,3898,-37.016318,147.467479,VIC,20045,ASGS SAL polygon representative point (approximate)
Anglesea,3230,-38.38083,144.154308,VIC,20046,ASGS SAL polygon representative point (approximate)
Annuello,3549,-34.865957,142.826709,VIC,20047,ASGS SAL polygon representative point (approximate)
Antwerp,3414,-36.26746,141.970944,VIC,20048,ASGS SAL polygon representative point (approximate)
Apollo Bay,3233,-38.727792,143.641459,VIC,20049,ASGS SAL polygon representative point (approximate)
Appin,3579,-35.879573,143.868455,VIC,20050,ASGS SAL polygon representative point (approximate)
Appin South,3579,-35.930682,143.864254,VIC,20051,ASGS SAL polygon representative point (approximate)
Apsley,3319,-36.966717,141.084122,VIC,20052,ASGS SAL polygon representative point (approximate)
Ararat,3377,-37.262438,142.975616,VIC,20053,ASGS SAL polygon representative point (approximate)
Arawata,3951,-38.392789,145.87814,VIC,20054,ASGS SAL polygon representative point (approximate)
Arbuckle,3858,-37.369027,146.829171,VIC,20055,ASGS SAL polygon representative point (approximate)
Arcadia,3631,-36.53832,145.373438,VIC,20056,ASGS SAL polygon representative point (approximate)
Arcadia South,3631,-36.593765,145.381121,VIC,20057,ASGS SAL polygon representative point (approximate)
Archdale,3475,-36.837334,143.510237,VIC,20058,ASGS SAL polygon representative point (approximate)
Archdale Junction,3475,-36.885528,143.5149,VIC,20059,ASGS SAL polygon representative point (approximate)
Archerton,3723,-36.86888,146.20903,VIC,20060,ASGS SAL polygon representative point (approximate)
Archies Creek,3995,-38.548278,145.56374,VIC,20061,ASGS SAL polygon representative point (approximate)
Ardeer,3022,-37.775944,144.801046,VIC,20062,ASGS SAL polygon representative point (approximate)
Ardmona,3629,-36.38014,145.301078,VIC,20063,ASGS SAL polygon representative point (approximate)
Areegra,3480,-36.238241,142.68033,VIC,20064,ASGS SAL polygon representative point (approximate)
Argyle,3523,-36.967363,144.716896,VIC,20065,ASGS SAL polygon representative point (approximate)
Armadale,3143,-37.856664,145.020235,VIC,20066,ASGS SAL polygon representative point (approximate)
Armstrong,3377,-37.212494,142.882114,VIC,20067,ASGS SAL polygon representative point (approximate)
Armstrong Creek,3217,-38.2339,144.37109,VIC,20068,ASGS SAL polygon representative point (approximate)
Arnold,3551,-36.675174,143.859568,VIC,20069,ASGS SAL polygon representative point (approximate)
Arnold West,3551,-36.666627,143.785604,VIC,20070,ASGS SAL polygon representative point (approximate)
Arthurs Creek,3099,-37.564427,145.206867,VIC,20071,ASGS SAL polygon representative point (approximate)
Arthurs Seat,3936,-38.363157,144.95977,VIC,20072,ASGS SAL polygon representative point (approximate)
Ascot (Ballarat - Vic.),3364,-37.39646,143.813078,VIC,20073,ASGS SAL polygon representative point (approximate)
Ascot (Greater Bendigo - Vic.),3551,-36.709176,144.335267,VIC,20074,ASGS SAL polygon representative point (approximate)
Ascot Vale,3032,-37.776966,144.913697,VIC,20075,ASGS SAL polygon representative point (approximate)
Ashbourne,3442,-37.405412,144.458579,VIC,20076,ASGS SAL polygon representative point (approximate)
Ashburton,3147,-37.867327,145.080075,VIC,20077,ASGS SAL polygon representative point (approximate)
Ashwood,3147,-37.866657,145.102316,VIC,20078,ASGS SAL polygon representative point (approximate)
Aspendale,3195,-38.021914,145.102453,VIC,20079,ASGS SAL polygon representative point (approximate)
Aspendale Gardens,3195,-38.022128,145.119847,VIC,20080,ASGS SAL polygon representative point (approximate)
Athlone,3818,-38.242392,145.786545,VIC,20081,ASGS SAL polygon representative point (approximate)
Attwood,3049,-37.667025,144.884849,VIC,20082,ASGS SAL polygon representative point (approximate)
Aubrey,3393,-36.226213,142.218117,VIC,20083,ASGS SAL polygon representative point (approximate)
Auchmore,3570,-36.468716,144.096062,VIC,20084,ASGS SAL polygon representative point (approximate)
Avalon,3212,-38.050956,144.451698,VIC,20085,ASGS SAL polygon representative point (approximate)
Avenel,3664,-36.924976,145.282759,VIC,20086,ASGS SAL polygon representative point (approximate)
Avoca,3467,-37.082093,143.469979,VIC,20087,ASGS SAL polygon representative point (approximate)
Avon Plains,3477,-36.543812,142.927945,VIC,20088,ASGS SAL polygon representative point (approximate)
Avondale Heights,3034,-37.761538,144.862612,VIC,20089,ASGS SAL polygon representative point (approximate)
Avonmore,3559,-36.537013,144.53616,VIC,20090,ASGS SAL polygon representative point (approximate)
Avonsleigh,3782,-37.911858,145.484337,VIC,20091,ASGS SAL polygon representative point (approximate)
Axe Creek,3551,-36.860614,144.389128,VIC,20092,ASGS SAL polygon representative point (approximate)
Axedale,3551,-36.767516,144.527046,VIC,20093,ASGS SAL polygon representative point (approximate)
Ayrford,3268,-38.437509,142.852364,VIC,20094,ASGS SAL polygon representative point (approximate)
Bacchus Marsh,3340,-37.676364,144.446333,VIC,20095,ASGS SAL polygon representative point (approximate)
Baddaginnie,3670,-36.604077,145.863103,VIC,20096,ASGS SAL polygon representative point (approximate)
Badger Creek,3777,-37.689181,145.535388,VIC,20097,ASGS SAL polygon representative point (approximate)
Bael Bael,3579,-35.687201,143.73821,VIC,20098,ASGS SAL polygon representative point (approximate)
Bagshot,3551,-36.652846,144.393131,VIC,20099,ASGS SAL polygon representative point (approximate)
Bagshot North,3551,-36.586357,144.413756,VIC,20100,ASGS SAL polygon representative point (approximate)
Bahgallah,3312,-37.695892,141.312676,VIC,20101,ASGS SAL polygon representative point (approximate)
Bailieston,3608,-36.752206,145.078084,VIC,20102,ASGS SAL polygon representative point (approximate)
Bairnsdale,3875,-37.859836,147.5871,VIC,20103,ASGS SAL polygon representative point (approximate)
Bakery Hill,3350,-37.563341,143.865743,VIC,20104,ASGS SAL polygon representative point (approximate)
Balaclava,3183,-37.870332,144.994973,VIC,20105,ASGS SAL polygon representative point (approximate)
Bald Hills,3364,-37.443059,143.833834,VIC,20106,ASGS SAL polygon representative point (approximate)
Balintore,3249,-38.283023,143.568504,VIC,20107,ASGS SAL polygon representative point (approximate)
Ballan,3342,-37.606822,144.214727,VIC,20108,ASGS SAL polygon representative point (approximate)
Ballangeich,3279,-38.186105,142.617523,VIC,20109,ASGS SAL polygon representative point (approximate)
Ballapur,3483,-35.972157,142.750399,VIC,20110,ASGS SAL polygon representative point (approximate)
Ballarat Central,3350,-37.562247,143.850169,VIC,20111,ASGS SAL polygon representative point (approximate)
Ballarat East,3350,-37.5648,143.887012,VIC,20112,ASGS SAL polygon representative point (approximate)
Ballarat North,3350,-37.539136,143.866177,VIC,20113,ASGS SAL polygon representative point (approximate)
Ballendella,3561,-36.293412,144.66921,VIC,20114,ASGS SAL polygon representative point (approximate)
Balliang,3340,-37.818418,144.345028,VIC,20115,ASGS SAL polygon representative point (approximate)
Balliang East,3340,-37.808679,144.436829,VIC,20116,ASGS SAL polygon representative point (approximate)
Ballyrogan,3375,-37.425249,143.082695,VIC,20117,ASGS SAL polygon representative point (approximate)
Balmattum,3666,-36.707301,145.659517,VIC,20118,ASGS SAL polygon representative point (approximate)
Balmoral,3407,-37.222344,141.825475,VIC,20119,ASGS SAL polygon representative point (approximate)
Balnarring,3926,-38.35442,145.120994,VIC,20120,ASGS SAL polygon representative point (approximate)
Balnarring Beach,3926,-38.391745,145.120448,VIC,20121,ASGS SAL polygon representative point (approximate)
Balook,3971,-38.427464,146.551876,VIC,20122,ASGS SAL polygon representative point (approximate)
Balwyn,3103,-37.809045,145.083335,VIC,20123,ASGS SAL polygon representative point (approximate)
Balwyn North,3104,-37.791734,145.084297,VIC,20124,ASGS SAL polygon representative point (approximate)
Bamawm,3561,-36.26122,144.62867,VIC,20125,ASGS SAL polygon representative point (approximate)
Bamawm Extension,3564,-36.180923,144.601409,VIC,20126,ASGS SAL polygon representative point (approximate)
Bambra,3241,-38.362926,143.955085,VIC,20127,ASGS SAL polygon representative point (approximate)
Bamganie,3333,-37.937775,143.994057,VIC,20128,ASGS SAL polygon representative point (approximate)
Bandiana,3691,-36.136698,146.929066,VIC,20129,ASGS SAL polygon representative point (approximate)
Bangerang,3393,-36.203894,142.580045,VIC,20130,ASGS SAL polygon representative point (approximate)
Bangholme,3175,-38.0484,145.172211,VIC,20131,ASGS SAL polygon representative point (approximate)
Bannerton,3549,-34.739568,142.797649,VIC,20132,ASGS SAL polygon representative point (approximate)
Bannockburn,3331,-38.044975,144.154219,VIC,20133,ASGS SAL polygon representative point (approximate)
Banyan,3485,-35.618265,142.794628,VIC,20134,ASGS SAL polygon representative point (approximate)
Banyena,3388,-36.602712,142.814353,VIC,20135,ASGS SAL polygon representative point (approximate)
Baranduda,3691,-36.182962,146.960901,VIC,20136,ASGS SAL polygon representative point (approximate)
Barfold,3444,-37.102598,144.503934,VIC,20137,ASGS SAL polygon representative point (approximate)
Baringhup,3463,-36.971376,143.976005,VIC,20138,ASGS SAL polygon representative point (approximate)
Baringhup West,3463,-36.958685,143.899105,VIC,20139,ASGS SAL polygon representative point (approximate)
Barjarg,3723,-36.918749,146.003557,VIC,20140,ASGS SAL polygon representative point (approximate)
Barkers Creek,3451,-37.014952,144.230004,VIC,20141,ASGS SAL polygon representative point (approximate)
Barkly,3384,-36.944423,143.217856,VIC,20142,ASGS SAL polygon representative point (approximate)
Barkstead,3364,-37.474865,144.102446,VIC,20143,ASGS SAL polygon representative point (approximate)
Barmah,3639,-35.956298,144.991049,VIC,20144,ASGS SAL polygon representative point (approximate)
Barnadown,3557,-36.64785,144.526203,VIC,20145,ASGS SAL polygon representative point (approximate)
Barnawartha,3688,-36.078962,146.6733,VIC,20146,ASGS SAL polygon representative point (approximate)
Barnawartha North,3691,-36.087129,146.747971,VIC,20147,ASGS SAL polygon representative point (approximate)
Baromi,3871,-38.403008,146.177426,VIC,20148,ASGS SAL polygon representative point (approximate)
Barongarook,3249,-38.428242,143.615344,VIC,20149,ASGS SAL polygon representative point (approximate)
Barongarook West,3249,-38.432127,143.545557,VIC,20150,ASGS SAL polygon representative point (approximate)
Barrabool,3221,-38.166642,144.226318,VIC,20151,ASGS SAL polygon representative point (approximate)
Barrakee,3525,-36.263656,143.452272,VIC,20152,ASGS SAL polygon representative point (approximate)
Barramunga,3249,-38.584378,143.715305,VIC,20153,ASGS SAL polygon representative point (approximate)
Barraport,3537,-36.001162,143.671529,VIC,20154,ASGS SAL polygon representative point (approximate)
Barraport West,3537,-36.017583,143.534475,VIC,20155,ASGS SAL polygon representative point (approximate)
Barrys Reef,3458,-37.455398,144.311165,VIC,20156,ASGS SAL polygon representative point (approximate)
Barunah Park,3329,-38.004319,143.824961,VIC,20157,ASGS SAL polygon representative point (approximate)
Barunah Plains,3329,-38.044578,143.772687,VIC,20158,ASGS SAL polygon representative point (approximate)
Barwidgee,3737,-36.515429,146.772031,VIC,20159,ASGS SAL polygon representative point (approximate)
Barwite,3722,-37.010165,146.217592,VIC,20160,ASGS SAL polygon representative point (approximate)
Barwon Downs,3243,-38.508199,143.788164,VIC,20161,ASGS SAL polygon representative point (approximate)
Barwon Heads,3227,-38.274752,144.488108,VIC,20162,ASGS SAL polygon representative point (approximate)
Basalt,3460,-37.307852,144.101944,VIC,20163,ASGS SAL polygon representative point (approximate)
Bass,3991,-38.476721,145.465848,VIC,20164,ASGS SAL polygon representative point (approximate)
Batesford,3213,-38.087135,144.274581,VIC,20165,ASGS SAL polygon representative point (approximate)
Bathumi,3730,-36.028287,146.085312,VIC,20166,ASGS SAL polygon representative point (approximate)
Baw Baw,3833,-37.832045,146.306955,VIC,20167,ASGS SAL polygon representative point (approximate)
Baw Baw Village,3833,-37.841448,146.258006,VIC,20168,ASGS SAL polygon representative point (approximate)
Baxter,3911,-38.200899,145.156848,VIC,20169,ASGS SAL polygon representative point (approximate)
Bayindeen,3375,-37.303015,143.180759,VIC,20170,ASGS SAL polygon representative point (approximate)
Bayles,3981,-38.176068,145.580574,VIC,20171,ASGS SAL polygon representative point (approximate)
Baynton,3444,-37.13428,144.649745,VIC,20172,ASGS SAL polygon representative point (approximate)
Bayswater,3153,-37.845207,145.26468,VIC,20173,ASGS SAL polygon representative point (approximate)
Bayswater North,3153,-37.826914,145.283602,VIC,20174,ASGS SAL polygon representative point (approximate)
Beaconsfield,3807,-38.041509,145.383056,VIC,20175,ASGS SAL polygon representative point (approximate)
Beaconsfield Upper,3808,-37.998109,145.423591,VIC,20176,ASGS SAL polygon representative point (approximate)
Bealiba,3475,-36.767359,143.5634,VIC,20177,ASGS SAL polygon representative point (approximate)
Bearii,3641,-35.885707,145.345259,VIC,20178,ASGS SAL polygon representative point (approximate)
Bears Lagoon,3517,-36.331661,143.951441,VIC,20179,ASGS SAL polygon representative point (approximate)
Beauchamp,3579,-35.625772,143.625051,VIC,20180,ASGS SAL polygon representative point (approximate)
Beaufort,3373,-37.441407,143.345053,VIC,20181,ASGS SAL polygon representative point (approximate)
Beaumaris,3193,-37.982214,145.038893,VIC,20182,ASGS SAL polygon representative point (approximate)
Beazleys Bridge,3477,-36.710669,143.150464,VIC,20183,ASGS SAL polygon representative point (approximate)
Beeac,3251,-38.181291,143.664586,VIC,20184,ASGS SAL polygon representative point (approximate)
Beech Forest,3237,-38.634706,143.592532,VIC,20185,ASGS SAL polygon representative point (approximate)
Beechworth,3747,-36.338156,146.657675,VIC,20186,ASGS SAL polygon representative point (approximate)
Beenak,3139,-37.898682,145.633551,VIC,20187,ASGS SAL polygon representative point (approximate)
Belgrave,3160,-37.912024,145.355216,VIC,20188,ASGS SAL polygon representative point (approximate)
Belgrave Heights,3160,-37.92623,145.343686,VIC,20189,ASGS SAL polygon representative point (approximate)
Belgrave South,3160,-37.942392,145.357328,VIC,20190,ASGS SAL polygon representative point (approximate)
Bell Park,3215,-38.105318,144.338427,VIC,20191,ASGS SAL polygon representative point (approximate)
Bell Post Hill,3215,-38.094789,144.320399,VIC,20192,ASGS SAL polygon representative point (approximate)
Bellarine,3223,-38.136168,144.621664,VIC,20193,ASGS SAL polygon representative point (approximate)
Bellbird Creek,3889,-37.638184,148.814791,VIC,20194,ASGS SAL polygon representative point (approximate)
Bellbrae,3228,-38.33767,144.236303,VIC,20195,ASGS SAL polygon representative point (approximate)
Bellbridge,3691,-36.096836,147.058562,VIC,20196,ASGS SAL polygon representative point (approximate)
Bellellen,3381,-37.137783,142.692491,VIC,20197,ASGS SAL polygon representative point (approximate)
Bellfield (Banyule - Vic.),3081,-37.753078,145.038489,VIC,20198,ASGS SAL polygon representative point (approximate)
Bellfield (Northern Grampians - Vic.),3381,-37.217182,142.459216,VIC,20199,ASGS SAL polygon representative point (approximate)
Bells Beach,3228,-38.375077,144.256409,VIC,20200,ASGS SAL polygon representative point (approximate)
Belmont,3216,-38.178068,144.342136,VIC,20201,ASGS SAL polygon representative point (approximate)
Bemm River,3889,-37.71384,148.927513,VIC,20202,ASGS SAL polygon representative point (approximate)
Bena,3946,-38.440159,145.735835,VIC,20203,ASGS SAL polygon representative point (approximate)
Benalla,3672,-36.578895,145.996773,VIC,20204,ASGS SAL polygon representative point (approximate)
Benambra,3900,-36.88464,147.806999,VIC,20205,ASGS SAL polygon representative point (approximate)
Benayeo,3319,-36.84076,141.043046,VIC,20206,ASGS SAL polygon representative point (approximate)
Bend Of Islands,3097,-37.698006,145.283663,VIC,20207,ASGS SAL polygon representative point (approximate)
Bendigo,3550,-36.757064,144.279391,VIC,20208,ASGS SAL polygon representative point (approximate)
Bendoc,3888,-37.208452,148.894055,VIC,20209,ASGS SAL polygon representative point (approximate)
Bengworden,3875,-37.965524,147.442178,VIC,20210,ASGS SAL polygon representative point (approximate)
Benjeroop,3579,-35.492966,143.826623,VIC,20211,ASGS SAL polygon representative point (approximate)
Benloch,3435,-37.198051,144.682663,VIC,20212,ASGS SAL polygon representative point (approximate)
Bennison,3960,-38.666509,146.27112,VIC,20213,ASGS SAL polygon representative point (approximate)
Bentleigh,3204,-37.922575,145.038455,VIC,20214,ASGS SAL polygon representative point (approximate)
Bentleigh East,3165,-37.922096,145.066991,VIC,20215,ASGS SAL polygon representative point (approximate)
Benwerrin,3235,-38.48451,143.90018,VIC,20216,ASGS SAL polygon representative point (approximate)
Beremboke,3342,-37.789644,144.228352,VIC,20217,ASGS SAL polygon representative point (approximate)
Berrimal,3518,-36.500974,143.464248,VIC,20218,ASGS SAL polygon representative point (approximate)
Berringa,3351,-37.773251,143.67497,VIC,20219,ASGS SAL polygon representative point (approximate)
Berringama,3691,-36.200291,147.664097,VIC,20220,ASGS SAL polygon representative point (approximate)
Berriwillock,3531,-35.644198,142.967517,VIC,20221,ASGS SAL polygon representative point (approximate)
Berrybank,3323,-37.971281,143.490373,VIC,20222,ASGS SAL polygon representative point (approximate)
Berrys Creek,3953,-38.414901,146.067313,VIC,20223,ASGS SAL polygon representative point (approximate)
Berwick,3806,-38.039911,145.348568,VIC,20224,ASGS SAL polygon representative point (approximate)
Bessiebelle,3304,-38.161615,141.929601,VIC,20225,ASGS SAL polygon representative point (approximate)
Bet Bet,3472,-36.92488,143.752714,VIC,20226,ASGS SAL polygon representative point (approximate)
Bete Bolong,3888,-37.685963,148.300751,VIC,20227,ASGS SAL polygon representative point (approximate)
Bete Bolong North,3888,-37.599529,148.29615,VIC,20228,ASGS SAL polygon representative point (approximate)
Bethanga,3691,-36.148738,147.105469,VIC,20229,ASGS SAL polygon representative point (approximate)
Betley,3472,-36.91785,143.794518,VIC,20230,ASGS SAL polygon representative point (approximate)
Beulah,3395,-35.907137,142.420554,VIC,20231,ASGS SAL polygon representative point (approximate)
Beverford,3590,-35.223754,143.472717,VIC,20232,ASGS SAL polygon representative point (approximate)
Beveridge,3753,-37.476154,144.971932,VIC,20233,ASGS SAL polygon representative point (approximate)
Big Desert,3490,-35.620982,141.48482,VIC,20234,ASGS SAL polygon representative point (approximate)
Big Hill (Greater Bendigo - Vic.),3555,-36.835309,144.229493,VIC,20235,ASGS SAL polygon representative point (approximate)
Big Hill (Surf Coast - Vic.),3231,-38.484391,144.00565,VIC,20236,ASGS SAL polygon representative point (approximate)
Big Pats Creek,3799,-37.763684,145.762657,VIC,20237,ASGS SAL polygon representative point (approximate)
Biggara,3707,-36.356755,147.994412,VIC,20238,ASGS SAL polygon representative point (approximate)
Billabong,3858,-37.258835,146.827988,VIC,20239,ASGS SAL polygon representative point (approximate)
Bimbourie,3533,-35.340352,142.75978,VIC,20240,ASGS SAL polygon representative point (approximate)
Bindi,3896,-37.120621,147.8352,VIC,20241,ASGS SAL polygon representative point (approximate)
Binginwarri,3966,-38.589146,146.447926,VIC,20242,ASGS SAL polygon representative point (approximate)
Bingo Munjie,3898,-37.008848,147.564205,VIC,20243,ASGS SAL polygon representative point (approximate)
Birchip,3483,-35.993362,142.925585,VIC,20244,ASGS SAL polygon representative point (approximate)
Birchip West,3483,-36.013245,142.818356,VIC,20245,ASGS SAL polygon representative point (approximate)
Birdwoodton,3505,-34.201139,142.069732,VIC,20246,ASGS SAL polygon representative point (approximate)
Birregurra,3242,-38.333605,143.82202,VIC,20247,ASGS SAL polygon representative point (approximate)
Bittern,3918,-38.33672,145.169516,VIC,20248,ASGS SAL polygon representative point (approximate)
Black Hill,3350,-37.549973,143.872497,VIC,20249,ASGS SAL polygon representative point (approximate)
Black Range,3381,-37.134833,142.76402,VIC,20250,ASGS SAL polygon representative point (approximate)
Black Rock,3193,-37.971117,145.021697,VIC,20251,ASGS SAL polygon representative point (approximate)
Blackburn,3130,-37.821683,145.152264,VIC,20252,ASGS SAL polygon representative point (approximate)
Blackburn North,3130,-37.805353,145.154328,VIC,20253,ASGS SAL polygon representative point (approximate)
Blackburn South,3130,-37.839345,145.146546,VIC,20254,ASGS SAL polygon representative point (approximate)
Blackwarry,3844,-38.410237,146.627908,VIC,20255,ASGS SAL polygon representative point (approximate)
Blackwood,3458,-37.492129,144.298117,VIC,20256,ASGS SAL polygon representative point (approximate)
Blairgowrie,3942,-38.368697,144.772311,VIC,20257,ASGS SAL polygon representative point (approximate)
Blakeville,3342,-37.478803,144.211571,VIC,20258,ASGS SAL polygon representative point (approximate)
Blampied,3364,-37.354852,144.031595,VIC,20259,ASGS SAL polygon representative point (approximate)
Blind Bight,3980,-38.213949,145.339944,VIC,20260,ASGS SAL polygon representative point (approximate)
Blowhard,3352,-37.436245,143.780706,VIC,20261,ASGS SAL polygon representative point (approximate)
Bo Peep,3351,-37.538399,143.674548,VIC,20262,ASGS SAL polygon representative point (approximate)
Bobinawarrah,3678,-36.536531,146.486469,VIC,20263,ASGS SAL polygon representative point (approximate)
Bochara,3301,-37.687481,141.908973,VIC,20264,ASGS SAL polygon representative point (approximate)
Bogong,3699,-36.799204,147.21959,VIC,20265,ASGS SAL polygon representative point (approximate)
Boho,3669,-36.679297,145.783643,VIC,20266,ASGS SAL polygon representative point (approximate)
Boho South,3669,-36.772305,145.816441,VIC,20267,ASGS SAL polygon representative point (approximate)
Boigbeat,3531,-35.563673,142.949889,VIC,20268,ASGS SAL polygon representative point (approximate)
Boinka,3490,-35.155135,141.566583,VIC,20269,ASGS SAL polygon representative point (approximate)
Boisdale,3860,-37.852035,146.941337,VIC,20270,ASGS SAL polygon representative point (approximate)
Bolangum,3387,-36.721675,142.99348,VIC,20271,ASGS SAL polygon representative point (approximate)
Bolinda,3432,-37.438109,144.776954,VIC,20272,ASGS SAL polygon representative point (approximate)
Bolton,3546,-34.962514,142.933214,VIC,20273,ASGS SAL polygon representative point (approximate)
Bolwarra,3305,-38.27914,141.614014,VIC,20274,ASGS SAL polygon representative point (approximate)
Bolwarrah,3352,-37.511922,144.109591,VIC,20275,ASGS SAL polygon representative point (approximate)
Bona Vista,3820,-38.205355,145.963638,VIC,20276,ASGS SAL polygon representative point (approximate)
Bonang,3888,-37.167144,148.647913,VIC,20277,ASGS SAL polygon representative point (approximate)
Bonbeach,3196,-38.06304,145.127631,VIC,20278,ASGS SAL polygon representative point (approximate)
Bonegilla,3691,-36.137036,146.990908,VIC,20279,ASGS SAL polygon representative point (approximate)
Boneo,3939,-38.409519,144.903622,VIC,20280,ASGS SAL polygon representative point (approximate)
Bonn,3561,-36.41206,144.719989,VIC,20281,ASGS SAL polygon representative point (approximate)
Bonnie Brook,3335,-37.694175,144.679104,VIC,20282,ASGS SAL polygon representative point (approximate)
Bonnie Doon,3720,-37.017079,145.880894,VIC,20283,ASGS SAL polygon representative point (approximate)
Bonshaw,3352,-37.60333,143.813687,VIC,20284,ASGS SAL polygon representative point (approximate)
Bookaar,3260,-38.116593,143.092567,VIC,20285,ASGS SAL polygon representative point (approximate)
Boola,3825,-38.046351,146.460529,VIC,20286,ASGS SAL polygon representative point (approximate)
Boolarong,3960,-38.567776,146.257066,VIC,20287,ASGS SAL polygon representative point (approximate)
Boolarra,3870,-38.382439,146.271159,VIC,20288,ASGS SAL polygon representative point (approximate)
Boolarra South,3870,-38.446854,146.284969,VIC,20289,ASGS SAL polygon representative point (approximate)
Boole Poole,3880,-37.899306,147.789632,VIC,20290,ASGS SAL polygon representative point (approximate)
Boolite,3392,-36.347014,142.684143,VIC,20291,ASGS SAL polygon representative point (approximate)
Boomahnoomoonah,3728,-36.124132,146.099109,VIC,20292,ASGS SAL polygon representative point (approximate)
Boonah,3235,-38.428742,143.979696,VIC,20293,ASGS SAL polygon representative point (approximate)
Boorcan,3265,-38.228678,143.014889,VIC,20294,ASGS SAL polygon representative point (approximate)
Boorhaman,3678,-36.225268,146.316526,VIC,20295,ASGS SAL polygon representative point (approximate)
Boorhaman East,3678,-36.163566,146.330801,VIC,20296,ASGS SAL polygon representative point (approximate)
Boorhaman North,3685,-36.098824,146.24388,VIC,20297,ASGS SAL polygon representative point (approximate)
Boorolite,3723,-37.151124,146.205981,VIC,20298,ASGS SAL polygon representative point (approximate)
Boorool,3953,-38.449527,146.053294,VIC,20299,ASGS SAL polygon representative point (approximate)
Boort,3537,-36.133664,143.741922,VIC,20300,ASGS SAL polygon representative point (approximate)
Boosey,3730,-36.050523,145.791615,VIC,20301,ASGS SAL polygon representative point (approximate)
Boralma,3682,-36.23687,146.397555,VIC,20302,ASGS SAL polygon representative point (approximate)
Bornes Hill,3379,-37.53359,142.481826,VIC,20303,ASGS SAL polygon representative point (approximate)
Boronia,3155,-37.856109,145.286202,VIC,20304,ASGS SAL polygon representative point (approximate)
Borung,3518,-36.294199,143.780231,VIC,20305,ASGS SAL polygon representative point (approximate)
Bostocks Creek,3260,-38.304603,143.126147,VIC,20306,ASGS SAL polygon representative point (approximate)
Botanic Ridge,3977,-38.141539,145.256115,VIC,20307,ASGS SAL polygon representative point (approximate)
Boundary Bend,3599,-34.738306,143.094605,VIC,20308,ASGS SAL polygon representative point (approximate)
Bowenvale,3465,-36.997865,143.698192,VIC,20309,ASGS SAL polygon representative point (approximate)
Boweya,3675,-36.274783,146.120595,VIC,20310,ASGS SAL polygon representative point (approximate)
Boweya North,3675,-36.230375,146.107228,VIC,20311,ASGS SAL polygon representative point (approximate)
Bowmans Forest,3735,-36.468287,146.624187,VIC,20312,ASGS SAL polygon representative point (approximate)
Bowser,3678,-36.308094,146.361771,VIC,20313,ASGS SAL polygon representative point (approximate)
Box Hill,3128,-37.821509,145.126102,VIC,20314,ASGS SAL polygon representative point (approximate)
Box Hill North,3129,-37.805593,145.129555,VIC,20315,ASGS SAL polygon representative point (approximate)
Box Hill South,3128,-37.836607,145.123381,VIC,20316,ASGS SAL polygon representative point (approximate)
Boxwood,3725,-36.324687,145.806688,VIC,20317,ASGS SAL polygon representative point (approximate)
Bradford,3463,-36.918626,144.059757,VIC,20318,ASGS SAL polygon representative point (approximate)
Bradvale,3361,-37.786726,143.369734,VIC,20319,ASGS SAL polygon representative point (approximate)
Braeside,3195,-38.000483,145.122943,VIC,20320,ASGS SAL polygon representative point (approximate)
Brandy Creek,3821,-38.102012,145.912766,VIC,20321,ASGS SAL polygon representative point (approximate)
Branxholme,3302,-37.845963,141.805519,VIC,20322,ASGS SAL polygon representative point (approximate)
Bravington,3821,-38.083005,145.922618,VIC,20323,ASGS SAL polygon representative point (approximate)
Braybrook,3019,-37.786692,144.854849,VIC,20324,ASGS SAL polygon representative point (approximate)
Breakaway Creek,3303,-38.032075,141.818995,VIC,20325,ASGS SAL polygon representative point (approximate)
Breakwater,3219,-38.182373,144.373536,VIC,20326,ASGS SAL polygon representative point (approximate)
Breamlea,3227,-38.29402,144.388095,VIC,20327,ASGS SAL polygon representative point (approximate)
Brenanah,3517,-36.559507,143.705861,VIC,20328,ASGS SAL polygon representative point (approximate)
Brewster,3352,-37.498007,143.53343,VIC,20329,ASGS SAL polygon representative point (approximate)
Briagolong,3860,-37.804818,147.087077,VIC,20330,ASGS SAL polygon representative point (approximate)
Briar Hill,3088,-37.7063,145.121007,VIC,20331,ASGS SAL polygon representative point (approximate)
Bridge Creek,3723,-36.90846,146.103819,VIC,20332,ASGS SAL polygon representative point (approximate)
Bridgewater,3516,-36.638741,143.959891,VIC,20333,ASGS SAL polygon representative point (approximate)
Bridgewater North,3516,-36.552795,144.006419,VIC,20334,ASGS SAL polygon representative point (approximate)
Bridgewater On Loddon,3516,-36.603944,143.940314,VIC,20335,ASGS SAL polygon representative point (approximate)
Bright,3741,-36.702582,147.029049,VIC,20336,ASGS SAL polygon representative point (approximate)
Brighton,3186,-37.908426,144.996009,VIC,20337,ASGS SAL polygon representative point (approximate)
Brighton East,3187,-37.917422,145.016604,VIC,20338,ASGS SAL polygon representative point (approximate)
Brim,3391,-36.051168,142.443101,VIC,20339,ASGS SAL polygon representative point (approximate)
Brimboal,3312,-37.393297,141.405784,VIC,20340,ASGS SAL polygon representative point (approximate)
Brimin,3685,-36.053189,146.259824,VIC,20341,ASGS SAL polygon representative point (approximate)
Brimpaen,3401,-37.047466,142.197447,VIC,20342,ASGS SAL polygon representative point (approximate)
Bringalbert,3319,-36.835891,141.16909,VIC,20343,ASGS SAL polygon representative point (approximate)
Brit Brit,3315,-37.412376,141.741679,VIC,20344,ASGS SAL polygon representative point (approximate)
Broadford,3658,-37.209294,145.062325,VIC,20345,ASGS SAL polygon representative point (approximate)
Broadmeadows,3047,-37.683176,144.931737,VIC,20346,ASGS SAL polygon representative point (approximate)
Broadwater,3301,-38.12047,142.077865,VIC,20347,ASGS SAL polygon representative point (approximate)
Brodribb River,3888,-37.695237,148.591408,VIC,20348,ASGS SAL polygon representative point (approximate)
Broken Creek,3673,-36.439694,145.886925,VIC,20349,ASGS SAL polygon representative point (approximate)
Bromley,3472,-36.887284,143.787263,VIC,20350,ASGS SAL polygon representative point (approximate)
Brookfield,3338,-37.699626,144.540929,VIC,20351,ASGS SAL polygon representative point (approximate)
Brooklyn,3012,-37.816076,144.841503,VIC,20352,ASGS SAL polygon representative point (approximate)
Brookville,3896,-37.352239,147.653144,VIC,20353,ASGS SAL polygon representative point (approximate)
Broomfield,3364,-37.384374,143.906984,VIC,20354,ASGS SAL polygon representative point (approximate)
Broughton,3418,-36.150988,141.319663,VIC,20355,ASGS SAL polygon representative point (approximate)
Brown Hill,3350,-37.548398,143.912174,VIC,20356,ASGS SAL polygon representative point (approximate)
Browns Plains,3685,-36.046382,146.623905,VIC,20357,ASGS SAL polygon representative point (approximate)
Bruarong,3749,-36.421618,146.865201,VIC,20358,ASGS SAL polygon representative point (approximate)
Brucknell,3268,-38.459766,142.896414,VIC,20359,ASGS SAL polygon representative point (approximate)
Brumby,3885,-37.00929,148.056308,VIC,20360,ASGS SAL polygon representative point (approximate)
Brunswick,3056,-37.766341,144.961237,VIC,20361,ASGS SAL polygon representative point (approximate)
Brunswick East,3057,-37.768971,144.977417,VIC,20362,ASGS SAL polygon representative point (approximate)
Brunswick West,3055,-37.763257,144.942762,VIC,20363,ASGS SAL polygon representative point (approximate)
Bruthen,3885,-37.707132,147.862522,VIC,20364,ASGS SAL polygon representative point (approximate)
Buangor,3375,-37.364463,143.167513,VIC,20365,ASGS SAL polygon representative point (approximate)
Buchan,3885,-37.416129,148.144759,VIC,20366,ASGS SAL polygon representative point (approximate)
Buchan South,3885,-37.564734,148.103856,VIC,20367,ASGS SAL polygon representative point (approximate)
Buckland,3740,-36.869156,146.894495,VIC,20368,ASGS SAL polygon representative point (approximate)
Buckley,3240,-38.217974,144.087679,VIC,20369,ASGS SAL polygon representative point (approximate)
Buckley Swamp,3301,-37.858877,142.086805,VIC,20370,ASGS SAL polygon representative point (approximate)
Buckrabanyule,3525,-36.269451,143.520899,VIC,20371,ASGS SAL polygon representative point (approximate)
Budgee Budgee,3862,-37.545911,147.095658,VIC,20372,ASGS SAL polygon representative point (approximate)
Budgeree,3870,-38.421204,146.362588,VIC,20373,ASGS SAL polygon representative point (approximate)
Budgerum East,3579,-35.770188,143.651825,VIC,20374,ASGS SAL polygon representative point (approximate)
Buffalo,3958,-38.670517,146.014694,VIC,20375,ASGS SAL polygon representative point (approximate)
Buffalo River,3737,-36.671943,146.657068,VIC,20376,ASGS SAL polygon representative point (approximate)
Bulart,3314,-37.576036,141.919397,VIC,20377,ASGS SAL polygon representative point (approximate)
Buldah,3890,-37.244377,149.119264,VIC,20378,ASGS SAL polygon representative point (approximate)
Bulga,3586,-35.304783,143.345125,VIC,20379,ASGS SAL polygon representative point (approximate)
Bulgana,3377,-37.129745,142.994837,VIC,20380,ASGS SAL polygon representative point (approximate)
Bulla,3428,-37.635231,144.791037,VIC,20381,ASGS SAL polygon representative point (approximate)
Bullaharre,3266,-38.349605,143.140404,VIC,20382,ASGS SAL polygon representative point (approximate)
Bullarook,3352,-37.513182,144.005605,VIC,20383,ASGS SAL polygon representative point (approximate)
Bullarto,3461,-37.389583,144.221738,VIC,20384,ASGS SAL polygon representative point (approximate)
Bullarto South,3461,-37.42779,144.222217,VIC,20385,ASGS SAL polygon representative point (approximate)
Bulleen,3105,-37.768658,145.087068,VIC,20386,ASGS SAL polygon representative point (approximate)
Bullengarook,3437,-37.476382,144.496411,VIC,20387,ASGS SAL polygon representative point (approximate)
Bullioh,3700,-36.173971,147.369024,VIC,20388,ASGS SAL polygon representative point (approximate)
Bullumwaal,3875,-37.642523,147.584638,VIC,20389,ASGS SAL polygon representative point (approximate)
Buln Buln,3821,-38.094818,145.953128,VIC,20390,ASGS SAL polygon representative point (approximate)
Buln Buln East,3821,-38.072282,146.011364,VIC,20391,ASGS SAL polygon representative point (approximate)
Bumberrah,3902,-37.790867,147.832167,VIC,20392,ASGS SAL polygon representative point (approximate)
Bunbartha,3634,-36.235591,145.331352,VIC,20393,ASGS SAL polygon representative point (approximate)
Bundalaguah,3851,-38.028062,147.017534,VIC,20394,ASGS SAL polygon representative point (approximate)
Bundalong,3730,-36.058395,146.129293,VIC,20395,ASGS SAL polygon representative point (approximate)
Bundalong South,3730,-36.106995,146.174876,VIC,20396,ASGS SAL polygon representative point (approximate)
Bundara,3898,-36.977769,147.33974,VIC,20397,ASGS SAL polygon representative point (approximate)
Bunding,3342,-37.539257,144.167739,VIC,20398,ASGS SAL polygon representative point (approximate)
Bundoora,3083,-37.698609,145.059598,VIC,20399,ASGS SAL polygon representative point (approximate)
Bung Bong,3465,-37.094918,143.584693,VIC,20400,ASGS SAL polygon representative point (approximate)
Bungador,3260,-38.424085,143.328611,VIC,20401,ASGS SAL polygon representative point (approximate)
Bungal,3334,-37.704459,144.134619,VIC,20402,ASGS SAL polygon representative point (approximate)
Bungalally,3401,-36.806246,142.25466,VIC,20403,ASGS SAL polygon representative point (approximate)
Bungaree,3352,-37.558805,144.003199,VIC,20404,ASGS SAL polygon representative point (approximate)
Bungeet,3726,-36.280606,146.054719,VIC,20405,ASGS SAL polygon representative point (approximate)
Bungeet West,3726,-36.340079,146.000626,VIC,20406,ASGS SAL polygon representative point (approximate)
Bungil,3691,-36.069016,147.404112,VIC,20407,ASGS SAL polygon representative point (approximate)
Bunguluke,3527,-36.056101,143.363569,VIC,20408,ASGS SAL polygon representative point (approximate)
Buninyong,3357,-37.651907,143.897276,VIC,20409,ASGS SAL polygon representative point (approximate)
Bunkers Hill,3352,-37.571548,143.745978,VIC,20410,ASGS SAL polygon representative point (approximate)
Bunyip,3815,-38.100026,145.718968,VIC,20411,ASGS SAL polygon representative point (approximate)
Bunyip North,3815,-38.061067,145.725185,VIC,20412,ASGS SAL polygon representative point (approximate)
Buragwonduc,3858,-37.490873,146.770631,VIC,20413,ASGS SAL polygon representative point (approximate)
Burkes Bridge,3568,-35.829956,144.338342,VIC,20414,ASGS SAL polygon representative point (approximate)
Burkes Flat,3475,-36.639644,143.560475,VIC,20415,ASGS SAL polygon representative point (approximate)
Burnbank,3371,-37.229562,143.587657,VIC,20416,ASGS SAL polygon representative point (approximate)
Burnewang,3558,-36.47797,144.666867,VIC,20417,ASGS SAL polygon representative point (approximate)
Burnley,3121,-37.829576,145.017323,VIC,20418,ASGS SAL polygon representative point (approximate)
Burnside,3023,-37.7492,144.753032,VIC,20419,ASGS SAL polygon representative point (approximate)
Burnside Heights,3023,-37.732218,144.755638,VIC,20420,ASGS SAL polygon representative point (approximate)
Burramboot,3559,-36.530755,144.837421,VIC,20421,ASGS SAL polygon representative point (approximate)
Burramine,3730,-36.009528,145.883445,VIC,20422,ASGS SAL polygon representative point (approximate)
Burramine South,3730,-36.073172,145.856683,VIC,20423,ASGS SAL polygon representative point (approximate)
Burrowye,3709,-36.035655,147.535537,VIC,20424,ASGS SAL polygon representative point (approximate)
Burrumbeet,3352,-37.49292,143.624148,VIC,20425,ASGS SAL polygon representative point (approximate)
Burwood,3125,-37.849648,145.111266,VIC,20426,ASGS SAL polygon representative point (approximate)
Burwood East,3151,-37.853573,145.150422,VIC,20427,ASGS SAL polygon representative point (approximate)
Bushfield,3281,-38.325044,142.516914,VIC,20428,ASGS SAL polygon representative point (approximate)
Bushy Park,3860,-37.859192,147.017788,VIC,20429,ASGS SAL polygon representative point (approximate)
Butchers Ridge,3885,-37.262457,148.257032,VIC,20430,ASGS SAL polygon representative point (approximate)
Buxton,3711,-37.437935,145.710771,VIC,20431,ASGS SAL polygon representative point (approximate)
Byaduk,3301,-37.945757,141.967592,VIC,20432,ASGS SAL polygon representative point (approximate)
Byaduk North,3300,-37.860699,141.978469,VIC,20433,ASGS SAL polygon representative point (approximate)
Byawatha,3678,-36.288688,146.46788,VIC,20434,ASGS SAL polygon representative point (approximate)
Bylands,3762,-37.354224,144.938693,VIC,20435,ASGS SAL polygon representative point (approximate)
Byrneside,3617,-36.412024,145.164722,VIC,20436,ASGS SAL polygon representative point (approximate)
Cabarita,3505,-34.208101,142.085444,VIC,20437,ASGS SAL polygon representative point (approximate)
Cabbage Tree,3364,-37.464006,143.90311,VIC,20438,ASGS SAL polygon representative point (approximate)
Cabbage Tree Creek,3889,-37.655307,148.712674,VIC,20439,ASGS SAL polygon representative point (approximate)
Cadello,3442,-37.304505,144.521027,VIC,20440,ASGS SAL polygon representative point (approximate)
Cairnlea,3023,-37.759302,144.787814,VIC,20441,ASGS SAL polygon representative point (approximate)
Calder Park,3037,-37.676261,144.76114,VIC,20442,ASGS SAL polygon representative point (approximate)
Caldermeade,3984,-38.243394,145.539013,VIC,20443,ASGS SAL polygon representative point (approximate)
California Gully,3556,-36.728866,144.260394,VIC,20444,ASGS SAL polygon representative point (approximate)
Calivil,3573,-36.253082,144.084168,VIC,20445,ASGS SAL polygon representative point (approximate)
Callawadda,3387,-36.822837,142.794037,VIC,20446,ASGS SAL polygon representative point (approximate)
Callignee,3844,-38.323039,146.578753,VIC,20447,ASGS SAL polygon representative point (approximate)
Callignee North,3844,-38.311016,146.62792,VIC,20448,ASGS SAL polygon representative point (approximate)
Callignee South,3844,-38.380447,146.603573,VIC,20449,ASGS SAL polygon representative point (approximate)
Calrossie,3971,-38.499886,146.670704,VIC,20450,ASGS SAL polygon representative point (approximate)
Calulu,3875,-37.781614,147.510033,VIC,20451,ASGS SAL polygon representative point (approximate)
Cambarville,3779,-37.610511,146.013284,VIC,20452,ASGS SAL polygon representative point (approximate)
Camberwell,3124,-37.838357,145.073678,VIC,20453,ASGS SAL polygon representative point (approximate)
Cambrian Hill,3352,-37.64023,143.818683,VIC,20454,ASGS SAL polygon representative point (approximate)
Campbellfield,3061,-37.663844,144.959539,VIC,20455,ASGS SAL polygon representative point (approximate)
Campbells Bridge,3387,-36.925411,142.796001,VIC,20456,ASGS SAL polygon representative point (approximate)
Campbells Creek,3451,-37.105592,144.211518,VIC,20457,ASGS SAL polygon representative point (approximate)
Campbells Forest,3556,-36.613146,144.116761,VIC,20458,ASGS SAL polygon representative point (approximate)
Campbelltown,3364,-37.207284,143.951615,VIC,20459,ASGS SAL polygon representative point (approximate)
Camperdown,3260,-38.23925,143.15295,VIC,20460,ASGS SAL polygon representative point (approximate)
Canadian,3350,-37.584467,143.885285,VIC,20461,ASGS SAL polygon representative point (approximate)
Canary Island,3537,-36.010462,143.873344,VIC,20462,ASGS SAL polygon representative point (approximate)
Caniambo,3630,-36.465063,145.598092,VIC,20463,ASGS SAL polygon representative point (approximate)
Cann River,3890,-37.589036,149.158824,VIC,20464,ASGS SAL polygon representative point (approximate)
Cannie,3540,-35.751008,143.498402,VIC,20465,ASGS SAL polygon representative point (approximate)
Cannons Creek,3977,-38.221736,145.302808,VIC,20466,ASGS SAL polygon representative point (approximate)
Cannum,3393,-36.264224,142.269908,VIC,20467,ASGS SAL polygon representative point (approximate)
Canterbury,3126,-37.823683,145.075531,VIC,20468,ASGS SAL polygon representative point (approximate)
Cape Bridgewater,3305,-38.327019,141.414923,VIC,20469,ASGS SAL polygon representative point (approximate)
Cape Clear,3351,-37.781094,143.611447,VIC,20470,ASGS SAL polygon representative point (approximate)
Cape Conran,3888,-37.789882,148.726603,VIC,20471,ASGS SAL polygon representative point (approximate)
Cape Otway,3233,-38.797524,143.559413,VIC,20472,ASGS SAL polygon representative point (approximate)
Cape Paterson,3995,-38.660351,145.616324,VIC,20473,ASGS SAL polygon representative point (approximate)
Cape Schanck,3939,-38.460159,144.903252,VIC,20474,ASGS SAL polygon representative point (approximate)
Cape Woolamai,3925,-38.542835,145.34408,VIC,20475,ASGS SAL polygon representative point (approximate)
Capel Sound,3940,-38.372107,144.874087,VIC,20476,ASGS SAL polygon representative point (approximate)
Capels Crossing,3579,-35.608967,143.916369,VIC,20477,ASGS SAL polygon representative point (approximate)
Carag Carag,3623,-36.462889,144.891524,VIC,20478,ASGS SAL polygon representative point (approximate)
Caralulup,3371,-37.204163,143.649272,VIC,20479,ASGS SAL polygon representative point (approximate)
Caramut,3274,-37.952752,142.522648,VIC,20480,ASGS SAL polygon representative point (approximate)
Carapooee,3477,-36.712779,143.335514,VIC,20481,ASGS SAL polygon representative point (approximate)
Carapooee West,3477,-36.707293,143.246136,VIC,20482,ASGS SAL polygon representative point (approximate)
Carapook,3312,-37.516492,141.555021,VIC,20483,ASGS SAL polygon representative point (approximate)
Carboor,3678,-36.654101,146.54738,VIC,20484,ASGS SAL polygon representative point (approximate)
Cardigan,3352,-37.539672,143.739142,VIC,20485,ASGS SAL polygon representative point (approximate)
Cardigan Village,3352,-37.518747,143.715643,VIC,20486,ASGS SAL polygon representative point (approximate)
Cardinia,3978,-38.142756,145.418177,VIC,20487,ASGS SAL polygon representative point (approximate)
Cardross,3496,-34.307121,142.125347,VIC,20488,ASGS SAL polygon representative point (approximate)
Cargerie,3334,-37.803571,143.952926,VIC,20489,ASGS SAL polygon representative point (approximate)
Carina,3512,-35.214197,141.095122,VIC,20490,ASGS SAL polygon representative point (approximate)
Caringal,3825,-37.947896,146.338066,VIC,20491,ASGS SAL polygon representative point (approximate)
Carisbrook,3464,-37.029682,143.839375,VIC,20492,ASGS SAL polygon representative point (approximate)
Carlisle River,3239,-38.565771,143.418252,VIC,20493,ASGS SAL polygon representative point (approximate)
Carlsruhe,3442,-37.287768,144.513049,VIC,20494,ASGS SAL polygon representative point (approximate)
Carlton,3053,-37.800467,144.968053,VIC,20495,ASGS SAL polygon representative point (approximate)
Carlton North,3054,-37.786593,144.968494,VIC,20496,ASGS SAL polygon representative point (approximate)
Carlyle,3685,-36.002626,146.485659,VIC,20497,ASGS SAL polygon representative point (approximate)
Carnegie,3163,-37.893371,145.055602,VIC,20498,ASGS SAL polygon representative point (approximate)
Carngham,3351,-37.560918,143.590172,VIC,20499,ASGS SAL polygon representative point (approximate)
Caroline Springs,3023,-37.734512,144.737201,VIC,20500,ASGS SAL polygon representative point (approximate)
Carpendeit,3260,-38.387551,143.25003,VIC,20501,ASGS SAL polygon representative point (approximate)
Carrajung,3844,-38.376304,146.682213,VIC,20502,ASGS SAL polygon representative point (approximate)
Carrajung Lower,3844,-38.392322,146.738618,VIC,20503,ASGS SAL polygon representative point (approximate)
Carrajung South,3844,-38.393557,146.808639,VIC,20504,ASGS SAL polygon representative point (approximate)
Carranballac,3361,-37.684418,143.183372,VIC,20505,ASGS SAL polygon representative point (approximate)
Carron,3480,-36.279808,142.750077,VIC,20506,ASGS SAL polygon representative point (approximate)
Carrum,3197,-38.076705,145.127999,VIC,20507,ASGS SAL polygon representative point (approximate)
Carrum Downs,3201,-38.092765,145.1758,VIC,20508,ASGS SAL polygon representative point (approximate)
Carwarp,3494,-34.530062,142.135927,VIC,20509,ASGS SAL polygon representative point (approximate)
Cashmore,3305,-38.307059,141.494936,VIC,20510,ASGS SAL polygon representative point (approximate)
Cassilis,3898,-37.205665,147.605213,VIC,20511,ASGS SAL polygon representative point (approximate)
Castella,3777,-37.519371,145.433913,VIC,20512,ASGS SAL polygon representative point (approximate)
Casterton,3311,-37.603134,141.331732,VIC,20513,ASGS SAL polygon representative point (approximate)
Castle Creek,3691,-36.183498,146.824929,VIC,20514,ASGS SAL polygon representative point (approximate)
Castle Donnington,3585,-35.425278,143.569454,VIC,20515,ASGS SAL polygon representative point (approximate)
Castlemaine,3450,-37.058717,144.218266,VIC,20516,ASGS SAL polygon representative point (approximate)
Catani,3981,-38.194602,145.651835,VIC,20517,ASGS SAL polygon representative point (approximate)
Cathcart,3377,-37.308885,142.876596,VIC,20518,ASGS SAL polygon representative point (approximate)
Cathkin,3714,-37.154652,145.601004,VIC,20519,ASGS SAL polygon representative point (approximate)
Catumnal,3537,-36.076312,143.618336,VIC,20520,ASGS SAL polygon representative point (approximate)
Caulfield,3162,-37.884051,145.026343,VIC,20521,ASGS SAL polygon representative point (approximate)
Caulfield East,3145,-37.881219,145.042012,VIC,20522,ASGS SAL polygon representative point (approximate)
Caulfield North,3161,-37.872035,145.021592,VIC,20523,ASGS SAL polygon representative point (approximate)
Caulfield South,3162,-37.894654,145.024929,VIC,20524,ASGS SAL polygon representative point (approximate)
Caveat,3660,-37.05729,145.500471,VIC,20525,ASGS SAL polygon representative point (approximate)
Cavendish,3314,-37.499561,142.056089,VIC,20526,ASGS SAL polygon representative point (approximate)
Ceres,3221,-38.164568,144.272801,VIC,20527,ASGS SAL polygon representative point (approximate)
Chadstone,3148,-37.882143,145.100198,VIC,20528,ASGS SAL polygon representative point (approximate)
Chandlers Creek,3890,-37.323744,149.309029,VIC,20529,ASGS SAL polygon representative point (approximate)
Chapel Flat,3352,-37.477974,143.894619,VIC,20530,ASGS SAL polygon representative point (approximate)
Chapple Vale,3239,-38.636647,143.297538,VIC,20531,ASGS SAL polygon representative point (approximate)
Charam,3318,-36.95256,141.517421,VIC,20532,ASGS SAL polygon representative point (approximate)
Charlemont,3217,-38.209277,144.368454,VIC,20533,ASGS SAL polygon representative point (approximate)
Charleroi,3695,-36.308755,147.153561,VIC,20534,ASGS SAL polygon representative point (approximate)
Charlton,3525,-36.287836,143.335649,VIC,20535,ASGS SAL polygon representative point (approximate)
Chatsworth,3379,-37.847977,142.658585,VIC,20536,ASGS SAL polygon representative point (approximate)
Chelsea,3196,-38.0497,145.121405,VIC,20537,ASGS SAL polygon representative point (approximate)
Chelsea Heights,3196,-38.04083,145.134244,VIC,20538,ASGS SAL polygon representative point (approximate)
Cheltenham,3192,-37.963546,145.060522,VIC,20539,ASGS SAL polygon representative point (approximate)
Chepstowe,3351,-37.596839,143.490308,VIC,20540,ASGS SAL polygon representative point (approximate)
Cherokee,3434,-37.395483,144.641921,VIC,20541,ASGS SAL polygon representative point (approximate)
Cherrypool,3401,-37.132642,142.163444,VIC,20542,ASGS SAL polygon representative point (approximate)
Cheshunt,3678,-36.846118,146.438101,VIC,20543,ASGS SAL polygon representative point (approximate)
Cheshunt South,3678,-36.921431,146.422216,VIC,20544,ASGS SAL polygon representative point (approximate)
Chesney Vale,3725,-36.412488,146.051392,VIC,20545,ASGS SAL polygon representative point (approximate)
Chetwynd,3312,-37.295638,141.380673,VIC,20546,ASGS SAL polygon representative point (approximate)
Chewton,3451,-37.095706,144.267951,VIC,20547,ASGS SAL polygon representative point (approximate)
Chewton Bushlands,3451,-37.077581,144.291938,VIC,20548,ASGS SAL polygon representative point (approximate)
Childers,3824,-38.301493,146.104124,VIC,20549,ASGS SAL polygon representative point (approximate)
Chillingollah,3585,-35.273741,143.043436,VIC,20550,ASGS SAL polygon representative point (approximate)
Chiltern,3683,-36.199466,146.61614,VIC,20551,ASGS SAL polygon representative point (approximate)
Chiltern Valley,3683,-36.146275,146.548239,VIC,20552,ASGS SAL polygon representative point (approximate)
Chinangin,3544,-35.523555,143.183232,VIC,20553,ASGS SAL polygon representative point (approximate)
Chinkapook,3546,-35.18518,142.948227,VIC,20554,ASGS SAL polygon representative point (approximate)
Chintin,3756,-37.393063,144.831893,VIC,20555,ASGS SAL polygon representative point (approximate)
Chirnside Park,3116,-37.738589,145.314321,VIC,20556,ASGS SAL polygon representative point (approximate)
Chirrip,3525,-36.166763,143.131582,VIC,20557,ASGS SAL polygon representative point (approximate)
Chocolyn,3260,-38.201812,143.199295,VIC,20558,ASGS SAL polygon representative point (approximate)
Christmas Hills,3775,-37.658237,145.313689,VIC,20559,ASGS SAL polygon representative point (approximate)
Chum Creek,3777,-37.60513,145.487382,VIC,20560,ASGS SAL polygon representative point (approximate)
Churchill,3842,-38.316092,146.423593,VIC,20561,ASGS SAL polygon representative point (approximate)
Churchill Island,3925,-38.500063,145.338806,VIC,20562,ASGS SAL polygon representative point (approximate)
Chute,3373,-37.30822,143.405317,VIC,20563,ASGS SAL polygon representative point (approximate)
Clarendon,3352,-37.702114,143.97467,VIC,20564,ASGS SAL polygon representative point (approximate)
Claretown,3352,-37.519343,144.033276,VIC,20565,ASGS SAL polygon representative point (approximate)
Clarinda,3169,-37.94308,145.106015,VIC,20566,ASGS SAL polygon representative point (approximate)
Clarkefield,3430,-37.48725,144.803295,VIC,20567,ASGS SAL polygon representative point (approximate)
Clarkes Hill,3352,-37.495891,143.978978,VIC,20568,ASGS SAL polygon representative point (approximate)
Clayton,3168,-37.918202,145.13024,VIC,20569,ASGS SAL polygon representative point (approximate)
Clayton South,3169,-37.943048,145.12522,VIC,20570,ASGS SAL polygon representative point (approximate)
Clear Lake,3409,-36.937359,141.890575,VIC,20571,ASGS SAL polygon representative point (approximate)
Clematis,3782,-37.932369,145.419051,VIC,20572,ASGS SAL polygon representative point (approximate)
Clifton Creek,3875,-37.707205,147.664864,VIC,20573,ASGS SAL polygon representative point (approximate)
Clifton Hill,3068,-37.790427,144.997549,VIC,20574,ASGS SAL polygon representative point (approximate)
Clifton Springs,3222,-38.155117,144.569914,VIC,20575,ASGS SAL polygon representative point (approximate)
Clonbinane,3658,-37.356665,145.157506,VIC,20576,ASGS SAL polygon representative point (approximate)
Clover Flat,3315,-37.607787,141.5626,VIC,20577,ASGS SAL polygon representative point (approximate)
Cloverlea,3822,-38.2403,145.99486,VIC,20578,ASGS SAL polygon representative point (approximate)
Club Terrace,3889,-37.532483,148.931992,VIC,20579,ASGS SAL polygon representative point (approximate)
Clunes,3370,-37.288307,143.788255,VIC,20580,ASGS SAL polygon representative point (approximate)
Clyde,3978,-38.148245,145.35386,VIC,20581,ASGS SAL polygon representative point (approximate)
Clyde North,3978,-38.101914,145.358577,VIC,20582,ASGS SAL polygon representative point (approximate)
Clydebank,3851,-38.045409,147.191952,VIC,20583,ASGS SAL polygon representative point (approximate)
Clydesdale,3461,-37.171706,144.097041,VIC,20584,ASGS SAL polygon representative point (approximate)
Coalville,3825,-38.239176,146.266419,VIC,20585,ASGS SAL polygon representative point (approximate)
Cobains,3851,-38.076063,147.137764,VIC,20586,ASGS SAL polygon representative point (approximate)
Cobaw,3442,-37.268384,144.646446,VIC,20587,ASGS SAL polygon representative point (approximate)
Cobbannah,3862,-37.637878,147.270947,VIC,20588,ASGS SAL polygon representative point (approximate)
Cobberas,3900,-36.85221,148.090686,VIC,20589,ASGS SAL polygon representative point (approximate)
Cobblebank,3338,-37.705544,144.599695,VIC,20590,ASGS SAL polygon representative point (approximate)
Cobden,3266,-38.337865,143.088758,VIC,20591,ASGS SAL polygon representative point (approximate)
Cobram,3644,-35.935239,145.641625,VIC,20592,ASGS SAL polygon representative point (approximate)
Cobram East,3644,-35.974599,145.736441,VIC,20593,ASGS SAL polygon representative point (approximate)
Cobrico,3266,-38.292581,143.018591,VIC,20594,ASGS SAL polygon representative point (approximate)
Cobungra,3898,-37.086295,147.377176,VIC,20595,ASGS SAL polygon representative point (approximate)
Coburg,3058,-37.74488,144.964239,VIC,20596,ASGS SAL polygon representative point (approximate)
Coburg North,3058,-37.72699,144.967784,VIC,20597,ASGS SAL polygon representative point (approximate)
Cocamba,3546,-35.11079,142.905317,VIC,20598,ASGS SAL polygon representative point (approximate)
Cochranes Creek,3475,-36.694487,143.580397,VIC,20599,ASGS SAL polygon representative point (approximate)
Cockatoo,3781,-37.92597,145.508102,VIC,20600,ASGS SAL polygon representative point (approximate)
Cocoroc,3030,-37.968674,144.621635,VIC,20601,ASGS SAL polygon representative point (approximate)
Codrington,3285,-38.251649,141.967961,VIC,20602,ASGS SAL polygon representative point (approximate)
Coghills Creek,3364,-37.384917,143.753355,VIC,20603,ASGS SAL polygon representative point (approximate)
Cohuna,3568,-35.77604,144.242954,VIC,20604,ASGS SAL polygon representative point (approximate)
Coimadai,3340,-37.590988,144.486643,VIC,20605,ASGS SAL polygon representative point (approximate)
Cokum,3530,-35.754653,143.256866,VIC,20606,ASGS SAL polygon representative point (approximate)
Colac,3250,-38.313174,143.591985,VIC,20607,ASGS SAL polygon representative point (approximate)
Colac Colac,3707,-36.223474,147.848153,VIC,20608,ASGS SAL polygon representative point (approximate)
Colac East,3250,-38.338013,143.615506,VIC,20609,ASGS SAL polygon representative point (approximate)
Colac West,3250,-38.332574,143.543214,VIC,20610,ASGS SAL polygon representative point (approximate)
Colbinabbin,3559,-36.596908,144.829149,VIC,20611,ASGS SAL polygon representative point (approximate)
Colbrook,3342,-37.531252,144.225631,VIC,20612,ASGS SAL polygon representative point (approximate)
Coldstream,3770,-37.703599,145.408627,VIC,20613,ASGS SAL polygon representative point (approximate)
Coleraine,3315,-37.590602,141.675101,VIC,20614,ASGS SAL polygon representative point (approximate)
Colignan,3494,-34.539013,142.339227,VIC,20615,ASGS SAL polygon representative point (approximate)
Collingwood,3066,-37.802078,144.988142,VIC,20616,ASGS SAL polygon representative point (approximate)
Combienbar,3889,-37.371147,149.01505,VIC,20617,ASGS SAL polygon representative point (approximate)
Concongella,3384,-37.046244,142.874018,VIC,20618,ASGS SAL polygon representative point (approximate)
Condah,3303,-37.944668,141.709058,VIC,20619,ASGS SAL polygon representative point (approximate)
Congupna,3633,-36.294579,145.469112,VIC,20620,ASGS SAL polygon representative point (approximate)
Connewarre,3227,-38.257616,144.42293,VIC,20621,ASGS SAL polygon representative point (approximate)
Connewirricoo,3318,-37.194341,141.467877,VIC,20622,ASGS SAL polygon representative point (approximate)
Coojar,3315,-37.358937,141.670705,VIC,20623,ASGS SAL polygon representative point (approximate)
Coolaroo,3048,-37.65674,144.934608,VIC,20624,ASGS SAL polygon representative point (approximate)
Cooma,3616,-36.411385,145.071339,VIC,20625,ASGS SAL polygon representative point (approximate)
Coomboona,3629,-36.273762,145.297554,VIC,20626,ASGS SAL polygon representative point (approximate)
Coomoora,3461,-37.330696,144.19762,VIC,20627,ASGS SAL polygon representative point (approximate)
Coongulla,3860,-37.871025,146.770039,VIC,20628,ASGS SAL polygon representative point (approximate)
Coonooer Bridge,3477,-36.461338,143.309972,VIC,20629,ASGS SAL polygon representative point (approximate)
Coonooer West,3477,-36.424755,143.219469,VIC,20630,ASGS SAL polygon representative point (approximate)
Cooriemungle,3268,-38.559666,143.136281,VIC,20631,ASGS SAL polygon representative point (approximate)
Cope Cope,3480,-36.465913,143.072469,VIC,20632,ASGS SAL polygon representative point (approximate)
Cora Lynn,3814,-38.145772,145.617121,VIC,20633,ASGS SAL polygon representative point (approximate)
Corack,3480,-36.184244,143.026245,VIC,20634,ASGS SAL polygon representative point (approximate)
Corack East,3480,-36.152935,143.058143,VIC,20635,ASGS SAL polygon representative point (approximate)
Coragulac,3249,-38.262422,143.536755,VIC,20636,ASGS SAL polygon representative point (approximate)
Coral Bank,3691,-36.61994,147.105379,VIC,20637,ASGS SAL polygon representative point (approximate)
Corindhap,3352,-37.867668,143.754008,VIC,20638,ASGS SAL polygon representative point (approximate)
Corinella,3984,-38.423132,145.467506,VIC,20639,ASGS SAL polygon representative point (approximate)
Corio,3214,-38.067204,144.374936,VIC,20640,ASGS SAL polygon representative point (approximate)
Corndale,3311,-37.540806,141.254686,VIC,20641,ASGS SAL polygon representative point (approximate)
Cornella,3551,-36.678958,144.771792,VIC,20642,ASGS SAL polygon representative point (approximate)
Cornishtown,3683,-36.102792,146.570724,VIC,20643,ASGS SAL polygon representative point (approximate)
Coronet Bay,3984,-38.433294,145.444945,VIC,20644,ASGS SAL polygon representative point (approximate)
Corop,3559,-36.46136,144.780266,VIC,20645,ASGS SAL polygon representative point (approximate)
Cororooke,3254,-38.296486,143.527493,VIC,20646,ASGS SAL polygon representative point (approximate)
Corringle,3888,-37.787958,148.448464,VIC,20647,ASGS SAL polygon representative point (approximate)
Corryong,3707,-36.183156,147.901661,VIC,20648,ASGS SAL polygon representative point (approximate)
Corunnun,3249,-38.282447,143.48875,VIC,20649,ASGS SAL polygon representative point (approximate)
Cosgrove,3631,-36.347278,145.627165,VIC,20650,ASGS SAL polygon representative point (approximate)
Cosgrove South,3631,-36.41034,145.633329,VIC,20651,ASGS SAL polygon representative point (approximate)
Costerfield,3523,-36.873447,144.799985,VIC,20652,ASGS SAL polygon representative point (approximate)
Cotswold,3465,-37.144088,143.893627,VIC,20653,ASGS SAL polygon representative point (approximate)
Cottles Bridge,3099,-37.607083,145.223203,VIC,20654,ASGS SAL polygon representative point (approximate)
Cowa,3862,-37.387468,147.183201,VIC,20655,ASGS SAL polygon representative point (approximate)
Cowangie,3506,-35.188186,141.365262,VIC,20656,ASGS SAL polygon representative point (approximate)
Cowes,3922,-38.47086,145.235405,VIC,20657,ASGS SAL polygon representative point (approximate)
Cowleys Creek,3268,-38.499169,143.040013,VIC,20658,ASGS SAL polygon representative point (approximate)
Cowwarr,3857,-38.013749,146.672092,VIC,20659,ASGS SAL polygon representative point (approximate)
Craigie,3465,-37.107283,143.768994,VIC,20660,ASGS SAL polygon representative point (approximate)
Craigieburn,3064,-37.586145,144.927367,VIC,20661,ASGS SAL polygon representative point (approximate)
Cranbourne,3977,-38.112838,145.275239,VIC,20662,ASGS SAL polygon representative point (approximate)
Cranbourne East,3977,-38.110051,145.30534,VIC,20663,ASGS SAL polygon representative point (approximate)
Cranbourne North,3977,-38.077481,145.298848,VIC,20664,ASGS SAL polygon representative point (approximate)
Cranbourne South,3977,-38.154398,145.251938,VIC,20665,ASGS SAL polygon representative point (approximate)
Cranbourne West,3977,-38.098805,145.250034,VIC,20666,ASGS SAL polygon representative point (approximate)
Creek Junction,3669,-36.848681,145.894006,VIC,20667,ASGS SAL polygon representative point (approximate)
Creek View,3551,-36.616743,144.675393,VIC,20668,ASGS SAL polygon representative point (approximate)
Creightons Creek,3666,-36.852709,145.51975,VIC,20669,ASGS SAL polygon representative point (approximate)
Cremorne,3121,-37.829006,144.99305,VIC,20670,ASGS SAL polygon representative point (approximate)
Cressy,3322,-38.032828,143.666022,VIC,20671,ASGS SAL polygon representative point (approximate)
Creswick,3363,-37.424133,143.890911,VIC,20672,ASGS SAL polygon representative point (approximate)
Creswick North,3363,-37.361221,143.876154,VIC,20673,ASGS SAL polygon representative point (approximate)
Crib Point,3919,-38.352361,145.202787,VIC,20674,ASGS SAL polygon representative point (approximate)
Crookayan,3858,-37.484101,146.621433,VIC,20675,ASGS SAL polygon representative point (approximate)
Crooked River,3862,-37.387869,146.992332,VIC,20676,ASGS SAL polygon representative point (approximate)
Cross Roads,3373,-37.489463,143.212784,VIC,20677,ASGS SAL polygon representative point (approximate)
Crossley,3283,-38.317042,142.313342,VIC,20678,ASGS SAL polygon representative point (approximate)
Crossover,3821,-38.059139,145.969017,VIC,20679,ASGS SAL polygon representative point (approximate)
Crowlands,3377,-37.124052,143.10923,VIC,20680,ASGS SAL polygon representative point (approximate)
Croxton East,3301,-37.7768,142.228549,VIC,20681,ASGS SAL polygon representative point (approximate)
Croydon,3136,-37.794985,145.284111,VIC,20682,ASGS SAL polygon representative point (approximate)
Croydon Hills,3136,-37.775611,145.266914,VIC,20683,ASGS SAL polygon representative point (approximate)
Croydon North,3136,-37.771851,145.283924,VIC,20684,ASGS SAL polygon representative point (approximate)
Croydon South,3136,-37.815228,145.277786,VIC,20685,ASGS SAL polygon representative point (approximate)
Crymelon,3393,-36.152192,142.241057,VIC,20686,ASGS SAL polygon representative point (approximate)
Cudgee,3265,-38.340154,142.654856,VIC,20687,ASGS SAL polygon representative point (approximate)
Cudgewa,3705,-36.147195,147.798888,VIC,20688,ASGS SAL polygon representative point (approximate)
Culgoa,3530,-35.708461,143.120985,VIC,20689,ASGS SAL polygon representative point (approximate)
Culla,3315,-37.237805,141.576464,VIC,20690,ASGS SAL polygon representative point (approximate)
Cullen,3568,-35.783905,144.157398,VIC,20691,ASGS SAL polygon representative point (approximate)
Cullulleraine,3496,-34.200903,141.648762,VIC,20692,ASGS SAL polygon representative point (approximate)
Cundare,3251,-38.146228,143.592337,VIC,20693,ASGS SAL polygon representative point (approximate)
Cundare North,3251,-38.106642,143.560908,VIC,20694,ASGS SAL polygon representative point (approximate)
Curdies River,3268,-38.442964,142.945933,VIC,20695,ASGS SAL polygon representative point (approximate)
Curdievale,3268,-38.518534,142.864431,VIC,20696,ASGS SAL polygon representative point (approximate)
Curlewis,3222,-38.178725,144.528305,VIC,20697,ASGS SAL polygon representative point (approximate)
Curyo,3483,-35.836425,142.710435,VIC,20698,ASGS SAL polygon representative point (approximate)
Dadswells Bridge,3385,-36.898135,142.494832,VIC,20699,ASGS SAL polygon representative point (approximate)
Daisy Hill,3465,-37.111123,143.723716,VIC,20700,ASGS SAL polygon representative point (approximate)
Dales Creek,3341,-37.521843,144.302951,VIC,20701,ASGS SAL polygon representative point (approximate)
Dallas,3047,-37.670821,144.935426,VIC,20702,ASGS SAL polygon representative point (approximate)
Dalmore,3981,-38.184104,145.42602,VIC,20703,ASGS SAL polygon representative point (approximate)
Daltons Bridge,3568,-35.823303,144.284144,VIC,20704,ASGS SAL polygon representative point (approximate)
Dalyenong,3477,-36.80631,143.418083,VIC,20705,ASGS SAL polygon representative point (approximate)
Dalyston,3992,-38.568913,145.54566,VIC,20706,ASGS SAL polygon representative point (approximate)
Dandenong,3175,-37.985012,145.211877,VIC,20707,ASGS SAL polygon representative point (approximate)
Dandenong North,3175,-37.955901,145.214234,VIC,20708,ASGS SAL polygon representative point (approximate)
Dandenong South,3175,-38.027948,145.220844,VIC,20709,ASGS SAL polygon representative point (approximate)
Dandongadale,3737,-36.839728,146.703514,VIC,20710,ASGS SAL polygon representative point (approximate)
Dargo,3862,-37.334332,147.293945,VIC,20711,ASGS SAL polygon representative point (approximate)
Darley,3340,-37.637654,144.426289,VIC,20712,ASGS SAL polygon representative point (approximate)
Darlimurla,3871,-38.393705,146.22709,VIC,20713,ASGS SAL polygon representative point (approximate)
Darlington,3271,-37.987748,143.030201,VIC,20714,ASGS SAL polygon representative point (approximate)
Darnum,3822,-38.176219,146.021017,VIC,20715,ASGS SAL polygon representative point (approximate)
Darraweit Guim,3756,-37.422506,144.869733,VIC,20716,ASGS SAL polygon representative point (approximate)
Darriman,3851,-38.41538,146.929428,VIC,20717,ASGS SAL polygon representative point (approximate)
Dartmoor,3304,-37.871856,141.289101,VIC,20718,ASGS SAL polygon representative point (approximate)
Dartmouth,3701,-36.597759,147.625234,VIC,20719,ASGS SAL polygon representative point (approximate)
Dawson,3858,-37.974052,146.687256,VIC,20720,ASGS SAL polygon representative point (approximate)
Daylesford,3460,-37.344728,144.150032,VIC,20721,ASGS SAL polygon representative point (approximate)
Dean,3363,-37.455414,143.983538,VIC,20722,ASGS SAL polygon representative point (approximate)
Deans Marsh,3235,-38.402555,143.902407,VIC,20723,ASGS SAL polygon representative point (approximate)
Deanside,3336,-37.734217,144.704133,VIC,20724,ASGS SAL polygon representative point (approximate)
Deddick Valley,3888,-37.058545,148.472376,VIC,20725,ASGS SAL polygon representative point (approximate)
Dederang,3691,-36.482266,147.000508,VIC,20726,ASGS SAL polygon representative point (approximate)
Deep Lead,3385,-36.999786,142.710432,VIC,20727,ASGS SAL polygon representative point (approximate)
Deepdene,3103,-37.811456,145.065978,VIC,20728,ASGS SAL polygon representative point (approximate)
Deer Park,3023,-37.769316,144.771599,VIC,20729,ASGS SAL polygon representative point (approximate)
Delacombe,3356,-37.580908,143.816023,VIC,20730,ASGS SAL polygon representative point (approximate)
Delahey,3037,-37.71979,144.777326,VIC,20731,ASGS SAL polygon representative point (approximate)
Delatite,3723,-37.129593,146.160849,VIC,20732,ASGS SAL polygon representative point (approximate)
Delburn,3871,-38.334194,146.242949,VIC,20733,ASGS SAL polygon representative point (approximate)
Delegate River,3888,-37.109408,148.812718,VIC,20734,ASGS SAL polygon representative point (approximate)
Denicull Creek,3377,-37.340812,142.939409,VIC,20735,ASGS SAL polygon representative point (approximate)
Denison,3858,-38.032201,146.863179,VIC,20736,ASGS SAL polygon representative point (approximate)
Dennington,3280,-38.355173,142.433611,VIC,20737,ASGS SAL polygon representative point (approximate)
Denver,3461,-37.284514,144.291811,VIC,20738,ASGS SAL polygon representative point (approximate)
Deptford,3875,-37.56619,147.688437,VIC,20739,ASGS SAL polygon representative point (approximate)
Derby,3516,-36.652194,144.023905,VIC,20740,ASGS SAL polygon representative point (approximate)
Dereel,3352,-37.821751,143.759035,VIC,20741,ASGS SAL polygon representative point (approximate)
Dergholm,3312,-37.351225,141.190754,VIC,20742,ASGS SAL polygon representative point (approximate)
Derrimut,3026,-37.799684,144.776139,VIC,20743,ASGS SAL polygon representative point (approximate)
Derrinal,3523,-36.894008,144.609231,VIC,20744,ASGS SAL polygon representative point (approximate)
Derrinallum,3325,-37.961956,143.182173,VIC,20745,ASGS SAL polygon representative point (approximate)
Devenish,3726,-36.333576,145.898608,VIC,20746,ASGS SAL polygon representative point (approximate)
Devils River,3714,-37.173476,145.835866,VIC,20747,ASGS SAL polygon representative point (approximate)
Devon Meadows,3977,-38.175985,145.308912,VIC,20748,ASGS SAL polygon representative point (approximate)
Devon North,3971,-38.523122,146.613215,VIC,20749,ASGS SAL polygon representative point (approximate)
Dewhurst,3808,-37.980073,145.466919,VIC,20750,ASGS SAL polygon representative point (approximate)
Dhurringile,3610,-36.531858,145.21316,VIC,20751,ASGS SAL polygon representative point (approximate)
Diamond Creek,3089,-37.667942,145.156702,VIC,20752,ASGS SAL polygon representative point (approximate)
Digby,3309,-37.810885,141.528382,VIC,20753,ASGS SAL polygon representative point (approximate)
Diggers Rest,3427,-37.620811,144.697642,VIC,20754,ASGS SAL polygon representative point (approximate)
Diggora,3561,-36.359922,144.535083,VIC,20755,ASGS SAL polygon representative point (approximate)
Dimboola,3414,-36.387576,142.061154,VIC,20756,ASGS SAL polygon representative point (approximate)
Dingee,3571,-36.365168,144.212569,VIC,20757,ASGS SAL polygon representative point (approximate)
Dingley Village,3172,-37.975547,145.12563,VIC,20758,ASGS SAL polygon representative point (approximate)
Dingwall,3579,-35.811159,143.842019,VIC,20759,ASGS SAL polygon representative point (approximate)
Dinner Plain,3898,-37.030307,147.277799,VIC,20760,ASGS SAL polygon representative point (approximate)
Dixie,3265,-38.305307,142.931059,VIC,20761,ASGS SAL polygon representative point (approximate)
Dixons Creek,3775,-37.593584,145.427511,VIC,20762,ASGS SAL polygon representative point (approximate)
Dobie,3377,-37.33427,143.029911,VIC,20763,ASGS SAL polygon representative point (approximate)
Docker,3678,-36.50955,146.366576,VIC,20764,ASGS SAL polygon representative point (approximate)
Dockers Plains,3678,-36.285388,146.336149,VIC,20765,ASGS SAL polygon representative point (approximate)
Docklands,3008,-37.818349,144.940439,VIC,20766,ASGS SAL polygon representative point (approximate)
Doctors Flat,3895,-37.308675,147.734251,VIC,20767,ASGS SAL polygon representative point (approximate)
Dollar,3871,-38.55432,146.178316,VIC,20768,ASGS SAL polygon representative point (approximate)
Don Valley,3139,-37.736351,145.592291,VIC,20769,ASGS SAL polygon representative point (approximate)
Donald,3480,-36.332212,142.985358,VIC,20770,ASGS SAL polygon representative point (approximate)
Doncaster,3108,-37.784754,145.124011,VIC,20771,ASGS SAL polygon representative point (approximate)
Doncaster East,3109,-37.778802,145.1639,VIC,20772,ASGS SAL polygon representative point (approximate)
Donnybrook,3064,-37.540681,144.998022,VIC,20773,ASGS SAL polygon representative point (approximate)
Donvale,3111,-37.789763,145.191378,VIC,20774,ASGS SAL polygon representative point (approximate)
Dooboobetic,3478,-36.378758,143.201038,VIC,20775,ASGS SAL polygon representative point (approximate)
Dooen,3401,-36.645435,142.235215,VIC,20776,ASGS SAL polygon representative point (approximate)
Dookie,3646,-36.325163,145.707333,VIC,20777,ASGS SAL polygon representative point (approximate)
Dookie College,3647,-36.393978,145.699822,VIC,20778,ASGS SAL polygon representative point (approximate)
Doreen,3754,-37.596899,145.143097,VIC,20779,ASGS SAL polygon representative point (approximate)
Dorodong,3312,-37.311907,141.048131,VIC,20780,ASGS SAL polygon representative point (approximate)
Double Bridges,3893,-37.595251,147.885568,VIC,20781,ASGS SAL polygon representative point (approximate)
Douglas,3409,-37.040879,141.707375,VIC,20782,ASGS SAL polygon representative point (approximate)
Doveton,3177,-37.988482,145.238381,VIC,20783,ASGS SAL polygon representative point (approximate)
Dreeite,3249,-38.156283,143.504212,VIC,20784,ASGS SAL polygon representative point (approximate)
Dreeite South,3249,-38.199099,143.47929,VIC,20785,ASGS SAL polygon representative point (approximate)
Driffield,3840,-38.269269,146.30872,VIC,20786,ASGS SAL polygon representative point (approximate)
Drik Drik,3304,-38.011043,141.264491,VIC,20787,ASGS SAL polygon representative point (approximate)
Dromana,3936,-38.331918,145.010376,VIC,20788,ASGS SAL polygon representative point (approximate)
Dropmore,3660,-37.041182,145.43912,VIC,20789,ASGS SAL polygon representative point (approximate)
Drouin,3818,-38.1354,145.848755,VIC,20790,ASGS SAL polygon representative point (approximate)
Drouin East,3818,-38.11908,145.890803,VIC,20791,ASGS SAL polygon representative point (approximate)
Drouin South,3818,-38.190107,145.821428,VIC,20792,ASGS SAL polygon representative point (approximate)
Drouin West,3818,-38.081946,145.863885,VIC,20793,ASGS SAL polygon representative point (approximate)
Drumanure,3636,-36.169242,145.486902,VIC,20794,ASGS SAL polygon representative point (approximate)
Drumborg,3304,-38.098023,141.493893,VIC,20795,ASGS SAL polygon representative point (approximate)
Drumcondra,3215,-38.13017,144.354035,VIC,20796,ASGS SAL polygon representative point (approximate)
Drummartin,3570,-36.435883,144.407576,VIC,20797,ASGS SAL polygon representative point (approximate)
Drummond,3461,-37.240424,144.304677,VIC,20798,ASGS SAL polygon representative point (approximate)
Drummond North,3446,-37.192935,144.31109,VIC,20799,ASGS SAL polygon representative point (approximate)
Drung,3401,-36.765581,142.328361,VIC,20800,ASGS SAL polygon representative point (approximate)
Dry Diggings,3461,-37.296807,144.158808,VIC,20801,ASGS SAL polygon representative point (approximate)
Drysdale,3222,-38.174061,144.601362,VIC,20802,ASGS SAL polygon representative point (approximate)
Duchembegarra,3409,-36.621113,141.895259,VIC,20803,ASGS SAL polygon representative point (approximate)
Dumbalk,3956,-38.526432,146.103881,VIC,20804,ASGS SAL polygon representative point (approximate)
Dumbalk North,3956,-38.512268,146.17795,VIC,20805,ASGS SAL polygon representative point (approximate)
Dumosa,3527,-35.942318,143.183193,VIC,20806,ASGS SAL polygon representative point (approximate)
Dunach,3371,-37.222043,143.731173,VIC,20807,ASGS SAL polygon representative point (approximate)
Dundonnell,3271,-37.887543,142.968669,VIC,20808,ASGS SAL polygon representative point (approximate)
Dunkeld,3294,-37.675496,142.360323,VIC,20809,ASGS SAL polygon representative point (approximate)
Dunluce,3472,-36.880851,143.588988,VIC,20810,ASGS SAL polygon representative point (approximate)
Dunneworthy,3377,-37.205867,143.050833,VIC,20811,ASGS SAL polygon representative point (approximate)
Dunnstown,3352,-37.594052,143.972163,VIC,20812,ASGS SAL polygon representative point (approximate)
Dunolly,3472,-36.861446,143.720999,VIC,20813,ASGS SAL polygon representative point (approximate)
Dunrobin,3312,-37.519592,141.378488,VIC,20814,ASGS SAL polygon representative point (approximate)
Durdidwarrah,3342,-37.820793,144.186784,VIC,20815,ASGS SAL polygon representative point (approximate)
Durham Lead,3352,-37.700786,143.897458,VIC,20816,ASGS SAL polygon representative point (approximate)
Durham Ox,3576,-36.122266,143.914223,VIC,20817,ASGS SAL polygon representative point (approximate)
Dutson,3851,-38.17554,147.2395,VIC,20818,ASGS SAL polygon representative point (approximate)
Dutson Downs,3851,-38.205998,147.320237,VIC,20819,ASGS SAL polygon representative point (approximate)
Dutton Way,3305,-38.292143,141.631429,VIC,20820,ASGS SAL polygon representative point (approximate)
Duverney,3323,-38.03808,143.560161,VIC,20821,ASGS SAL polygon representative point (approximate)
Eagle Point,3878,-37.904277,147.680123,VIC,20822,ASGS SAL polygon representative point (approximate)
Eaglehawk,3556,-36.706329,144.265797,VIC,20823,ASGS SAL polygon representative point (approximate)
Eaglehawk North,3556,-36.688156,144.256683,VIC,20824,ASGS SAL polygon representative point (approximate)
Eaglemont,3084,-37.76361,145.063601,VIC,20825,ASGS SAL polygon representative point (approximate)
Earlston,3669,-36.531159,145.681639,VIC,20826,ASGS SAL polygon representative point (approximate)
East Bairnsdale,3875,-37.855005,147.676679,VIC,20827,ASGS SAL polygon representative point (approximate)
East Bendigo,3550,-36.741042,144.319394,VIC,20828,ASGS SAL polygon representative point (approximate)
East Geelong,3219,-38.155332,144.380129,VIC,20829,ASGS SAL polygon representative point (approximate)
East Melbourne,3002,-37.814419,144.982594,VIC,20830,ASGS SAL polygon representative point (approximate)
East Sale,3852,-38.104126,147.143365,VIC,20831,ASGS SAL polygon representative point (approximate)
East Wangaratta,3678,-36.363307,146.380883,VIC,20832,ASGS SAL polygon representative point (approximate)
East Warburton,3799,-37.704318,145.776755,VIC,20833,ASGS SAL polygon representative point (approximate)
Eastern View,3231,-38.450273,144.041842,VIC,20834,ASGS SAL polygon representative point (approximate)
Eastville,3463,-36.875417,143.948729,VIC,20835,ASGS SAL polygon representative point (approximate)
Eastwood,3875,-37.812807,147.634639,VIC,20836,ASGS SAL polygon representative point (approximate)
Ebden,3691,-36.16142,147.033907,VIC,20837,ASGS SAL polygon representative point (approximate)
Echuca,3564,-36.170327,144.758612,VIC,20838,ASGS SAL polygon representative point (approximate)
Echuca Village,3564,-36.140113,144.820577,VIC,20839,ASGS SAL polygon representative point (approximate)
Echuca West,3564,-36.175612,144.671369,VIC,20840,ASGS SAL polygon representative point (approximate)
Ecklin South,3265,-38.387534,142.899884,VIC,20841,ASGS SAL polygon representative point (approximate)
Eddington,3472,-36.904535,143.840686,VIC,20842,ASGS SAL polygon representative point (approximate)
Eden Park,3757,-37.495688,145.067136,VIC,20843,ASGS SAL polygon representative point (approximate)
Edenhope,3318,-37.066939,141.305076,VIC,20844,ASGS SAL polygon representative point (approximate)
Edgecombe,3444,-37.185131,144.463345,VIC,20845,ASGS SAL polygon representative point (approximate)
Edi,3678,-36.649932,146.408399,VIC,20846,ASGS SAL polygon representative point (approximate)
Edi Upper,3678,-36.751885,146.521641,VIC,20847,ASGS SAL polygon representative point (approximate)
Edithvale,3196,-38.03752,145.114927,VIC,20848,ASGS SAL polygon representative point (approximate)
Eganstown,3461,-37.355976,144.093729,VIC,20849,ASGS SAL polygon representative point (approximate)
Eildon,3713,-37.387967,145.998128,VIC,20850,ASGS SAL polygon representative point (approximate)
Elaine,3334,-37.76572,144.01312,VIC,20851,ASGS SAL polygon representative point (approximate)
Eldorado,3746,-36.32498,146.553864,VIC,20852,ASGS SAL polygon representative point (approximate)
Elevated Plains,3461,-37.294916,144.132941,VIC,20853,ASGS SAL polygon representative point (approximate)
Elingamite,3266,-38.373342,143.012725,VIC,20854,ASGS SAL polygon representative point (approximate)
Elingamite North,3266,-38.34624,142.983281,VIC,20855,ASGS SAL polygon representative point (approximate)
Elizabeth Island,3921,-38.415697,145.368749,VIC,20856,ASGS SAL polygon representative point (approximate)
Ellaswood,3875,-37.779337,147.56455,VIC,20857,ASGS SAL polygon representative point (approximate)
Ellerslie,3265,-38.128142,142.65384,VIC,20858,ASGS SAL polygon representative point (approximate)
Elliminyt,3250,-38.371086,143.58004,VIC,20859,ASGS SAL polygon representative point (approximate)
Ellinbank,3821,-38.252384,145.933783,VIC,20860,ASGS SAL polygon representative point (approximate)
Elmhurst,3469,-37.1753,143.258485,VIC,20861,ASGS SAL polygon representative point (approximate)
Elmore,3558,-36.466301,144.580745,VIC,20862,ASGS SAL polygon representative point (approximate)
Elphinstone,3448,-37.072134,144.357575,VIC,20863,ASGS SAL polygon representative point (approximate)
Elsternwick,3185,-37.885839,145.007014,VIC,20864,ASGS SAL polygon representative point (approximate)
Eltham,3095,-37.717415,145.159165,VIC,20865,ASGS SAL polygon representative point (approximate)
Eltham North,3095,-37.697863,145.141799,VIC,20866,ASGS SAL polygon representative point (approximate)
Elwood,3184,-37.880773,144.985503,VIC,20867,ASGS SAL polygon representative point (approximate)
Emerald,3782,-37.946079,145.436004,VIC,20868,ASGS SAL polygon representative point (approximate)
Emu,3475,-36.735974,143.44455,VIC,20869,ASGS SAL polygon representative point (approximate)
Emu Creek,3551,-36.845959,144.349587,VIC,20870,ASGS SAL polygon representative point (approximate)
Endeavour Hills,3802,-37.970087,145.256221,VIC,20871,ASGS SAL polygon representative point (approximate)
Enfield,3352,-37.749618,143.776544,VIC,20872,ASGS SAL polygon representative point (approximate)
Englefield,3407,-37.323671,141.81291,VIC,20873,ASGS SAL polygon representative point (approximate)
Enochs Point,3723,-37.418537,146.118626,VIC,20874,ASGS SAL polygon representative point (approximate)
Ensay,3895,-37.384793,147.839365,VIC,20875,ASGS SAL polygon representative point (approximate)
Ensay North,3895,-37.300649,147.857118,VIC,20876,ASGS SAL polygon representative point (approximate)
Eppalock,3551,-36.85248,144.460546,VIC,20877,ASGS SAL polygon representative point (approximate)
Epping,3076,-37.638938,145.009085,VIC,20878,ASGS SAL polygon representative point (approximate)
Epsom,3551,-36.702498,144.308668,VIC,20879,ASGS SAL polygon representative point (approximate)
Ercildoune,3352,-37.414969,143.589174,VIC,20880,ASGS SAL polygon representative point (approximate)
Erica,3825,-37.977307,146.380026,VIC,20881,ASGS SAL polygon representative point (approximate)
Errinundra,3889,-37.464856,148.750564,VIC,20882,ASGS SAL polygon representative point (approximate)
Eskdale,3701,-36.501464,147.227408,VIC,20883,ASGS SAL polygon representative point (approximate)
Esmond,3730,-36.06395,146.184453,VIC,20884,ASGS SAL polygon representative point (approximate)
Essendon,3040,-37.749795,144.910911,VIC,20885,ASGS SAL polygon representative point (approximate)
Essendon Fields,3041,-37.726894,144.900415,VIC,20886,ASGS SAL polygon representative point (approximate)
Essendon North,3041,-37.738458,144.901241,VIC,20887,ASGS SAL polygon representative point (approximate)
Essendon West,3040,-37.754082,144.885162,VIC,20888,ASGS SAL polygon representative point (approximate)
Eumemmerring,3177,-37.998254,145.246844,VIC,20889,ASGS SAL polygon representative point (approximate)
Eurack,3251,-38.153155,143.729874,VIC,20890,ASGS SAL polygon representative point (approximate)
Eureka,3350,-37.564692,143.882559,VIC,20891,ASGS SAL polygon representative point (approximate)
Euroa,3666,-36.768632,145.56185,VIC,20892,ASGS SAL polygon representative point (approximate)
Eurobin,3739,-36.6388,146.846654,VIC,20893,ASGS SAL polygon representative point (approximate)
Evansford,3371,-37.266003,143.649887,VIC,20894,ASGS SAL polygon representative point (approximate)
Eversley,3377,-37.203602,143.177836,VIC,20895,ASGS SAL polygon representative point (approximate)
Everton,3678,-36.438954,146.554054,VIC,20896,ASGS SAL polygon representative point (approximate)
Everton Upper,3678,-36.383915,146.568096,VIC,20897,ASGS SAL polygon representative point (approximate)
Exford,3338,-37.731074,144.542645,VIC,20898,ASGS SAL polygon representative point (approximate)
Eynesbury,3338,-37.788324,144.542871,VIC,20899,ASGS SAL polygon representative point (approximate)
Fairbank,3951,-38.404338,145.931782,VIC,20900,ASGS SAL polygon representative point (approximate)
Fairfield,3078,-37.784501,145.015819,VIC,20901,ASGS SAL polygon representative point (approximate)
Fairhaven,3231,-38.454973,144.081902,VIC,20902,ASGS SAL polygon representative point (approximate)
Fairley,3579,-35.683191,143.813162,VIC,20903,ASGS SAL polygon representative point (approximate)
Fairy Dell (Campaspe - Vic.),3561,-36.324023,144.73243,VIC,20904,ASGS SAL polygon representative point (approximate)
Fairy Dell (East Gippsland - Vic.),3875,-37.68873,147.757364,VIC,20905,ASGS SAL polygon representative point (approximate)
Falls Creek,3699,-36.873124,147.2367,VIC,20906,ASGS SAL polygon representative point (approximate)
Faraday,3451,-37.046662,144.301092,VIC,20907,ASGS SAL polygon representative point (approximate)
Fawcett,3714,-37.097467,145.718237,VIC,20908,ASGS SAL polygon representative point (approximate)
Fawkner,3060,-37.704824,144.969394,VIC,20909,ASGS SAL polygon representative point (approximate)
Fentons Creek,3518,-36.556152,143.531078,VIC,20910,ASGS SAL polygon representative point (approximate)
Ferguson,3237,-38.624637,143.515415,VIC,20911,ASGS SAL polygon representative point (approximate)
Fern Hill,3458,-37.367627,144.410109,VIC,20912,ASGS SAL polygon representative point (approximate)
Fernbank,3864,-37.861686,147.321725,VIC,20913,ASGS SAL polygon representative point (approximate)
Ferndale,3821,-38.307273,145.940622,VIC,20914,ASGS SAL polygon representative point (approximate)
Fernihurst,3518,-36.228097,143.863518,VIC,20915,ASGS SAL polygon representative point (approximate)
Fernshaw,3778,-37.616102,145.638359,VIC,20916,ASGS SAL polygon representative point (approximate)
Ferntree Gully,3156,-37.884401,145.280421,VIC,20917,ASGS SAL polygon representative point (approximate)
Ferny Creek,3786,-37.876703,145.335357,VIC,20918,ASGS SAL polygon representative point (approximate)
Fiery Flat,3518,-36.411377,143.810562,VIC,20919,ASGS SAL polygon representative point (approximate)
Fingal,3939,-38.416476,144.854656,VIC,20920,ASGS SAL polygon representative point (approximate)
Fish Creek,3959,-38.727417,146.07367,VIC,20921,ASGS SAL polygon representative point (approximate)
Fish Point,3585,-35.451562,143.730561,VIC,20922,ASGS SAL polygon representative point (approximate)
Fiskville,3342,-37.680347,144.231902,VIC,20923,ASGS SAL polygon representative point (approximate)
Fitzroy,3065,-37.800872,144.979156,VIC,20924,ASGS SAL polygon representative point (approximate)
Fitzroy North,3068,-37.783955,144.98436,VIC,20925,ASGS SAL polygon representative point (approximate)
Flaggy Creek,3875,-37.753453,147.480235,VIC,20926,ASGS SAL polygon representative point (approximate)
Flagstaff,3465,-37.047267,143.775804,VIC,20927,ASGS SAL polygon representative point (approximate)
Flamingo Beach,3851,-38.270199,147.313372,VIC,20928,ASGS SAL polygon representative point (approximate)
Flemington,3031,-37.78675,144.919329,VIC,20929,ASGS SAL polygon representative point (approximate)
Flinders,3929,-38.458342,144.978282,VIC,20930,ASGS SAL polygon representative point (approximate)
Flora Hill,3550,-36.781218,144.295624,VIC,20931,ASGS SAL polygon representative point (approximate)
Flowerdale,3717,-37.331823,145.302477,VIC,20932,ASGS SAL polygon representative point (approximate)
Flynn,3844,-38.196419,146.675968,VIC,20933,ASGS SAL polygon representative point (approximate)
Flynns Creek,3844,-38.250628,146.628631,VIC,20934,ASGS SAL polygon representative point (approximate)
Footscray,3011,-37.798172,144.897092,VIC,20935,ASGS SAL polygon representative point (approximate)
Forbes,3764,-37.313514,144.890367,VIC,20936,ASGS SAL polygon representative point (approximate)
Forest Hill,3131,-37.839857,145.171054,VIC,20937,ASGS SAL polygon representative point (approximate)
Forge Creek,3875,-37.930163,147.632451,VIC,20938,ASGS SAL polygon representative point (approximate)
Forrest,3236,-38.510059,143.699578,VIC,20939,ASGS SAL polygon representative point (approximate)
Foster,3960,-38.67341,146.200391,VIC,20940,ASGS SAL polygon representative point (approximate)
Foster North,3960,-38.606043,146.163439,VIC,20941,ASGS SAL polygon representative point (approximate)
Fosterville,3557,-36.696842,144.479284,VIC,20942,ASGS SAL polygon representative point (approximate)
Foxhow,3323,-38.053693,143.477464,VIC,20943,ASGS SAL polygon representative point (approximate)
Framlingham,3265,-38.260314,142.69398,VIC,20944,ASGS SAL polygon representative point (approximate)
Framlingham East,3265,-38.200633,142.712144,VIC,20945,ASGS SAL polygon representative point (approximate)
Franklinford,3461,-37.24205,144.096231,VIC,20946,ASGS SAL polygon representative point (approximate)
Frankston,3199,-38.148144,145.145688,VIC,20947,ASGS SAL polygon representative point (approximate)
Frankston North,3200,-38.123911,145.163865,VIC,20948,ASGS SAL polygon representative point (approximate)
Frankston South,3199,-38.176436,145.129471,VIC,20949,ASGS SAL polygon representative point (approximate)
Fraser Rise,3336,-37.688738,144.716805,VIC,20950,ASGS SAL polygon representative point (approximate)
Freeburgh,3741,-36.77124,147.059333,VIC,20951,ASGS SAL polygon representative point (approximate)
French Island,3921,-38.349924,145.3649,VIC,20952,ASGS SAL polygon representative point (approximate)
Frenchmans,3384,-37.005616,143.204986,VIC,20953,ASGS SAL polygon representative point (approximate)
Freshwater Creek,3217,-38.270292,144.249613,VIC,20954,ASGS SAL polygon representative point (approximate)
Fryerstown,3451,-37.139338,144.264631,VIC,20955,ASGS SAL polygon representative point (approximate)
Fulham,3851,-38.081407,146.970126,VIC,20956,ASGS SAL polygon representative point (approximate)
Fumina,3825,-37.910334,146.089395,VIC,20957,ASGS SAL polygon representative point (approximate)
Fumina South,3825,-37.959587,146.12134,VIC,20958,ASGS SAL polygon representative point (approximate)
Fyans Creek,3381,-37.093803,142.576612,VIC,20959,ASGS SAL polygon representative point (approximate)
Fyansford,3218,-38.124603,144.292705,VIC,20960,ASGS SAL polygon representative point (approximate)
Gaffneys Creek,3723,-37.49133,146.279641,VIC,20961,ASGS SAL polygon representative point (approximate)
Gainsborough,3822,-38.227358,145.97601,VIC,20962,ASGS SAL polygon representative point (approximate)
Gannawarra,3568,-35.717488,144.140267,VIC,20963,ASGS SAL polygon representative point (approximate)
Gapsted,3737,-36.503511,146.699116,VIC,20964,ASGS SAL polygon representative point (approximate)
Gardenvale,3185,-37.898113,145.009133,VIC,20965,ASGS SAL polygon representative point (approximate)
Garfield,3814,-38.100355,145.669788,VIC,20966,ASGS SAL polygon representative point (approximate)
Garfield North,3814,-38.040424,145.679182,VIC,20967,ASGS SAL polygon representative point (approximate)
Garibaldi,3352,-37.73152,143.858516,VIC,20968,ASGS SAL polygon representative point (approximate)
Garvoc,3265,-38.290494,142.801227,VIC,20969,ASGS SAL polygon representative point (approximate)
Gateway Island,3691,-36.094423,146.896685,VIC,20970,ASGS SAL polygon representative point (approximate)
Gatum,3407,-37.382004,141.953647,VIC,20971,ASGS SAL polygon representative point (approximate)
Gazette,3289,-37.912707,142.154665,VIC,20972,ASGS SAL polygon representative point (approximate)
Geelong,3220,-38.149946,144.36177,VIC,20973,ASGS SAL polygon representative point (approximate)
Geelong West,3218,-38.139357,144.344936,VIC,20974,ASGS SAL polygon representative point (approximate)
Gelantipy,3885,-37.192701,148.239027,VIC,20975,ASGS SAL polygon representative point (approximate)
Gellibrand,3239,-38.534775,143.564703,VIC,20976,ASGS SAL polygon representative point (approximate)
Gellibrand Lower,3237,-38.712826,143.227165,VIC,20977,ASGS SAL polygon representative point (approximate)
Gelliondale,3971,-38.625821,146.603873,VIC,20978,ASGS SAL polygon representative point (approximate)
Gembrook,3783,-37.944958,145.638805,VIC,20979,ASGS SAL polygon representative point (approximate)
Genoa,3891,-37.482383,149.543768,VIC,20980,ASGS SAL polygon representative point (approximate)
Gentle Annie,3833,-37.938405,145.836627,VIC,20981,ASGS SAL polygon representative point (approximate)
Georges Creek,3700,-36.150872,147.258241,VIC,20982,ASGS SAL polygon representative point (approximate)
Gerahmin,3546,-35.172576,142.799595,VIC,20983,ASGS SAL polygon representative point (approximate)
Gerang Gerung,3418,-36.381784,141.878373,VIC,20984,ASGS SAL polygon representative point (approximate)
Gerangamete,3249,-38.45295,143.694775,VIC,20985,ASGS SAL polygon representative point (approximate)
Germania,3387,-36.976629,142.758466,VIC,20986,ASGS SAL polygon representative point (approximate)
Germantown,3741,-36.737999,147.07655,VIC,20987,ASGS SAL polygon representative point (approximate)
Gerrigerrup,3289,-37.991917,142.198094,VIC,20988,ASGS SAL polygon representative point (approximate)
Gherang,3240,-38.311283,144.103387,VIC,20989,ASGS SAL polygon representative point (approximate)
Gheringhap,3331,-38.078372,144.227699,VIC,20990,ASGS SAL polygon representative point (approximate)
Ghin Ghin,3717,-37.142526,145.352683,VIC,20991,ASGS SAL polygon representative point (approximate)
Giffard,3851,-38.384141,147.099659,VIC,20992,ASGS SAL polygon representative point (approximate)
Giffard West,3851,-38.378878,147.000093,VIC,20993,ASGS SAL polygon representative point (approximate)
Gil Gil,3480,-36.321647,143.040926,VIC,20994,ASGS SAL polygon representative point (approximate)
Gilderoy,3797,-37.863408,145.714101,VIC,20995,ASGS SAL polygon representative point (approximate)
Gillieston,3616,-36.334259,145.207407,VIC,20996,ASGS SAL polygon representative point (approximate)
Gillum,3858,-37.753537,146.735304,VIC,20997,ASGS SAL polygon representative point (approximate)
Gipsy Point,3891,-37.486553,149.690607,VIC,20998,ASGS SAL polygon representative point (approximate)
Girgarre,3624,-36.399847,144.949643,VIC,20999,ASGS SAL polygon representative point (approximate)
Girgarre East,3616,-36.457057,145.065261,VIC,21000,ASGS SAL polygon representative point (approximate)
Gisborne,3437,-37.511219,144.568951,VIC,21001,ASGS SAL polygon representative point (approximate)
Gisborne South,3437,-37.548788,144.624327,VIC,21002,ASGS SAL polygon representative point (approximate)
Gladfield,3575,-36.058698,143.954689,VIC,21003,ASGS SAL polygon representative point (approximate)
Gladstone Park,3043,-37.689824,144.894513,VIC,21004,ASGS SAL polygon representative point (approximate)
Gladysdale,3797,-37.839036,145.642458,VIC,21005,ASGS SAL polygon representative point (approximate)
Glen Alvie,3979,-38.503445,145.653077,VIC,21006,ASGS SAL polygon representative point (approximate)
Glen Creek,3691,-36.433222,146.947864,VIC,21007,ASGS SAL polygon representative point (approximate)
Glen Forbes,3990,-38.451038,145.526213,VIC,21008,ASGS SAL polygon representative point (approximate)
Glen Huntly,3163,-37.892358,145.04136,VIC,21009,ASGS SAL polygon representative point (approximate)
Glen Iris,3146,-37.855789,145.065082,VIC,21010,ASGS SAL polygon representative point (approximate)
Glen Park,3352,-37.5068,143.921941,VIC,21011,ASGS SAL polygon representative point (approximate)
Glen Valley,3898,-36.909651,147.521287,VIC,21012,ASGS SAL polygon representative point (approximate)
Glen Waverley,3150,-37.881592,145.168183,VIC,21013,ASGS SAL polygon representative point (approximate)
Glen Wills,3898,-36.833853,147.476764,VIC,21014,ASGS SAL polygon representative point (approximate)
Glenaire,3238,-38.742138,143.492119,VIC,21015,ASGS SAL polygon representative point (approximate)
Glenaladale,3864,-37.750067,147.302608,VIC,21016,ASGS SAL polygon representative point (approximate)
Glenalbyn,3517,-36.487822,143.72358,VIC,21017,ASGS SAL polygon representative point (approximate)
Glenaroua,3764,-37.116318,144.9559,VIC,21018,ASGS SAL polygon representative point (approximate)
Glenbrae,3352,-37.348141,143.557014,VIC,21019,ASGS SAL polygon representative point (approximate)
Glenburn,3717,-37.40408,145.428526,VIC,21020,ASGS SAL polygon representative point (approximate)
Glendaruel,3363,-37.346797,143.730912,VIC,21021,ASGS SAL polygon representative point (approximate)
Glendonald,3364,-37.360416,143.844395,VIC,21022,ASGS SAL polygon representative point (approximate)
Glenfalloch,3858,-37.693707,146.629663,VIC,21023,ASGS SAL polygon representative point (approximate)
Glenfyne,3266,-38.408726,143.007478,VIC,21024,ASGS SAL polygon representative point (approximate)
Glengarry,3854,-38.127631,146.635168,VIC,21025,ASGS SAL polygon representative point (approximate)
Glengarry North,3854,-38.084835,146.555518,VIC,21026,ASGS SAL polygon representative point (approximate)
Glengarry West,3854,-38.119057,146.511752,VIC,21027,ASGS SAL polygon representative point (approximate)
Glengower,3370,-37.214748,143.872551,VIC,21028,ASGS SAL polygon representative point (approximate)
Glenhope,3444,-37.074321,144.612362,VIC,21029,ASGS SAL polygon representative point (approximate)
Glenhope East,3522,-37.073479,144.701117,VIC,21030,ASGS SAL polygon representative point (approximate)
Glenisla,3314,-37.246224,142.223979,VIC,21031,ASGS SAL polygon representative point (approximate)
Glenlee,3418,-36.233334,141.832532,VIC,21032,ASGS SAL polygon representative point (approximate)
Glenlofty,3469,-37.125047,143.2032,VIC,21033,ASGS SAL polygon representative point (approximate)
Glenlogie,3469,-37.238995,143.294654,VIC,21034,ASGS SAL polygon representative point (approximate)
Glenloth,3527,-36.132485,143.340311,VIC,21035,ASGS SAL polygon representative point (approximate)
Glenloth East,3527,-36.054127,143.467834,VIC,21036,ASGS SAL polygon representative point (approximate)
Glenluce,3451,-37.182944,144.232188,VIC,21037,ASGS SAL polygon representative point (approximate)
Glenlyon,3461,-37.266523,144.24293,VIC,21038,ASGS SAL polygon representative point (approximate)
Glenmaggie,3858,-37.814067,146.668392,VIC,21039,ASGS SAL polygon representative point (approximate)
Glenmore,3340,-37.71541,144.298203,VIC,21040,ASGS SAL polygon representative point (approximate)
Glenorchy,3385,-36.90786,142.645233,VIC,21041,ASGS SAL polygon representative point (approximate)
Glenormiston North,3265,-38.151196,142.994272,VIC,21042,ASGS SAL polygon representative point (approximate)
Glenormiston South,3265,-38.164404,142.967158,VIC,21043,ASGS SAL polygon representative point (approximate)
Glenpatrick,3469,-37.146186,143.331482,VIC,21044,ASGS SAL polygon representative point (approximate)
Glenrowan,3675,-36.460583,146.219444,VIC,21045,ASGS SAL polygon representative point (approximate)
Glenrowan West,3675,-36.513568,146.164913,VIC,21046,ASGS SAL polygon representative point (approximate)
Glenroy,3046,-37.70263,144.926707,VIC,21047,ASGS SAL polygon representative point (approximate)
Glenthompson,3293,-37.698049,142.5236,VIC,21048,ASGS SAL polygon representative point (approximate)
Glomar Beach,3851,-38.298645,147.279032,VIC,21049,ASGS SAL polygon representative point (approximate)
Gnarwarre,3221,-38.1564,144.142591,VIC,21050,ASGS SAL polygon representative point (approximate)
Gnotuk,3260,-38.201222,143.080049,VIC,21051,ASGS SAL polygon representative point (approximate)
Gobarup,3559,-36.677683,144.871271,VIC,21052,ASGS SAL polygon representative point (approximate)
Gobur,3719,-37.014785,145.619161,VIC,21053,ASGS SAL polygon representative point (approximate)
Golden Beach,3851,-38.22959,147.36275,VIC,21054,ASGS SAL polygon representative point (approximate)
Golden Gully,3555,-36.791875,144.265751,VIC,21055,ASGS SAL polygon representative point (approximate)
Golden Point (Ballarat - Vic.),3350,-37.573474,143.865038,VIC,21056,ASGS SAL polygon representative point (approximate)
Golden Point (Mount Alexander - Vic.),3451,-37.063388,144.274459,VIC,21057,ASGS SAL polygon representative point (approximate)
Golden Square,3555,-36.773827,144.252769,VIC,21058,ASGS SAL polygon representative point (approximate)
Goldie,3435,-37.256077,144.803068,VIC,21059,ASGS SAL polygon representative point (approximate)
Goldsborough,3472,-36.820116,143.655525,VIC,21060,ASGS SAL polygon representative point (approximate)
Gong Gong,3352,-37.548957,143.937311,VIC,21061,ASGS SAL polygon representative point (approximate)
Gonn Crossing,3579,-35.510939,143.927494,VIC,21062,ASGS SAL polygon representative point (approximate)
Goomalibee,3673,-36.488605,145.875193,VIC,21063,ASGS SAL polygon representative point (approximate)
Goon Nure,3875,-37.983138,147.546729,VIC,21064,ASGS SAL polygon representative point (approximate)
Goongerah,3888,-37.34668,148.701233,VIC,21065,ASGS SAL polygon representative point (approximate)
Gooram,3666,-36.898324,145.604483,VIC,21066,ASGS SAL polygon representative point (approximate)
Gooramadda,3685,-35.997093,146.570511,VIC,21067,ASGS SAL polygon representative point (approximate)
Goorambat,3725,-36.414397,145.951218,VIC,21068,ASGS SAL polygon representative point (approximate)
Goornong,3557,-36.614962,144.498501,VIC,21069,ASGS SAL polygon representative point (approximate)
Gooroc,3477,-36.467418,143.20755,VIC,21070,ASGS SAL polygon representative point (approximate)
Gorae,3305,-38.236762,141.551787,VIC,21071,ASGS SAL polygon representative point (approximate)
Gorae West,3305,-38.248681,141.474189,VIC,21072,ASGS SAL polygon representative point (approximate)
Gordon,3345,-37.566543,144.112252,VIC,21073,ASGS SAL polygon representative point (approximate)
Gormandale,3873,-38.302562,146.692882,VIC,21074,ASGS SAL polygon representative point (approximate)
Goroke,3412,-36.671355,141.489013,VIC,21075,ASGS SAL polygon representative point (approximate)
Goschen,3585,-35.490744,143.443377,VIC,21076,ASGS SAL polygon representative point (approximate)
Goughs Bay,3723,-37.148532,146.063698,VIC,21077,ASGS SAL polygon representative point (approximate)
Goulburn Weir,3608,-36.715438,145.174639,VIC,21078,ASGS SAL polygon representative point (approximate)
Gowanbrae,3043,-37.704097,144.896749,VIC,21079,ASGS SAL polygon representative point (approximate)
Gowanford,3544,-35.413236,143.190732,VIC,21080,ASGS SAL polygon representative point (approximate)
Gowangardie,3669,-36.471638,145.69779,VIC,21081,ASGS SAL polygon representative point (approximate)
Gowar East,3477,-36.541552,143.38676,VIC,21082,ASGS SAL polygon representative point (approximate)
Gower,3463,-37.030524,144.099345,VIC,21083,ASGS SAL polygon representative point (approximate)
Grahamvale,3631,-36.348352,145.436203,VIC,21084,ASGS SAL polygon representative point (approximate)
Grampians,3314,-37.346274,142.328469,VIC,21085,ASGS SAL polygon representative point (approximate)
Grand Ridge,3870,-38.480681,146.39191,VIC,21086,ASGS SAL polygon representative point (approximate)
Grangefields,3335,-37.700282,144.636446,VIC,21087,ASGS SAL polygon representative point (approximate)
Granite Rock,3875,-37.75695,147.671947,VIC,21088,ASGS SAL polygon representative point (approximate)
Grantville,3984,-38.418508,145.544545,VIC,21089,ASGS SAL polygon representative point (approximate)
Granya,3701,-36.09638,147.30627,VIC,21090,ASGS SAL polygon representative point (approximate)
Grassdale,3302,-37.825301,141.645786,VIC,21091,ASGS SAL polygon representative point (approximate)
Grassmere,3281,-38.2479,142.546657,VIC,21092,ASGS SAL polygon representative point (approximate)
Grays Bridge,3477,-36.619763,142.896483,VIC,21093,ASGS SAL polygon representative point (approximate)
Graytown,3608,-36.826547,144.941887,VIC,21094,ASGS SAL polygon representative point (approximate)
Gre Gre,3477,-36.67425,143.087546,VIC,21095,ASGS SAL polygon representative point (approximate)
Gre Gre North,3477,-36.604397,143.065715,VIC,21096,ASGS SAL polygon representative point (approximate)
Gre Gre South,3477,-36.67863,143.017205,VIC,21097,ASGS SAL polygon representative point (approximate)
Great Western,3374,-37.166676,142.881842,VIC,21098,ASGS SAL polygon representative point (approximate)
Gredgwin,3537,-35.960125,143.616584,VIC,21099,ASGS SAL polygon representative point (approximate)
Green Gully,3462,-37.117002,144.098085,VIC,21100,ASGS SAL polygon representative point (approximate)
Greendale,3341,-37.540349,144.322236,VIC,21101,ASGS SAL polygon representative point (approximate)
Greenhill,3444,-37.172081,144.443946,VIC,21102,ASGS SAL polygon representative point (approximate)
Greens Creek,3387,-36.932438,142.944502,VIC,21103,ASGS SAL polygon representative point (approximate)
Greensborough,3088,-37.698742,145.107137,VIC,21104,ASGS SAL polygon representative point (approximate)
Greenvale,3059,-37.636621,144.879839,VIC,21105,ASGS SAL polygon representative point (approximate)
Greenwald,3304,-37.998364,141.398671,VIC,21106,ASGS SAL polygon representative point (approximate)
Grenville,3352,-37.757797,143.895102,VIC,21107,ASGS SAL polygon representative point (approximate)
Greta,3675,-36.539947,146.288642,VIC,21108,ASGS SAL polygon representative point (approximate)
Greta South,3675,-36.651645,146.251535,VIC,21109,ASGS SAL polygon representative point (approximate)
Greta West,3675,-36.537843,146.229128,VIC,21110,ASGS SAL polygon representative point (approximate)
Grey River,3234,-38.685175,143.821443,VIC,21111,ASGS SAL polygon representative point (approximate)
Gringegalgona,3315,-37.409838,141.810569,VIC,21112,ASGS SAL polygon representative point (approximate)
Gritjurk,3315,-37.566763,141.797861,VIC,21113,ASGS SAL polygon representative point (approximate)
Grovedale,3216,-38.202796,144.331871,VIC,21114,ASGS SAL polygon representative point (approximate)
Gruyere,3770,-37.730106,145.465494,VIC,21115,ASGS SAL polygon representative point (approximate)
Guildford,3451,-37.188134,144.165537,VIC,21116,ASGS SAL polygon representative point (approximate)
Gunbower,3566,-35.949414,144.354935,VIC,21117,ASGS SAL polygon representative point (approximate)
Gundowring,3691,-36.377424,147.072473,VIC,21118,ASGS SAL polygon representative point (approximate)
Gunyah,3960,-38.540227,146.29154,VIC,21119,ASGS SAL polygon representative point (approximate)
Guys Forest,3709,-36.091976,147.681779,VIC,21120,ASGS SAL polygon representative point (approximate)
Guys Hill,3807,-38.014781,145.390523,VIC,21121,ASGS SAL polygon representative point (approximate)
Gymbowen,3401,-36.750926,141.620955,VIC,21122,ASGS SAL polygon representative point (approximate)
Haddon,3351,-37.589166,143.695912,VIC,21123,ASGS SAL polygon representative point (approximate)
Hadfield,3046,-37.710223,144.950417,VIC,21124,ASGS SAL polygon representative point (approximate)
Hallam,3803,-38.007228,145.268441,VIC,21125,ASGS SAL polygon representative point (approximate)
Hallora,3818,-38.25809,145.83964,VIC,21126,ASGS SAL polygon representative point (approximate)
Halls Gap,3381,-37.125557,142.528713,VIC,21127,ASGS SAL polygon representative point (approximate)
Hallston,3953,-38.363673,146.036648,VIC,21128,ASGS SAL polygon representative point (approximate)
Hamilton,3300,-37.745828,142.017619,VIC,21129,ASGS SAL polygon representative point (approximate)
Hamlyn Heights,3215,-38.121838,144.327559,VIC,21130,ASGS SAL polygon representative point (approximate)
Hampton,3188,-37.937781,145.009173,VIC,21131,ASGS SAL polygon representative point (approximate)
Hampton East,3188,-37.938802,145.03056,VIC,21132,ASGS SAL polygon representative point (approximate)
Hampton Park,3976,-38.038596,145.268604,VIC,21133,ASGS SAL polygon representative point (approximate)
Hansonville,3675,-36.610809,146.292077,VIC,21134,ASGS SAL polygon representative point (approximate)
Happy Valley (Golden Plains - Vic.),3360,-37.727559,143.595533,VIC,21135,ASGS SAL polygon representative point (approximate)
Happy Valley (Swan Hill - Vic.),3549,-34.701675,142.713748,VIC,21136,ASGS SAL polygon representative point (approximate)
Harcourt,3453,-36.993454,144.258346,VIC,21137,ASGS SAL polygon representative point (approximate)
Harcourt North,3453,-36.951062,144.276167,VIC,21138,ASGS SAL polygon representative point (approximate)
Harkaway,3806,-37.994373,145.360143,VIC,21139,ASGS SAL polygon representative point (approximate)
Harkness,3337,-37.654519,144.546336,VIC,21140,ASGS SAL polygon representative point (approximate)
Harmers Haven,3995,-38.656863,145.577895,VIC,21141,ASGS SAL polygon representative point (approximate)
Harrietville,3741,-36.900811,147.046444,VIC,21142,ASGS SAL polygon representative point (approximate)
Harrow,3317,-37.144394,141.601611,VIC,21143,ASGS SAL polygon representative point (approximate)
Harston,3616,-36.466586,145.118281,VIC,21144,ASGS SAL polygon representative point (approximate)
Hastings,3915,-38.296778,145.184135,VIC,21145,ASGS SAL polygon representative point (approximate)
Hattah,3501,-34.719957,142.331396,VIC,21146,ASGS SAL polygon representative point (approximate)
Havelock,3465,-36.967395,143.785176,VIC,21147,ASGS SAL polygon representative point (approximate)
Haven,3401,-36.760704,142.194268,VIC,21148,ASGS SAL polygon representative point (approximate)
Havilah,3737,-36.622239,146.9081,VIC,21149,ASGS SAL polygon representative point (approximate)
Hawkesdale,3287,-38.087085,142.286583,VIC,21150,ASGS SAL polygon representative point (approximate)
Hawkhurst,3862,-37.444866,147.169473,VIC,21151,ASGS SAL polygon representative point (approximate)
Hawthorn,3122,-37.824755,145.032012,VIC,21152,ASGS SAL polygon representative point (approximate)
Hawthorn East,3123,-37.830982,145.050027,VIC,21153,ASGS SAL polygon representative point (approximate)
Hazel Park,3966,-38.634276,146.38431,VIC,21154,ASGS SAL polygon representative point (approximate)
Hazelwood,3840,-38.288564,146.374879,VIC,21155,ASGS SAL polygon representative point (approximate)
Hazelwood North,3840,-38.270488,146.478698,VIC,21156,ASGS SAL polygon representative point (approximate)
Hazelwood South,3840,-38.316971,146.462547,VIC,21157,ASGS SAL polygon representative point (approximate)
Healesville,3777,-37.659954,145.55029,VIC,21158,ASGS SAL polygon representative point (approximate)
Heath Hill,3981,-38.243451,145.710167,VIC,21159,ASGS SAL polygon representative point (approximate)
Heathcote,3523,-36.915345,144.722489,VIC,21160,ASGS SAL polygon representative point (approximate)
Heathcote Junction,3758,-37.382205,145.042751,VIC,21161,ASGS SAL polygon representative point (approximate)
Heathcote South,3523,-37.011203,144.71113,VIC,21162,ASGS SAL polygon representative point (approximate)
Heatherton,3202,-37.956053,145.0932,VIC,21163,ASGS SAL polygon representative point (approximate)
Heathmere,3305,-38.212889,141.625264,VIC,21164,ASGS SAL polygon representative point (approximate)
Heathmont,3135,-37.830794,145.244036,VIC,21165,ASGS SAL polygon representative point (approximate)
Hedley,3967,-38.654961,146.542315,VIC,21166,ASGS SAL polygon representative point (approximate)
Heidelberg,3084,-37.752505,145.06993,VIC,21167,ASGS SAL polygon representative point (approximate)
Heidelberg Heights,3081,-37.743264,145.053491,VIC,21168,ASGS SAL polygon representative point (approximate)
Heidelberg West,3081,-37.738128,145.043606,VIC,21169,ASGS SAL polygon representative point (approximate)
Hensley Park,3301,-37.624505,142.056904,VIC,21170,ASGS SAL polygon representative point (approximate)
Henty,3312,-37.659002,141.526692,VIC,21171,ASGS SAL polygon representative point (approximate)
Hepburn,3461,-37.314129,144.127625,VIC,21172,ASGS SAL polygon representative point (approximate)
Hepburn Springs,3461,-37.319471,144.1398,VIC,21173,ASGS SAL polygon representative point (approximate)
Herne Hill,3218,-38.134254,144.324067,VIC,21174,ASGS SAL polygon representative point (approximate)
Hernes Oak,3825,-38.221683,146.313294,VIC,21175,ASGS SAL polygon representative point (approximate)
Hesket,3442,-37.351617,144.630999,VIC,21176,ASGS SAL polygon representative point (approximate)
Hesse,3321,-38.082217,143.883474,VIC,21177,ASGS SAL polygon representative point (approximate)
Hexham,3273,-37.983112,142.67938,VIC,21178,ASGS SAL polygon representative point (approximate)
Heyfield,3858,-37.978055,146.774912,VIC,21179,ASGS SAL polygon representative point (approximate)
Heytesbury Lower,3268,-38.56731,142.903427,VIC,21180,ASGS SAL polygon representative point (approximate)
Heywood,3304,-38.134394,141.64693,VIC,21181,ASGS SAL polygon representative point (approximate)
Hiamdale,3847,-38.264863,146.748872,VIC,21182,ASGS SAL polygon representative point (approximate)
Hiawatha,3971,-38.538144,146.443294,VIC,21183,ASGS SAL polygon representative point (approximate)
High Camp,3764,-37.193598,144.87226,VIC,21184,ASGS SAL polygon representative point (approximate)
Highett,3190,-37.95042,145.040424,VIC,21185,ASGS SAL polygon representative point (approximate)
Highlands,3660,-37.086582,145.419256,VIC,21186,ASGS SAL polygon representative point (approximate)
Highton,3216,-38.170233,144.311534,VIC,21187,ASGS SAL polygon representative point (approximate)
Hilgay,3315,-37.624367,141.631637,VIC,21188,ASGS SAL polygon representative point (approximate)
Hill End,3825,-38.012417,146.143906,VIC,21189,ASGS SAL polygon representative point (approximate)
Hillcrest,3351,-37.615947,143.634824,VIC,21190,ASGS SAL polygon representative point (approximate)
Hilldene,3660,-37.037045,145.046475,VIC,21191,ASGS SAL polygon representative point (approximate)
Hillside (East Gippsland - Vic.),3875,-37.840684,147.516069,VIC,21192,ASGS SAL polygon representative point (approximate)
Hillside (Melton - Vic.),3037,-37.690458,144.741728,VIC,21193,ASGS SAL polygon representative point (approximate)
Hinnomunjie,3898,-37.012504,147.653772,VIC,21194,ASGS SAL polygon representative point (approximate)
Hmas Cerberus,3920,-38.381058,145.198226,VIC,21195,ASGS SAL polygon representative point (approximate)
Hoddles Creek,3139,-37.850896,145.593932,VIC,21196,ASGS SAL polygon representative point (approximate)
Hollands Landing,3862,-38.05252,147.469518,VIC,21197,ASGS SAL polygon representative point (approximate)
Homebush,3465,-37.037518,143.532765,VIC,21198,ASGS SAL polygon representative point (approximate)
Homerton,3304,-38.13472,141.80946,VIC,21199,ASGS SAL polygon representative point (approximate)
Homewood,3717,-37.201473,145.311244,VIC,21200,ASGS SAL polygon representative point (approximate)
Hopetoun,3396,-35.708955,142.351999,VIC,21201,ASGS SAL polygon representative point (approximate)
Hopetoun Park,3340,-37.695018,144.501641,VIC,21202,ASGS SAL polygon representative point (approximate)
Hoppers Crossing,3029,-37.866669,144.695045,VIC,21203,ASGS SAL polygon representative point (approximate)
Hordern Vale,3238,-38.793621,143.493283,VIC,21204,ASGS SAL polygon representative point (approximate)
Horfield,3567,-35.890017,144.214754,VIC,21205,ASGS SAL polygon representative point (approximate)
Horsham,3400,-36.718911,142.196235,VIC,21206,ASGS SAL polygon representative point (approximate)
Hotham Heights,3741,-37.012011,147.158392,VIC,21207,ASGS SAL polygon representative point (approximate)
Hotspur,3303,-37.942789,141.559311,VIC,21208,ASGS SAL polygon representative point (approximate)
Howes Creek,3723,-37.142297,146.005025,VIC,21209,ASGS SAL polygon representative point (approximate)
Howitt Plains,3858,-37.206039,146.685496,VIC,21210,ASGS SAL polygon representative point (approximate)
Howqua,3723,-37.24267,146.193443,VIC,21211,ASGS SAL polygon representative point (approximate)
Howqua Hills,3723,-37.185015,146.297526,VIC,21212,ASGS SAL polygon representative point (approximate)
Howqua Inlet,3723,-37.231151,146.135133,VIC,21213,ASGS SAL polygon representative point (approximate)
Hughesdale,3166,-37.899467,145.081141,VIC,21214,ASGS SAL polygon representative point (approximate)
Humevale,3757,-37.501938,145.185585,VIC,21215,ASGS SAL polygon representative point (approximate)
Hunter,3558,-36.431198,144.513936,VIC,21216,ASGS SAL polygon representative point (approximate)
Hunterston,3971,-38.612983,146.807356,VIC,21217,ASGS SAL polygon representative point (approximate)
Huntingdale,3166,-37.907644,145.108479,VIC,21218,ASGS SAL polygon representative point (approximate)
Huntly,3551,-36.65728,144.322902,VIC,21219,ASGS SAL polygon representative point (approximate)
Huntly North,3551,-36.590468,144.339469,VIC,21220,ASGS SAL polygon representative point (approximate)
Huon,3695,-36.228896,147.082763,VIC,21221,ASGS SAL polygon representative point (approximate)
Huon Creek,3691,-36.156093,146.821013,VIC,21222,ASGS SAL polygon representative point (approximate)
Hurstbridge,3099,-37.637567,145.194343,VIC,21223,ASGS SAL polygon representative point (approximate)
Icy Creek,3833,-37.884372,146.097285,VIC,21224,ASGS SAL polygon representative point (approximate)
Iguana Creek,3875,-37.695515,147.342871,VIC,21225,ASGS SAL polygon representative point (approximate)
Illabarook,3351,-37.820527,143.652,VIC,21226,ASGS SAL polygon representative point (approximate)
Illawarra,3381,-37.067435,142.691463,VIC,21227,ASGS SAL polygon representative point (approximate)
Illowa,3282,-38.336171,142.398912,VIC,21228,ASGS SAL polygon representative point (approximate)
Indented Head,3223,-38.137027,144.703692,VIC,21229,ASGS SAL polygon representative point (approximate)
Indigo Valley,3688,-36.186225,146.739771,VIC,21230,ASGS SAL polygon representative point (approximate)
Inglewood,3517,-36.596387,143.85602,VIC,21231,ASGS SAL polygon representative point (approximate)
Ingliston,3342,-37.659554,144.313129,VIC,21232,ASGS SAL polygon representative point (approximate)
Invergordon,3636,-36.146086,145.584986,VIC,21233,ASGS SAL polygon representative point (approximate)
Inverleigh,3321,-38.10892,144.001183,VIC,21234,ASGS SAL polygon representative point (approximate)
Inverloch,3996,-38.61728,145.727799,VIC,21235,ASGS SAL polygon representative point (approximate)
Invermay,3352,-37.502533,143.875501,VIC,21236,ASGS SAL polygon representative point (approximate)
Invermay Park,3350,-37.529194,143.859123,VIC,21237,ASGS SAL polygon representative point (approximate)
Iona,3815,-38.152359,145.687456,VIC,21238,ASGS SAL polygon representative point (approximate)
Iraak,3494,-34.427191,142.293827,VIC,21239,ASGS SAL polygon representative point (approximate)
Irishtown,3451,-37.149207,144.229362,VIC,21240,ASGS SAL polygon representative point (approximate)
Ironbark,3550,-36.754766,144.263793,VIC,21241,ASGS SAL polygon representative point (approximate)
Irrewarra,3249,-38.271496,143.674974,VIC,21242,ASGS SAL polygon representative point (approximate)
Irrewillipe,3249,-38.453926,143.41744,VIC,21243,ASGS SAL polygon representative point (approximate)
Irrewillipe East,3249,-38.430783,143.485041,VIC,21244,ASGS SAL polygon representative point (approximate)
Irymple,3498,-34.252534,142.168633,VIC,21245,ASGS SAL polygon representative point (approximate)
Ivanhoe,3079,-37.767884,145.043685,VIC,21246,ASGS SAL polygon representative point (approximate)
Ivanhoe East,3079,-37.77339,145.061961,VIC,21247,ASGS SAL polygon representative point (approximate)
Jacana,3047,-37.687768,144.911112,VIC,21248,ASGS SAL polygon representative point (approximate)
Jack River,3971,-38.568184,146.555853,VIC,21249,ASGS SAL polygon representative point (approximate)
Jackass Flat,3556,-36.71859,144.283048,VIC,21250,ASGS SAL polygon representative point (approximate)
Jacob Creek,3825,-37.995083,146.415825,VIC,21251,ASGS SAL polygon representative point (approximate)
Jam Jerrup,3984,-38.330386,145.537148,VIC,21252,ASGS SAL polygon representative point (approximate)
Jamieson,3723,-37.278801,146.113672,VIC,21253,ASGS SAL polygon representative point (approximate)
Jan Juc,3228,-38.344534,144.295183,VIC,21254,ASGS SAL polygon representative point (approximate)
Jancourt,3266,-38.36699,143.091219,VIC,21255,ASGS SAL polygon representative point (approximate)
Jancourt East,3266,-38.418344,143.188594,VIC,21256,ASGS SAL polygon representative point (approximate)
Jarklin,3517,-36.251724,143.955964,VIC,21257,ASGS SAL polygon representative point (approximate)
Jarrahmond,3888,-37.661508,148.401947,VIC,21258,ASGS SAL polygon representative point (approximate)
Jarvis Creek,3700,-36.181656,147.195325,VIC,21259,ASGS SAL polygon representative point (approximate)
Jeeralang,3840,-38.370779,146.475286,VIC,21260,ASGS SAL polygon representative point (approximate)
Jeeralang Junction,3840,-38.347882,146.413029,VIC,21261,ASGS SAL polygon representative point (approximate)
Jeetho,3945,-38.405433,145.724373,VIC,21262,ASGS SAL polygon representative point (approximate)
Jeffcott,3480,-36.319014,143.138359,VIC,21263,ASGS SAL polygon representative point (approximate)
Jeffcott North,3480,-36.262822,143.068058,VIC,21264,ASGS SAL polygon representative point (approximate)
Jeparit,3423,-36.098091,141.977873,VIC,21265,ASGS SAL polygon representative point (approximate)
Jericho,3825,-37.666211,146.228874,VIC,21266,ASGS SAL polygon representative point (approximate)
Jeruk,3527,-36.013935,143.426065,VIC,21267,ASGS SAL polygon representative point (approximate)
Jil Jil,3483,-35.821847,142.976137,VIC,21268,ASGS SAL polygon representative point (approximate)
Jindivick,3818,-38.029611,145.891231,VIC,21269,ASGS SAL polygon representative point (approximate)
Joel Joel,3384,-37.014789,142.990872,VIC,21270,ASGS SAL polygon representative point (approximate)
Joel South,3384,-37.063135,142.999471,VIC,21271,ASGS SAL polygon representative point (approximate)
Johanna,3238,-38.734219,143.394371,VIC,21272,ASGS SAL polygon representative point (approximate)
Johnsonville,3902,-37.82025,147.808128,VIC,21273,ASGS SAL polygon representative point (approximate)
Joyces Creek,3364,-37.088361,143.987938,VIC,21274,ASGS SAL polygon representative point (approximate)
Jumbuk,3869,-38.399988,146.423897,VIC,21275,ASGS SAL polygon representative point (approximate)
Jumbunna,3951,-38.471749,145.759175,VIC,21276,ASGS SAL polygon representative point (approximate)
Junction Village,3977,-38.135243,145.290452,VIC,21277,ASGS SAL polygon representative point (approximate)
Jungaburra,3575,-36.056375,144.286896,VIC,21278,ASGS SAL polygon representative point (approximate)
Junortoun,3551,-36.775082,144.364212,VIC,21279,ASGS SAL polygon representative point (approximate)
Kaarimba,3635,-36.145786,145.287637,VIC,21280,ASGS SAL polygon representative point (approximate)
Kadnook,3318,-37.168389,141.386735,VIC,21281,ASGS SAL polygon representative point (approximate)
Kalimna,3909,-37.870063,147.966822,VIC,21282,ASGS SAL polygon representative point (approximate)
Kalimna West,3909,-37.814487,147.939393,VIC,21283,ASGS SAL polygon representative point (approximate)
Kalkallo,3064,-37.525906,144.96037,VIC,21284,ASGS SAL polygon representative point (approximate)
Kalkee,3401,-36.550118,142.222607,VIC,21285,ASGS SAL polygon representative point (approximate)
Kallista,3791,-37.90047,145.427509,VIC,21286,ASGS SAL polygon representative point (approximate)
Kalorama,3766,-37.817239,145.383317,VIC,21287,ASGS SAL polygon representative point (approximate)
Kalpienung,3529,-35.837477,143.263154,VIC,21288,ASGS SAL polygon representative point (approximate)
Kamarooka,3570,-36.496807,144.371845,VIC,21289,ASGS SAL polygon representative point (approximate)
Kamarooka North,3571,-36.404026,144.313756,VIC,21290,ASGS SAL polygon representative point (approximate)
Kanagulk,3401,-37.11132,141.835872,VIC,21291,ASGS SAL polygon representative point (approximate)
Kancoona,3691,-36.601685,147.009164,VIC,21292,ASGS SAL polygon representative point (approximate)
Kangaroo Flat,3555,-36.806533,144.241853,VIC,21293,ASGS SAL polygon representative point (approximate)
Kangaroo Ground,3097,-37.689172,145.231706,VIC,21294,ASGS SAL polygon representative point (approximate)
Kaniva,3419,-36.386192,141.264532,VIC,21295,ASGS SAL polygon representative point (approximate)
Kanumbra,3719,-37.054221,145.678348,VIC,21296,ASGS SAL polygon representative point (approximate)
Kanya,3387,-36.773733,142.962167,VIC,21297,ASGS SAL polygon representative point (approximate)
Kanyapella,3564,-36.13138,144.891208,VIC,21298,ASGS SAL polygon representative point (approximate)
Karabeal,3294,-37.601191,142.18789,VIC,21299,ASGS SAL polygon representative point (approximate)
Kardella,3951,-38.419322,145.880382,VIC,21300,ASGS SAL polygon representative point (approximate)
Kardella South,3950,-38.457858,145.873625,VIC,21301,ASGS SAL polygon representative point (approximate)
Kariah,3260,-38.097991,143.234328,VIC,21302,ASGS SAL polygon representative point (approximate)
Karnak,3401,-36.838463,141.499079,VIC,21303,ASGS SAL polygon representative point (approximate)
Karramomus,3631,-36.530541,145.49183,VIC,21304,ASGS SAL polygon representative point (approximate)
Karyrie,3483,-35.926052,142.850127,VIC,21305,ASGS SAL polygon representative point (approximate)
Katamatite,3649,-36.075368,145.692012,VIC,21306,ASGS SAL polygon representative point (approximate)
Katamatite East,3649,-36.037313,145.752751,VIC,21307,ASGS SAL polygon representative point (approximate)
Katandra,3634,-36.250747,145.605943,VIC,21308,ASGS SAL polygon representative point (approximate)
Katandra West,3634,-36.243763,145.558485,VIC,21309,ASGS SAL polygon representative point (approximate)
Katunga,3640,-35.999741,145.465412,VIC,21310,ASGS SAL polygon representative point (approximate)
Kawarren,3249,-38.496813,143.612779,VIC,21311,ASGS SAL polygon representative point (approximate)
Kealba,3021,-37.73838,144.828375,VIC,21312,ASGS SAL polygon representative point (approximate)
Keely,3568,-35.855819,144.246179,VIC,21313,ASGS SAL polygon representative point (approximate)
Keilor,3036,-37.708389,144.828139,VIC,21314,ASGS SAL polygon representative point (approximate)
Keilor Downs,3038,-37.720574,144.8048,VIC,21315,ASGS SAL polygon representative point (approximate)
Keilor East,3033,-37.739389,144.85762,VIC,21316,ASGS SAL polygon representative point (approximate)
Keilor Lodge,3038,-37.698392,144.799813,VIC,21317,ASGS SAL polygon representative point (approximate)
Keilor North,3036,-37.681606,144.793032,VIC,21318,ASGS SAL polygon representative point (approximate)
Keilor Park,3042,-37.719145,144.851981,VIC,21319,ASGS SAL polygon representative point (approximate)
Kellalac,3393,-36.366797,142.402985,VIC,21320,ASGS SAL polygon representative point (approximate)
Kelvin View,3666,-36.828434,145.664283,VIC,21321,ASGS SAL polygon representative point (approximate)
Kenley,3597,-34.833982,143.304844,VIC,21322,ASGS SAL polygon representative point (approximate)
Kenmare,3395,-35.934412,142.204831,VIC,21323,ASGS SAL polygon representative point (approximate)
Kennedys Creek,3239,-38.600634,143.253556,VIC,21324,ASGS SAL polygon representative point (approximate)
Kennett River,3234,-38.638609,143.804997,VIC,21325,ASGS SAL polygon representative point (approximate)
Kennington,3550,-36.771264,144.302977,VIC,21326,ASGS SAL polygon representative point (approximate)
Kensington,3031,-37.794302,144.927034,VIC,21327,ASGS SAL polygon representative point (approximate)
Kerang,3579,-35.724599,143.945503,VIC,21328,ASGS SAL polygon representative point (approximate)
Kerang East,3579,-35.779814,144.014035,VIC,21329,ASGS SAL polygon representative point (approximate)
Kergunyah,3691,-36.352421,146.993384,VIC,21330,ASGS SAL polygon representative point (approximate)
Kergunyah South,3691,-36.428791,147.028411,VIC,21331,ASGS SAL polygon representative point (approximate)
Kernot,3979,-38.438925,145.612437,VIC,21332,ASGS SAL polygon representative point (approximate)
Kerrie,3434,-37.38231,144.674406,VIC,21333,ASGS SAL polygon representative point (approximate)
Kerrisdale,3660,-37.172475,145.253507,VIC,21334,ASGS SAL polygon representative point (approximate)
Kevington,3723,-37.360154,146.169448,VIC,21335,ASGS SAL polygon representative point (approximate)
Kew,3101,-37.803448,145.033173,VIC,21336,ASGS SAL polygon representative point (approximate)
Kew East,3102,-37.790692,145.052379,VIC,21337,ASGS SAL polygon representative point (approximate)
Kewell,3390,-36.461264,142.449371,VIC,21338,ASGS SAL polygon representative point (approximate)
Keysborough,3173,-38.005374,145.16733,VIC,21339,ASGS SAL polygon representative point (approximate)
Kialla,3631,-36.44936,145.415155,VIC,21340,ASGS SAL polygon representative point (approximate)
Kialla East,3631,-36.46488,145.498909,VIC,21341,ASGS SAL polygon representative point (approximate)
Kialla West,3631,-36.478996,145.389786,VIC,21342,ASGS SAL polygon representative point (approximate)
Kiata,3418,-36.357473,141.782832,VIC,21343,ASGS SAL polygon representative point (approximate)
Kiewa,3691,-36.272606,147.00656,VIC,21344,ASGS SAL polygon representative point (approximate)
Kilcunda,3995,-38.549062,145.495818,VIC,21345,ASGS SAL polygon representative point (approximate)
Killara (Glenelg - Vic.),3312,-37.751988,141.400067,VIC,21346,ASGS SAL polygon representative point (approximate)
Killara (Wodonga - Vic.),3691,-36.140446,146.949616,VIC,21347,ASGS SAL polygon representative point (approximate)
Killarney,3283,-38.344396,142.319272,VIC,21348,ASGS SAL polygon representative point (approximate)
Killawarra,3678,-36.247931,146.208201,VIC,21349,ASGS SAL polygon representative point (approximate)
Killingworth,3717,-37.181201,145.431879,VIC,21350,ASGS SAL polygon representative point (approximate)
Kilmany,3851,-38.121925,146.920339,VIC,21351,ASGS SAL polygon representative point (approximate)
Kilmore,3764,-37.301634,144.949743,VIC,21352,ASGS SAL polygon representative point (approximate)
Kilmore East,3764,-37.278274,145.011235,VIC,21353,ASGS SAL polygon representative point (approximate)
Kilsyth,3137,-37.814293,145.318427,VIC,21354,ASGS SAL polygon representative point (approximate)
Kilsyth South,3137,-37.831471,145.310982,VIC,21355,ASGS SAL polygon representative point (approximate)
Kimbolton,3551,-36.920205,144.491314,VIC,21356,ASGS SAL polygon representative point (approximate)
King Valley,3678,-36.694808,146.404409,VIC,21357,ASGS SAL polygon representative point (approximate)
Kinglake,3763,-37.510725,145.358131,VIC,21358,ASGS SAL polygon representative point (approximate)
Kinglake Central,3757,-37.470953,145.320533,VIC,21359,ASGS SAL polygon representative point (approximate)
Kinglake West,3757,-37.478708,145.250133,VIC,21360,ASGS SAL polygon representative point (approximate)
Kingower,3517,-36.623353,143.75413,VIC,21361,ASGS SAL polygon representative point (approximate)
Kings Park,3021,-37.733704,144.771975,VIC,21362,ASGS SAL polygon representative point (approximate)
Kingsbury,3083,-37.716153,145.034011,VIC,21363,ASGS SAL polygon representative point (approximate)
Kingston,3364,-37.378229,143.9568,VIC,21364,ASGS SAL polygon representative point (approximate)
Kingsville,3012,-37.808842,144.879438,VIC,21365,ASGS SAL polygon representative point (approximate)
Kinnabulla,3483,-35.898339,142.717905,VIC,21366,ASGS SAL polygon representative point (approximate)
Kinypanial,3520,-36.354868,143.791206,VIC,21367,ASGS SAL polygon representative point (approximate)
Kirkstall,3283,-38.267997,142.278044,VIC,21368,ASGS SAL polygon representative point (approximate)
Kirwans Bridge,3608,-36.731566,145.143445,VIC,21369,ASGS SAL polygon representative point (approximate)
Kithbrook,3666,-36.806941,145.721746,VIC,21370,ASGS SAL polygon representative point (approximate)
Knebsworth,3286,-37.988852,141.871584,VIC,21371,ASGS SAL polygon representative point (approximate)
Knockwood,3723,-37.425694,146.259483,VIC,21372,ASGS SAL polygon representative point (approximate)
Knowsley,3523,-36.829134,144.600885,VIC,21373,ASGS SAL polygon representative point (approximate)
Knoxfield,3180,-37.890584,145.249343,VIC,21374,ASGS SAL polygon representative point (approximate)
Koallah,3260,-38.292168,143.238911,VIC,21375,ASGS SAL polygon representative point (approximate)
Koetong,3704,-36.149704,147.484944,VIC,21376,ASGS SAL polygon representative point (approximate)
Kolora,3265,-38.127335,142.921772,VIC,21377,ASGS SAL polygon representative point (approximate)
Kongwak,3951,-38.511511,145.712556,VIC,21378,ASGS SAL polygon representative point (approximate)
Konongwootong,3315,-37.480511,141.669538,VIC,21379,ASGS SAL polygon representative point (approximate)
Koo Wee Rup,3981,-38.187441,145.488635,VIC,21380,ASGS SAL polygon representative point (approximate)
Koo Wee Rup North,3981,-38.14129,145.538179,VIC,21381,ASGS SAL polygon representative point (approximate)
Kooloonong,3597,-34.85785,143.119599,VIC,21382,ASGS SAL polygon representative point (approximate)
Koonda,3669,-36.488818,145.750999,VIC,21383,ASGS SAL polygon representative point (approximate)
Koondrook,3580,-35.643644,144.109477,VIC,21384,ASGS SAL polygon representative point (approximate)
Koonoomoo,3644,-35.863597,145.562207,VIC,21385,ASGS SAL polygon representative point (approximate)
Koonwarra,3954,-38.559794,145.952062,VIC,21386,ASGS SAL polygon representative point (approximate)
Kooreh,3477,-36.649583,143.402827,VIC,21387,ASGS SAL polygon representative point (approximate)
Koorlong,3501,-34.314982,142.045796,VIC,21388,ASGS SAL polygon representative point (approximate)
Koornalla,3844,-38.348079,146.525344,VIC,21389,ASGS SAL polygon representative point (approximate)
Kooroocheang,3364,-37.300508,144.044112,VIC,21390,ASGS SAL polygon representative point (approximate)
Koorool,3860,-37.726181,146.942581,VIC,21391,ASGS SAL polygon representative point (approximate)
Koorooman,3953,-38.465186,146.025312,VIC,21392,ASGS SAL polygon representative point (approximate)
Kooyong,3144,-37.841363,145.035833,VIC,21393,ASGS SAL polygon representative point (approximate)
Koriella,3714,-37.163321,145.652078,VIC,21394,ASGS SAL polygon representative point (approximate)
Korobeit,3341,-37.581279,144.343112,VIC,21395,ASGS SAL polygon representative point (approximate)
Koroit,3282,-38.273619,142.372704,VIC,21396,ASGS SAL polygon representative point (approximate)
Korong Vale,3520,-36.357483,143.702905,VIC,21397,ASGS SAL polygon representative point (approximate)
Koroop,3579,-35.735414,144.070107,VIC,21398,ASGS SAL polygon representative point (approximate)
Korumburra,3950,-38.437836,145.815149,VIC,21399,ASGS SAL polygon representative point (approximate)
Korumburra South,3950,-38.483935,145.836803,VIC,21400,ASGS SAL polygon representative point (approximate)
Korweinguboora,3461,-37.442647,144.138628,VIC,21401,ASGS SAL polygon representative point (approximate)
Kotta,3565,-36.191593,144.524713,VIC,21402,ASGS SAL polygon representative point (approximate)
Kotupna,3638,-36.135135,145.111853,VIC,21403,ASGS SAL polygon representative point (approximate)
Koyuga,3622,-36.231797,144.881029,VIC,21404,ASGS SAL polygon representative point (approximate)
Krowera,3945,-38.447503,145.666238,VIC,21405,ASGS SAL polygon representative point (approximate)
Kulwin,3490,-34.986858,142.59364,VIC,21406,ASGS SAL polygon representative point (approximate)
Kunat,3585,-35.514039,143.537844,VIC,21407,ASGS SAL polygon representative point (approximate)
Kurraca,3518,-36.519941,143.614257,VIC,21408,ASGS SAL polygon representative point (approximate)
Kurraca West,3518,-36.510549,143.563301,VIC,21409,ASGS SAL polygon representative point (approximate)
Kurting,3517,-36.537878,143.805597,VIC,21410,ASGS SAL polygon representative point (approximate)
Kurunjang,3337,-37.660884,144.591483,VIC,21411,ASGS SAL polygon representative point (approximate)
Kyabram,3620,-36.327192,145.036579,VIC,21412,ASGS SAL polygon representative point (approximate)
Kyabram South,3620,-36.384953,145.067783,VIC,21413,ASGS SAL polygon representative point (approximate)
Kyneton,3444,-37.227406,144.459671,VIC,21414,ASGS SAL polygon representative point (approximate)
Kyneton South,3444,-37.285902,144.436456,VIC,21415,ASGS SAL polygon representative point (approximate)
Kyvalley,3621,-36.281712,145.005606,VIC,21416,ASGS SAL polygon representative point (approximate)
Laanecoorie,3463,-36.827654,143.916452,VIC,21417,ASGS SAL polygon representative point (approximate)
Laang,3265,-38.368075,142.815016,VIC,21418,ASGS SAL polygon representative point (approximate)
Labertouche,3816,-38.029897,145.793334,VIC,21419,ASGS SAL polygon representative point (approximate)
Laceby,3678,-36.454413,146.29736,VIC,21420,ASGS SAL polygon representative point (approximate)
Ladys Pass,3523,-36.820643,144.692439,VIC,21421,ASGS SAL polygon representative point (approximate)
Laen,3480,-36.435759,142.827757,VIC,21422,ASGS SAL polygon representative point (approximate)
Laen East,3480,-36.398142,142.902258,VIC,21423,ASGS SAL polygon representative point (approximate)
Laen North,3480,-36.378617,142.82981,VIC,21424,ASGS SAL polygon representative point (approximate)
Lah,3393,-36.12854,142.423467,VIC,21425,ASGS SAL polygon representative point (approximate)
Laharum,3401,-36.914203,142.341471,VIC,21426,ASGS SAL polygon representative point (approximate)
Lake Boga,3584,-35.443929,143.647342,VIC,21427,ASGS SAL polygon representative point (approximate)
Lake Bolac,3351,-37.720205,142.846986,VIC,21428,ASGS SAL polygon representative point (approximate)
Lake Bunga,3909,-37.863238,148.03618,VIC,21429,ASGS SAL polygon representative point (approximate)
Lake Charm,3581,-35.594347,143.817683,VIC,21430,ASGS SAL polygon representative point (approximate)
Lake Condah,3303,-38.091184,141.814691,VIC,21431,ASGS SAL polygon representative point (approximate)
Lake Eildon,3713,-37.182667,145.967676,VIC,21432,ASGS SAL polygon representative point (approximate)
Lake Eppalock,3523,-36.885346,144.59985,VIC,21433,ASGS SAL polygon representative point (approximate)
Lake Fyans,3381,-37.135025,142.626184,VIC,21434,ASGS SAL polygon representative point (approximate)
Lake Gardens,3355,-37.546308,143.816532,VIC,21435,ASGS SAL polygon representative point (approximate)
Lake Goldsmith,3373,-37.53481,143.387227,VIC,21436,ASGS SAL polygon representative point (approximate)
Lake Lonsdale,3381,-37.033489,142.625266,VIC,21437,ASGS SAL polygon representative point (approximate)
Lake Marmal,3525,-36.11323,143.524219,VIC,21438,ASGS SAL polygon representative point (approximate)
Lake Meran,3579,-35.894766,143.79366,VIC,21439,ASGS SAL polygon representative point (approximate)
Lake Mundi,3312,-37.499185,141.081024,VIC,21440,ASGS SAL polygon representative point (approximate)
Lake Powell,3597,-34.722115,142.936146,VIC,21441,ASGS SAL polygon representative point (approximate)
Lake Rowan,3727,-36.260977,145.984901,VIC,21442,ASGS SAL polygon representative point (approximate)
Lake Tyers,3887,-37.839458,148.125698,VIC,21443,ASGS SAL polygon representative point (approximate)
Lake Tyers Beach,3909,-37.858475,148.061639,VIC,21444,ASGS SAL polygon representative point (approximate)
Lake Tyrrell,3533,-35.34802,142.83219,VIC,21445,ASGS SAL polygon representative point (approximate)
Lake Wellington,3851,-38.09057,147.317653,VIC,21446,ASGS SAL polygon representative point (approximate)
Lake Wendouree,3350,-37.55011,143.834047,VIC,21447,ASGS SAL polygon representative point (approximate)
Lake Wongan,3373,-37.608924,143.153208,VIC,21448,ASGS SAL polygon representative point (approximate)
Lakes Entrance,3909,-37.853402,147.999662,VIC,21449,ASGS SAL polygon representative point (approximate)
Lal Lal,3352,-37.673065,144.029555,VIC,21450,ASGS SAL polygon representative point (approximate)
Lalbert,3542,-35.651574,143.444291,VIC,21451,ASGS SAL polygon representative point (approximate)
Lalor,3075,-37.666771,145.012809,VIC,21452,ASGS SAL polygon representative point (approximate)
Lamplough,3352,-37.149909,143.518269,VIC,21453,ASGS SAL polygon representative point (approximate)
Lancaster,3620,-36.310151,145.142567,VIC,21454,ASGS SAL polygon representative point (approximate)
Lance Creek,3995,-38.548137,145.674277,VIC,21455,ASGS SAL polygon representative point (approximate)
Lancefield,3435,-37.260291,144.712915,VIC,21456,ASGS SAL polygon representative point (approximate)
Landsborough,3384,-37.012134,143.145048,VIC,21457,ASGS SAL polygon representative point (approximate)
Landsborough West,3384,-37.007387,143.064768,VIC,21458,ASGS SAL polygon representative point (approximate)
Lang Lang,3984,-38.2954,145.582005,VIC,21459,ASGS SAL polygon representative point (approximate)
Lang Lang East,3984,-38.271841,145.656954,VIC,21460,ASGS SAL polygon representative point (approximate)
Langdons Hill,3363,-37.412986,144.066205,VIC,21461,ASGS SAL polygon representative point (approximate)
Langi Kal Kal,3352,-37.379749,143.497303,VIC,21462,ASGS SAL polygon representative point (approximate)
Langi Logan,3377,-37.392169,142.92564,VIC,21463,ASGS SAL polygon representative point (approximate)
Langkoop,3318,-37.099045,141.061127,VIC,21464,ASGS SAL polygon representative point (approximate)
Langley,3444,-37.150092,144.501085,VIC,21465,ASGS SAL polygon representative point (approximate)
Langsborough,3971,-38.649706,146.677485,VIC,21466,ASGS SAL polygon representative point (approximate)
Langwarrin,3910,-38.154558,145.197433,VIC,21467,ASGS SAL polygon representative point (approximate)
Langwarrin South,3911,-38.189062,145.191006,VIC,21468,ASGS SAL polygon representative point (approximate)
Lara,3212,-38.004738,144.401918,VIC,21469,ASGS SAL polygon representative point (approximate)
Lardner,3821,-38.217585,145.873395,VIC,21470,ASGS SAL polygon representative point (approximate)
Larpent,3249,-38.356166,143.506522,VIC,21471,ASGS SAL polygon representative point (approximate)
Lascelles,3487,-35.55601,142.606546,VIC,21472,ASGS SAL polygon representative point (approximate)
Launching Place,3139,-37.778026,145.576199,VIC,21473,ASGS SAL polygon representative point (approximate)
Lauriston,3444,-37.252022,144.354892,VIC,21474,ASGS SAL polygon representative point (approximate)
Lavers Hill,3238,-38.668048,143.378705,VIC,21475,ASGS SAL polygon representative point (approximate)
Laverton,3028,-37.859411,144.767104,VIC,21476,ASGS SAL polygon representative point (approximate)
Laverton North,3026,-37.830006,144.787196,VIC,21477,ASGS SAL polygon representative point (approximate)
Lawler,3480,-36.363193,142.760015,VIC,21478,ASGS SAL polygon representative point (approximate)
Lawloit,3418,-36.453504,141.450389,VIC,21479,ASGS SAL polygon representative point (approximate)
Lawrence,3364,-37.325484,143.898207,VIC,21480,ASGS SAL polygon representative point (approximate)
Leaghur,3537,-35.981591,143.798943,VIC,21481,ASGS SAL polygon representative point (approximate)
Learmonth,3352,-37.419368,143.719269,VIC,21482,ASGS SAL polygon representative point (approximate)
Ledcourt,3385,-36.984822,142.554065,VIC,21483,ASGS SAL polygon representative point (approximate)
Leichardt,3516,-36.687205,144.076087,VIC,21484,ASGS SAL polygon representative point (approximate)
Leigh Creek,3352,-37.560782,143.959256,VIC,21485,ASGS SAL polygon representative point (approximate)
Leitchville,3567,-35.913044,144.289832,VIC,21486,ASGS SAL polygon representative point (approximate)
Lemnos,3631,-36.343965,145.474336,VIC,21487,ASGS SAL polygon representative point (approximate)
Leneva,3691,-36.208567,146.868373,VIC,21488,ASGS SAL polygon representative point (approximate)
Leonards Hill,3461,-37.411332,144.139588,VIC,21489,ASGS SAL polygon representative point (approximate)
Leongatha,3953,-38.474372,145.944872,VIC,21490,ASGS SAL polygon representative point (approximate)
Leongatha North,3953,-38.429739,145.973218,VIC,21491,ASGS SAL polygon representative point (approximate)
Leongatha South,3953,-38.545337,145.875573,VIC,21492,ASGS SAL polygon representative point (approximate)
Leopold,3224,-38.192801,144.4689,VIC,21493,ASGS SAL polygon representative point (approximate)
Lerderderg,3458,-37.500562,144.405896,VIC,21494,ASGS SAL polygon representative point (approximate)
Leslie Manor,3260,-38.114841,143.360873,VIC,21495,ASGS SAL polygon representative point (approximate)
Lethbridge,3332,-37.955968,144.096552,VIC,21496,ASGS SAL polygon representative point (approximate)
Lexton,3352,-37.258219,143.516299,VIC,21497,ASGS SAL polygon representative point (approximate)
Licola,3858,-37.602772,146.592846,VIC,21498,ASGS SAL polygon representative point (approximate)
Licola North,3858,-37.523568,146.533988,VIC,21499,ASGS SAL polygon representative point (approximate)
Lillico,3820,-38.123638,145.965361,VIC,21500,ASGS SAL polygon representative point (approximate)
Lillicur,3371,-37.168142,143.596479,VIC,21501,ASGS SAL polygon representative point (approximate)
Lillimur,3420,-36.468546,141.118538,VIC,21502,ASGS SAL polygon representative point (approximate)
Lilliput,3682,-36.130297,146.455124,VIC,21503,ASGS SAL polygon representative point (approximate)
Lilydale,3140,-37.75565,145.367809,VIC,21504,ASGS SAL polygon representative point (approximate)
Lima,3673,-36.751232,145.947954,VIC,21505,ASGS SAL polygon representative point (approximate)
Lima East,3673,-36.81217,145.965064,VIC,21506,ASGS SAL polygon representative point (approximate)
Lima South,3673,-36.839218,146.021258,VIC,21507,ASGS SAL polygon representative point (approximate)
Limestone,3717,-37.276731,145.55793,VIC,21508,ASGS SAL polygon representative point (approximate)
Lindenow,3865,-37.799136,147.466283,VIC,21509,ASGS SAL polygon representative point (approximate)
Lindenow South,3875,-37.868352,147.422602,VIC,21510,ASGS SAL polygon representative point (approximate)
Lindsay,3312,-37.611594,141.11085,VIC,21511,ASGS SAL polygon representative point (approximate)
Lindsay Point,3496,-34.118727,141.014026,VIC,21512,ASGS SAL polygon representative point (approximate)
Linga,3509,-35.173671,141.683623,VIC,21513,ASGS SAL polygon representative point (approximate)
Linton,3360,-37.689057,143.551023,VIC,21514,ASGS SAL polygon representative point (approximate)
Liparoo,3549,-34.818041,142.572713,VIC,21515,ASGS SAL polygon representative point (approximate)
Lismore,3324,-37.969101,143.350931,VIC,21516,ASGS SAL polygon representative point (approximate)
Litchfield,3480,-36.29598,142.834899,VIC,21517,ASGS SAL polygon representative point (approximate)
Little Desert,3418,-36.502589,141.761024,VIC,21518,ASGS SAL polygon representative point (approximate)
Little Hampton,3458,-37.361286,144.291201,VIC,21519,ASGS SAL polygon representative point (approximate)
Little River,3211,-37.932005,144.466887,VIC,21520,ASGS SAL polygon representative point (approximate)
Llanelly,3551,-36.725434,143.83085,VIC,21521,ASGS SAL polygon representative point (approximate)
Llowalong,3862,-37.90618,147.037667,VIC,21522,ASGS SAL polygon representative point (approximate)
Loch,3945,-38.37621,145.695987,VIC,21523,ASGS SAL polygon representative point (approximate)
Loch Sport,3851,-38.059573,147.56252,VIC,21524,ASGS SAL polygon representative point (approximate)
Loch Valley,3833,-37.811699,146.00872,VIC,21525,ASGS SAL polygon representative point (approximate)
Lockington,3563,-36.271439,144.498731,VIC,21526,ASGS SAL polygon representative point (approximate)
Locksley,3665,-36.842109,145.318919,VIC,21527,ASGS SAL polygon representative point (approximate)
Lockwood,3551,-36.811488,144.169305,VIC,21528,ASGS SAL polygon representative point (approximate)
Lockwood South,3551,-36.872367,144.142903,VIC,21529,ASGS SAL polygon representative point (approximate)
Loddon Vale,3575,-35.997474,143.946406,VIC,21530,ASGS SAL polygon representative point (approximate)
Logan,3475,-36.627805,143.483937,VIC,21531,ASGS SAL polygon representative point (approximate)
Londrigan,3678,-36.343242,146.444008,VIC,21532,ASGS SAL polygon representative point (approximate)
Long Forest,3340,-37.655792,144.50696,VIC,21533,ASGS SAL polygon representative point (approximate)
Long Gully,3550,-36.74304,144.257891,VIC,21534,ASGS SAL polygon representative point (approximate)
Longerenong,3401,-36.584899,142.341983,VIC,21535,ASGS SAL polygon representative point (approximate)
Longford,3851,-38.217112,147.092539,VIC,21536,ASGS SAL polygon representative point (approximate)
Longlea,3551,-36.764768,144.432803,VIC,21537,ASGS SAL polygon representative point (approximate)
Longwarry,3816,-38.122455,145.771895,VIC,21538,ASGS SAL polygon representative point (approximate)
Longwarry North,3816,-38.080335,145.782331,VIC,21539,ASGS SAL polygon representative point (approximate)
Longwood,3665,-36.801569,145.394626,VIC,21540,ASGS SAL polygon representative point (approximate)
Longwood East,3666,-36.838205,145.455939,VIC,21541,ASGS SAL polygon representative point (approximate)
Lorne,3232,-38.5338,143.924319,VIC,21542,ASGS SAL polygon representative point (approximate)
Lorquon,3418,-36.146258,141.772339,VIC,21543,ASGS SAL polygon representative point (approximate)
Lovely Banks,3213,-38.040603,144.322348,VIC,21544,ASGS SAL polygon representative point (approximate)
Lower Moira,3639,-36.086299,144.955739,VIC,21545,ASGS SAL polygon representative point (approximate)
Lower Norton,3401,-36.812308,142.079622,VIC,21546,ASGS SAL polygon representative point (approximate)
Lower Plenty,3093,-37.738814,145.11622,VIC,21547,ASGS SAL polygon representative point (approximate)
Loy Yang,3844,-38.251376,146.576662,VIC,21548,ASGS SAL polygon representative point (approximate)
Lubeck,3385,-36.739731,142.533504,VIC,21549,ASGS SAL polygon representative point (approximate)
Lucas,3350,-37.545711,143.775808,VIC,21550,ASGS SAL polygon representative point (approximate)
Lucknow,3875,-37.807804,147.671613,VIC,21551,ASGS SAL polygon representative point (approximate)
Lucyvale,3691,-36.302854,147.608358,VIC,21552,ASGS SAL polygon representative point (approximate)
Lurg,3673,-36.582934,146.124781,VIC,21553,ASGS SAL polygon representative point (approximate)
Lynbrook,3975,-38.055922,145.256178,VIC,21554,ASGS SAL polygon representative point (approximate)
Lyndhurst,3975,-38.068569,145.230774,VIC,21555,ASGS SAL polygon representative point (approximate)
Lyons,3304,-37.997305,141.482144,VIC,21556,ASGS SAL polygon representative point (approximate)
Lyonville,3461,-37.395595,144.264429,VIC,21557,ASGS SAL polygon representative point (approximate)
Lysterfield,3156,-37.935143,145.300815,VIC,21558,ASGS SAL polygon representative point (approximate)
Lysterfield South,3156,-37.952483,145.266972,VIC,21559,ASGS SAL polygon representative point (approximate)
Macarthur,3286,-38.047912,142.01859,VIC,21560,ASGS SAL polygon representative point (approximate)
Macclesfield,3782,-37.878491,145.48892,VIC,21561,ASGS SAL polygon representative point (approximate)
Macedon,3440,-37.428463,144.555875,VIC,21562,ASGS SAL polygon representative point (approximate)
Macks Creek,3971,-38.461881,146.623411,VIC,21563,ASGS SAL polygon representative point (approximate)
Macleod,3085,-37.721138,145.070576,VIC,21564,ASGS SAL polygon representative point (approximate)
Macorna,3579,-35.925538,143.995037,VIC,21565,ASGS SAL polygon representative point (approximate)
Macorna North,3568,-35.844718,144.081825,VIC,21566,ASGS SAL polygon representative point (approximate)
Macs Cove,3723,-37.205634,146.146764,VIC,21567,ASGS SAL polygon representative point (approximate)
Madalya,3971,-38.498318,146.503497,VIC,21568,ASGS SAL polygon representative point (approximate)
Maddingley,3340,-37.697424,144.419546,VIC,21569,ASGS SAL polygon representative point (approximate)
Mafeking,3379,-37.387381,142.551869,VIC,21570,ASGS SAL polygon representative point (approximate)
Maffra,3860,-37.957488,146.991479,VIC,21571,ASGS SAL polygon representative point (approximate)
Maffra West Upper,3859,-37.875431,146.8215,VIC,21572,ASGS SAL polygon representative point (approximate)
Magpie,3352,-37.631709,143.847032,VIC,21573,ASGS SAL polygon representative point (approximate)
Maiden Gully,3551,-36.756289,144.207855,VIC,21574,ASGS SAL polygon representative point (approximate)
Maidstone,3012,-37.781913,144.874154,VIC,21575,ASGS SAL polygon representative point (approximate)
Mailors Flat,3275,-38.288,142.465384,VIC,21576,ASGS SAL polygon representative point (approximate)
Main Lead,3373,-37.385611,143.373092,VIC,21577,ASGS SAL polygon representative point (approximate)
Main Ridge,3928,-38.40031,144.966588,VIC,21578,ASGS SAL polygon representative point (approximate)
Maindample,3723,-37.025617,145.958547,VIC,21579,ASGS SAL polygon representative point (approximate)
Maintongoon,3714,-37.131115,145.77809,VIC,21580,ASGS SAL polygon representative point (approximate)
Major Plains,3725,-36.367447,145.780894,VIC,21581,ASGS SAL polygon representative point (approximate)
Majorca,3465,-37.128705,143.819697,VIC,21582,ASGS SAL polygon representative point (approximate)
Maldon,3463,-36.998692,144.071367,VIC,21583,ASGS SAL polygon representative point (approximate)
Mallacoota,3892,-37.510148,149.799592,VIC,21584,ASGS SAL polygon representative point (approximate)
Malmsbury,3446,-37.179037,144.397124,VIC,21585,ASGS SAL polygon representative point (approximate)
Malvern,3144,-37.856793,145.034977,VIC,21586,ASGS SAL polygon representative point (approximate)
Malvern East,3145,-37.876624,145.065423,VIC,21587,ASGS SAL polygon representative point (approximate)
Mambourin,3024,-37.899618,144.554162,VIC,21588,ASGS SAL polygon representative point (approximate)
Manangatang,3546,-35.052762,142.900283,VIC,21589,ASGS SAL polygon representative point (approximate)
Mandurang,3551,-36.828389,144.294152,VIC,21590,ASGS SAL polygon representative point (approximate)
Mandurang South,3551,-36.862347,144.276767,VIC,21591,ASGS SAL polygon representative point (approximate)
Mangalore,3663,-36.925523,145.165019,VIC,21592,ASGS SAL polygon representative point (approximate)
Manifold Heights,3218,-38.137602,144.333696,VIC,21593,ASGS SAL polygon representative point (approximate)
Mannerim,3222,-38.2184,144.603452,VIC,21594,ASGS SAL polygon representative point (approximate)
Mannibadar,3360,-37.773207,143.510681,VIC,21595,ASGS SAL polygon representative point (approximate)
Manns Beach,3971,-38.66085,146.802458,VIC,21596,ASGS SAL polygon representative point (approximate)
Manor Lakes,3024,-37.867,144.58135,VIC,21597,ASGS SAL polygon representative point (approximate)
Manorina,3889,-37.692353,148.7995,VIC,21598,ASGS SAL polygon representative point (approximate)
Mansfield,3722,-37.057892,146.079762,VIC,21599,ASGS SAL polygon representative point (approximate)
Maramingo Creek,3891,-37.397363,149.620299,VIC,21600,ASGS SAL polygon representative point (approximate)
Marcus Hill,3222,-38.24023,144.571732,VIC,21601,ASGS SAL polygon representative point (approximate)
Mardan,3953,-38.471043,146.127107,VIC,21602,ASGS SAL polygon representative point (approximate)
Marengo,3233,-38.778373,143.655164,VIC,21603,ASGS SAL polygon representative point (approximate)
Maribyrnong,3032,-37.772676,144.887768,VIC,21604,ASGS SAL polygon representative point (approximate)
Marionvale,3634,-36.263685,145.526391,VIC,21605,ASGS SAL polygon representative point (approximate)
Markwood,3678,-36.473017,146.508817,VIC,21606,ASGS SAL polygon representative point (approximate)
Marlbed,3483,-35.815097,142.857693,VIC,21607,ASGS SAL polygon representative point (approximate)
Marlo,3888,-37.771667,148.687324,VIC,21608,ASGS SAL polygon representative point (approximate)
Marnoo,3387,-36.689708,142.889699,VIC,21609,ASGS SAL polygon representative point (approximate)
Marnoo East,3477,-36.656876,142.956415,VIC,21610,ASGS SAL polygon representative point (approximate)
Marnoo West,3387,-36.711519,142.779438,VIC,21611,ASGS SAL polygon representative point (approximate)
Marong,3515,-36.751423,144.10362,VIC,21612,ASGS SAL polygon representative point (approximate)
Maroona,3377,-37.42866,142.862908,VIC,21613,ASGS SAL polygon representative point (approximate)
Marraweeney,3669,-36.76267,145.732363,VIC,21614,ASGS SAL polygon representative point (approximate)
Marshall,3216,-38.197226,144.35623,VIC,21615,ASGS SAL polygon representative point (approximate)
Marthavale,3875,-37.444287,147.507619,VIC,21616,ASGS SAL polygon representative point (approximate)
Marungi,3634,-36.19556,145.525603,VIC,21617,ASGS SAL polygon representative point (approximate)
Maryborough,3465,-37.047593,143.744411,VIC,21618,ASGS SAL polygon representative point (approximate)
Maryknoll,3812,-38.034214,145.604215,VIC,21619,ASGS SAL polygon representative point (approximate)
Marysville,3779,-37.517965,145.795163,VIC,21620,ASGS SAL polygon representative point (approximate)
Maryvale,3840,-38.185873,146.427144,VIC,21621,ASGS SAL polygon representative point (approximate)
Massey,3482,-36.219821,142.863566,VIC,21622,ASGS SAL polygon representative point (approximate)
Matlock,3723,-37.581918,146.155294,VIC,21623,ASGS SAL polygon representative point (approximate)
Maude,3331,-37.946608,144.18833,VIC,21624,ASGS SAL polygon representative point (approximate)
McCrae,3938,-38.355663,144.932845,VIC,21625,ASGS SAL polygon representative point (approximate)
McIntyre,3472,-36.689446,143.677657,VIC,21626,ASGS SAL polygon representative point (approximate)
McKenzie Creek,3401,-36.807409,142.162835,VIC,21627,ASGS SAL polygon representative point (approximate)
McKenzie Hill,3451,-37.06918,144.182797,VIC,21628,ASGS SAL polygon representative point (approximate)
McKinnon,3204,-37.910665,145.038403,VIC,21629,ASGS SAL polygon representative point (approximate)
McLoughlins Beach,3874,-38.607048,146.889192,VIC,21630,ASGS SAL polygon representative point (approximate)
McMahons Creek,3799,-37.700267,145.850171,VIC,21631,ASGS SAL polygon representative point (approximate)
McMillans,3568,-35.848926,144.163232,VIC,21632,ASGS SAL polygon representative point (approximate)
Mead,3568,-35.810781,144.115014,VIC,21633,ASGS SAL polygon representative point (approximate)
Meadow Creek,3678,-36.602496,146.453481,VIC,21634,ASGS SAL polygon representative point (approximate)
Meadow Heights,3048,-37.651152,144.918561,VIC,21635,ASGS SAL polygon representative point (approximate)
Meatian,3585,-35.572012,143.355398,VIC,21636,ASGS SAL polygon representative point (approximate)
Meeniyan,3956,-38.572372,146.018273,VIC,21637,ASGS SAL polygon representative point (approximate)
Meering West,3579,-35.88555,143.707532,VIC,21638,ASGS SAL polygon representative point (approximate)
Meerlieu,3862,-38.017036,147.396624,VIC,21639,ASGS SAL polygon representative point (approximate)
Melbourne,3004,-37.824913,144.971496,VIC,21640,ASGS SAL polygon representative point (approximate)
Melbourne Airport,3045,-37.673747,144.838021,VIC,21641,ASGS SAL polygon representative point (approximate)
Melton,3337,-37.675613,144.611817,VIC,21642,ASGS SAL polygon representative point (approximate)
Melton South,3338,-37.706667,144.570313,VIC,21643,ASGS SAL polygon representative point (approximate)
Melton West,3337,-37.678928,144.541044,VIC,21644,ASGS SAL polygon representative point (approximate)
Melville Forest,3315,-37.486791,141.85799,VIC,21645,ASGS SAL polygon representative point (approximate)
Melwood,3875,-37.735233,147.504925,VIC,21646,ASGS SAL polygon representative point (approximate)
Mena Park,3373,-37.539049,143.474886,VIC,21647,ASGS SAL polygon representative point (approximate)
Mentone,3194,-37.981574,145.069413,VIC,21648,ASGS SAL polygon representative point (approximate)
Menzies Creek,3159,-37.923185,145.40113,VIC,21649,ASGS SAL polygon representative point (approximate)
Mepunga,3277,-38.457976,142.67585,VIC,21650,ASGS SAL polygon representative point (approximate)
Mepunga East,3277,-38.445813,142.708613,VIC,21651,ASGS SAL polygon representative point (approximate)
Mepunga West,3277,-38.435861,142.651677,VIC,21652,ASGS SAL polygon representative point (approximate)
Merbein,3505,-34.161314,142.047502,VIC,21653,ASGS SAL polygon representative point (approximate)
Merbein South,3505,-34.2198,142.018074,VIC,21654,ASGS SAL polygon representative point (approximate)
Merbein West,3505,-34.167786,142.007507,VIC,21655,ASGS SAL polygon representative point (approximate)
Meredith,3333,-37.861781,144.043378,VIC,21656,ASGS SAL polygon representative point (approximate)
Meringur,3496,-34.396361,141.283887,VIC,21657,ASGS SAL polygon representative point (approximate)
Merino,3310,-37.728381,141.548113,VIC,21658,ASGS SAL polygon representative point (approximate)
Mernda,3754,-37.592083,145.081914,VIC,21659,ASGS SAL polygon representative point (approximate)
Merriang,3737,-36.564608,146.686154,VIC,21660,ASGS SAL polygon representative point (approximate)
Merriang South,3737,-36.601513,146.665562,VIC,21661,ASGS SAL polygon representative point (approximate)
Merricks,3916,-38.390849,145.081007,VIC,21662,ASGS SAL polygon representative point (approximate)
Merricks Beach,3926,-38.398755,145.106315,VIC,21663,ASGS SAL polygon representative point (approximate)
Merricks North,3926,-38.345156,145.076749,VIC,21664,ASGS SAL polygon representative point (approximate)
Merrigum,3618,-36.368226,145.150158,VIC,21665,ASGS SAL polygon representative point (approximate)
Merrijig (East Gippsland - Vic.),3875,-37.654605,147.440735,VIC,21666,ASGS SAL polygon representative point (approximate)
Merrijig (Mansfield - Vic.),3723,-37.078081,146.312809,VIC,21667,ASGS SAL polygon representative point (approximate)
Merrimu,3340,-37.657115,144.477223,VIC,21668,ASGS SAL polygon representative point (approximate)
Merrinee,3496,-34.401261,141.850045,VIC,21669,ASGS SAL polygon representative point (approximate)
Merton,3715,-36.977998,145.709657,VIC,21670,ASGS SAL polygon representative point (approximate)
Metcalfe,3448,-37.090498,144.435697,VIC,21671,ASGS SAL polygon representative point (approximate)
Metcalfe East,3444,-37.14648,144.455875,VIC,21672,ASGS SAL polygon representative point (approximate)
Metung,3904,-37.868559,147.84334,VIC,21673,ASGS SAL polygon representative point (approximate)
Mia Mia,3444,-36.99003,144.607944,VIC,21674,ASGS SAL polygon representative point (approximate)
Mickleham,3064,-37.53981,144.900611,VIC,21675,ASGS SAL polygon representative point (approximate)
Middle Creek,3375,-37.398908,143.241537,VIC,21676,ASGS SAL polygon representative point (approximate)
Middle Park,3206,-37.851145,144.962019,VIC,21677,ASGS SAL polygon representative point (approximate)
Middle Tarwin,3956,-38.664696,145.927167,VIC,21678,ASGS SAL polygon representative point (approximate)
Miepoll,3666,-36.609447,145.480689,VIC,21679,ASGS SAL polygon representative point (approximate)
Miga Lake,3409,-36.859147,141.640852,VIC,21680,ASGS SAL polygon representative point (approximate)
Milawa,3678,-36.45532,146.441295,VIC,21681,ASGS SAL polygon representative point (approximate)
Mildura,3500,-34.208414,142.124209,VIC,21682,ASGS SAL polygon representative point (approximate)
Mill Park,3082,-37.663991,145.064517,VIC,21683,ASGS SAL polygon representative point (approximate)
Millbrook,3352,-37.604184,144.048308,VIC,21684,ASGS SAL polygon representative point (approximate)
Millgrove,3799,-37.744826,145.650716,VIC,21685,ASGS SAL polygon representative point (approximate)
Milloo,3572,-36.357115,144.379747,VIC,21686,ASGS SAL polygon representative point (approximate)
Milltown,3304,-38.05051,141.708738,VIC,21687,ASGS SAL polygon representative point (approximate)
Milnes Bridge,3579,-35.786013,144.082389,VIC,21688,ASGS SAL polygon representative point (approximate)
Mincha,3575,-35.990609,144.063257,VIC,21689,ASGS SAL polygon representative point (approximate)
Mincha West,3568,-35.914399,144.129167,VIC,21690,ASGS SAL polygon representative point (approximate)
Miners Rest,3352,-37.480356,143.79846,VIC,21691,ASGS SAL polygon representative point (approximate)
Mingay,3324,-37.844316,143.32221,VIC,21692,ASGS SAL polygon representative point (approximate)
Minhamite,3287,-37.987614,142.336756,VIC,21693,ASGS SAL polygon representative point (approximate)
Minimay,3413,-36.699139,141.203904,VIC,21694,ASGS SAL polygon representative point (approximate)
Mininera,3351,-37.604361,142.950094,VIC,21695,ASGS SAL polygon representative point (approximate)
Minjah,3276,-38.049748,142.467872,VIC,21696,ASGS SAL polygon representative point (approximate)
Minmindie,3537,-36.021533,143.750327,VIC,21697,ASGS SAL polygon representative point (approximate)
Minyip,3392,-36.456585,142.64611,VIC,21698,ASGS SAL polygon representative point (approximate)
Miowera,3862,-37.471137,147.074848,VIC,21699,ASGS SAL polygon representative point (approximate)
Miralie,3596,-35.12789,143.323031,VIC,21700,ASGS SAL polygon representative point (approximate)
Miram,3415,-36.374078,141.379244,VIC,21701,ASGS SAL polygon representative point (approximate)
Mirboo,3871,-38.479236,146.237731,VIC,21702,ASGS SAL polygon representative point (approximate)
Mirboo North,3871,-38.394976,146.150296,VIC,21703,ASGS SAL polygon representative point (approximate)
Mirimbah,3723,-37.11524,146.396741,VIC,21704,ASGS SAL polygon representative point (approximate)
Mirranatwa,3294,-37.411465,142.395377,VIC,21705,ASGS SAL polygon representative point (approximate)
Mitcham,3132,-37.818164,145.199013,VIC,21706,ASGS SAL polygon representative point (approximate)
Mitchell Park,3355,-37.506912,143.779816,VIC,21707,ASGS SAL polygon representative point (approximate)
Mitchellstown,3608,-36.83577,145.046939,VIC,21708,ASGS SAL polygon representative point (approximate)
Mitiamo,3573,-36.215449,144.239725,VIC,21709,ASGS SAL polygon representative point (approximate)
Mitre,3409,-36.723797,141.790547,VIC,21710,ASGS SAL polygon representative point (approximate)
Mitta Mitta,3701,-36.63121,147.398221,VIC,21711,ASGS SAL polygon representative point (approximate)
Mittyack,3490,-35.154292,142.622318,VIC,21712,ASGS SAL polygon representative point (approximate)
Mockinya,3401,-36.960171,142.177969,VIC,21713,ASGS SAL polygon representative point (approximate)
Modella,3816,-38.176839,145.723587,VIC,21714,ASGS SAL polygon representative point (approximate)
Modewarre,3240,-38.268892,144.127279,VIC,21715,ASGS SAL polygon representative point (approximate)
Moe,3825,-38.178586,146.250338,VIC,21716,ASGS SAL polygon representative point (approximate)
Moe South,3825,-38.214868,146.246594,VIC,21717,ASGS SAL polygon representative point (approximate)
Moggs Creek,3231,-38.463147,144.063104,VIC,21718,ASGS SAL polygon representative point (approximate)
Moglonemby,3666,-36.658065,145.542254,VIC,21719,ASGS SAL polygon representative point (approximate)
Mokepilly,3381,-37.092883,142.644798,VIC,21720,ASGS SAL polygon representative point (approximate)
Molesworth,3718,-37.161061,145.524877,VIC,21721,ASGS SAL polygon representative point (approximate)
Moliagul,3472,-36.74849,143.664316,VIC,21722,ASGS SAL polygon representative point (approximate)
Molka,3666,-36.675453,145.409145,VIC,21723,ASGS SAL polygon representative point (approximate)
Mollongghip,3352,-37.468822,144.044065,VIC,21724,ASGS SAL polygon representative point (approximate)
Mologa,3575,-36.160868,144.12951,VIC,21725,ASGS SAL polygon representative point (approximate)
Molyullah,3673,-36.675185,146.15446,VIC,21726,ASGS SAL polygon representative point (approximate)
Monbulk,3793,-37.873884,145.427649,VIC,21727,ASGS SAL polygon representative point (approximate)
Monegeetta,3433,-37.401044,144.776472,VIC,21728,ASGS SAL polygon representative point (approximate)
Mongans Bridge,3691,-36.589108,147.121837,VIC,21729,ASGS SAL polygon representative point (approximate)
Monomak,3860,-37.784766,146.824894,VIC,21730,ASGS SAL polygon representative point (approximate)
Monomeith,3984,-38.21161,145.533928,VIC,21731,ASGS SAL polygon representative point (approximate)
Mont Albert,3127,-37.817712,145.107784,VIC,21732,ASGS SAL polygon representative point (approximate)
Mont Albert North,3129,-37.803361,145.110745,VIC,21733,ASGS SAL polygon representative point (approximate)
Montgomery,3851,-38.037384,147.060779,VIC,21734,ASGS SAL polygon representative point (approximate)
Montmorency,3094,-37.719021,145.125275,VIC,21735,ASGS SAL polygon representative point (approximate)
Montrose,3765,-37.812753,145.346877,VIC,21736,ASGS SAL polygon representative point (approximate)
Moolap,3224,-38.181009,144.423892,VIC,21737,ASGS SAL polygon representative point (approximate)
Moolerr,3477,-36.643687,143.171805,VIC,21738,ASGS SAL polygon representative point (approximate)
Moolort,3465,-37.064618,143.924003,VIC,21739,ASGS SAL polygon representative point (approximate)
Moonambel,3478,-36.986636,143.303141,VIC,21740,ASGS SAL polygon representative point (approximate)
Moondarra,3825,-38.047822,146.353341,VIC,21741,ASGS SAL polygon representative point (approximate)
Moonee Ponds,3039,-37.765613,144.921435,VIC,21742,ASGS SAL polygon representative point (approximate)
Moonlight Flat (Central Goldfields - Vic.),3465,-37.047705,143.649652,VIC,21743,ASGS SAL polygon representative point (approximate)
Moonlight Flat (Mount Alexander - Vic.),3450,-37.062964,144.246474,VIC,21744,ASGS SAL polygon representative point (approximate)
Moora,3612,-36.603948,144.945438,VIC,21745,ASGS SAL polygon representative point (approximate)
Moorabbin,3189,-37.941445,145.057787,VIC,21746,ASGS SAL polygon representative point (approximate)
Moorabbin Airport,3194,-37.977422,145.099775,VIC,21747,ASGS SAL polygon representative point (approximate)
Moorabool,3213,-38.049049,144.283316,VIC,21748,ASGS SAL polygon representative point (approximate)
Mooralla,3314,-37.394038,142.117655,VIC,21749,ASGS SAL polygon representative point (approximate)
Moorilim,3610,-36.631442,145.304204,VIC,21750,ASGS SAL polygon representative point (approximate)
Moormbool West,3523,-36.802822,144.858967,VIC,21751,ASGS SAL polygon representative point (approximate)
Moornapa,3862,-37.699182,147.170459,VIC,21752,ASGS SAL polygon representative point (approximate)
Moorngag,3673,-36.73414,146.056278,VIC,21753,ASGS SAL polygon representative point (approximate)
Moorooduc,3933,-38.247015,145.119,VIC,21754,ASGS SAL polygon representative point (approximate)
Mooroolbark,3138,-37.78135,145.32566,VIC,21755,ASGS SAL polygon representative point (approximate)
Mooroopna,3629,-36.398799,145.346121,VIC,21756,ASGS SAL polygon representative point (approximate)
Mooroopna North,3629,-36.32479,145.311094,VIC,21757,ASGS SAL polygon representative point (approximate)
Mooroopna North West,3616,-36.347222,145.251286,VIC,21758,ASGS SAL polygon representative point (approximate)
Moranding,3764,-37.233639,144.952389,VIC,21759,ASGS SAL polygon representative point (approximate)
Mordialloc,3195,-37.999363,145.096053,VIC,21760,ASGS SAL polygon representative point (approximate)
Morgiana,3301,-37.728832,141.837722,VIC,21761,ASGS SAL polygon representative point (approximate)
Moriac,3240,-38.247062,144.174341,VIC,21762,ASGS SAL polygon representative point (approximate)
Mornington,3931,-38.230421,145.060286,VIC,21763,ASGS SAL polygon representative point (approximate)
Moroka,3860,-37.489902,146.938842,VIC,21764,ASGS SAL polygon representative point (approximate)
Morrisons,3334,-37.766689,144.117994,VIC,21765,ASGS SAL polygon representative point (approximate)
Morrl Morrl,3387,-36.866377,142.894918,VIC,21766,ASGS SAL polygon representative point (approximate)
Mortlake,3272,-38.057701,142.808934,VIC,21767,ASGS SAL polygon representative point (approximate)
Morton Plains,3482,-36.077924,142.904763,VIC,21768,ASGS SAL polygon representative point (approximate)
Morwell,3840,-38.227567,146.414515,VIC,21769,ASGS SAL polygon representative point (approximate)
Mossiface,3885,-37.742301,147.818115,VIC,21770,ASGS SAL polygon representative point (approximate)
Mount Alfred,3709,-36.000691,147.631274,VIC,21771,ASGS SAL polygon representative point (approximate)
Mount Beauty,3699,-36.751259,147.225287,VIC,21772,ASGS SAL polygon representative point (approximate)
Mount Beckworth,3363,-37.308017,143.695185,VIC,21773,ASGS SAL polygon representative point (approximate)
Mount Best,3960,-38.588474,146.295845,VIC,21774,ASGS SAL polygon representative point (approximate)
Mount Bolton,3352,-37.359208,143.695949,VIC,21775,ASGS SAL polygon representative point (approximate)
Mount Bruno,3675,-36.32066,146.156442,VIC,21776,ASGS SAL polygon representative point (approximate)
Mount Buffalo,3740,-36.731328,146.783963,VIC,21777,ASGS SAL polygon representative point (approximate)
Mount Buller,3723,-37.260807,146.435626,VIC,21778,ASGS SAL polygon representative point (approximate)
Mount Burnett,3781,-37.974279,145.508598,VIC,21779,ASGS SAL polygon representative point (approximate)
Mount Bute,3324,-37.872659,143.405476,VIC,21780,ASGS SAL polygon representative point (approximate)
Mount Camel,3523,-36.807788,144.746856,VIC,21781,ASGS SAL polygon representative point (approximate)
Mount Cameron,3370,-37.201127,143.812923,VIC,21782,ASGS SAL polygon representative point (approximate)
Mount Clear,3350,-37.603394,143.871039,VIC,21783,ASGS SAL polygon representative point (approximate)
Mount Cole,3377,-37.255488,143.214778,VIC,21784,ASGS SAL polygon representative point (approximate)
Mount Cole Creek,3377,-37.219966,143.124333,VIC,21785,ASGS SAL polygon representative point (approximate)
Mount Cottrell,3024,-37.787679,144.624719,VIC,21786,ASGS SAL polygon representative point (approximate)
Mount Dandenong,3767,-37.836265,145.350211,VIC,21787,ASGS SAL polygon representative point (approximate)
Mount Doran,3334,-37.72169,144.041076,VIC,21788,ASGS SAL polygon representative point (approximate)
Mount Dryden,3381,-37.046371,142.531866,VIC,21789,ASGS SAL polygon representative point (approximate)
Mount Duneed,3217,-38.246135,144.307485,VIC,21790,ASGS SAL polygon representative point (approximate)
Mount Eccles,3953,-38.380836,145.972824,VIC,21791,ASGS SAL polygon representative point (approximate)
Mount Egerton,3352,-37.648214,144.110247,VIC,21792,ASGS SAL polygon representative point (approximate)
Mount Eliza,3930,-38.195061,145.092897,VIC,21793,ASGS SAL polygon representative point (approximate)
Mount Emu,3351,-37.603872,143.400504,VIC,21794,ASGS SAL polygon representative point (approximate)
Mount Evelyn,3796,-37.787278,145.388217,VIC,21795,ASGS SAL polygon representative point (approximate)
Mount Franklin,3461,-37.259666,144.154545,VIC,21796,ASGS SAL polygon representative point (approximate)
Mount Glasgow,3371,-37.204127,143.758198,VIC,21797,ASGS SAL polygon representative point (approximate)
Mount Helen,3350,-37.628653,143.885314,VIC,21798,ASGS SAL polygon representative point (approximate)
Mount Hooghly,3472,-36.91416,143.65835,VIC,21799,ASGS SAL polygon representative point (approximate)
Mount Lonarch,3468,-37.268144,143.378131,VIC,21800,ASGS SAL polygon representative point (approximate)
Mount Macedon,3441,-37.392957,144.593187,VIC,21801,ASGS SAL polygon representative point (approximate)
Mount Major,3646,-36.365015,145.699014,VIC,21802,ASGS SAL polygon representative point (approximate)
Mount Martha,3934,-38.275452,145.030737,VIC,21803,ASGS SAL polygon representative point (approximate)
Mount Mercer,3352,-37.837615,143.86956,VIC,21804,ASGS SAL polygon representative point (approximate)
Mount Moriac,3240,-38.212696,144.191691,VIC,21805,ASGS SAL polygon representative point (approximate)
Mount Napier,3301,-37.904011,142.061814,VIC,21806,ASGS SAL polygon representative point (approximate)
Mount Pleasant,3350,-37.581127,143.855031,VIC,21807,ASGS SAL polygon representative point (approximate)
Mount Prospect,3364,-37.394064,144.04637,VIC,21808,ASGS SAL polygon representative point (approximate)
Mount Richmond,3305,-38.154416,141.332415,VIC,21809,ASGS SAL polygon representative point (approximate)
Mount Rowan,3352,-37.500841,143.84134,VIC,21810,ASGS SAL polygon representative point (approximate)
Mount Sabine,3236,-38.634112,143.743867,VIC,21811,ASGS SAL polygon representative point (approximate)
Mount Tassie,3844,-38.388616,146.561907,VIC,21812,ASGS SAL polygon representative point (approximate)
Mount Taylor,3875,-37.723965,147.576242,VIC,21813,ASGS SAL polygon representative point (approximate)
Mount Toolebewong,3777,-37.718192,145.560765,VIC,21814,ASGS SAL polygon representative point (approximate)
Mount Wallace,3342,-37.730297,144.20966,VIC,21815,ASGS SAL polygon representative point (approximate)
Mount Waverley,3149,-37.878369,145.128503,VIC,21816,ASGS SAL polygon representative point (approximate)
Mountain Bay,3723,-37.197367,146.098807,VIC,21817,ASGS SAL polygon representative point (approximate)
Mountain View,3988,-38.302267,145.86637,VIC,21818,ASGS SAL polygon representative point (approximate)
Moutajup,3294,-37.674817,142.21676,VIC,21819,ASGS SAL polygon representative point (approximate)
Moyhu,3732,-36.594706,146.364418,VIC,21820,ASGS SAL polygon representative point (approximate)
Moyreisk,3477,-36.873249,143.390502,VIC,21821,ASGS SAL polygon representative point (approximate)
Moyston,3377,-37.290939,142.737308,VIC,21822,ASGS SAL polygon representative point (approximate)
Muckatah,3644,-36.003154,145.651163,VIC,21823,ASGS SAL polygon representative point (approximate)
Muckleford,3451,-37.052044,144.153591,VIC,21824,ASGS SAL polygon representative point (approximate)
Muckleford South,3462,-37.105462,144.123743,VIC,21825,ASGS SAL polygon representative point (approximate)
Mudgegonga,3737,-36.494786,146.865058,VIC,21826,ASGS SAL polygon representative point (approximate)
Mulgrave,3170,-37.925652,145.175863,VIC,21827,ASGS SAL polygon representative point (approximate)
Mumbannar,3304,-37.921096,141.088743,VIC,21828,ASGS SAL polygon representative point (approximate)
Mundoona,3635,-36.164092,145.352781,VIC,21829,ASGS SAL polygon representative point (approximate)
Munro,3862,-37.905115,147.220162,VIC,21830,ASGS SAL polygon representative point (approximate)
Muntham,3315,-37.57335,141.544337,VIC,21831,ASGS SAL polygon representative point (approximate)
Murchison,3610,-36.625461,145.179521,VIC,21832,ASGS SAL polygon representative point (approximate)
Murchison East,3610,-36.614827,145.252752,VIC,21833,ASGS SAL polygon representative point (approximate)
Murchison North,3610,-36.565828,145.269973,VIC,21834,ASGS SAL polygon representative point (approximate)
Murgheboluc,3218,-38.100391,144.138871,VIC,21835,ASGS SAL polygon representative point (approximate)
Murmungee,3747,-36.443282,146.680816,VIC,21836,ASGS SAL polygon representative point (approximate)
Murnungin,3544,-35.614329,143.241058,VIC,21837,ASGS SAL polygon representative point (approximate)
Murphys Creek,3551,-36.735553,143.748121,VIC,21838,ASGS SAL polygon representative point (approximate)
Murra Warra,3401,-36.449072,142.244807,VIC,21839,ASGS SAL polygon representative point (approximate)
Murrabit,3579,-35.543229,143.939044,VIC,21840,ASGS SAL polygon representative point (approximate)
Murrabit West,3579,-35.509979,143.882608,VIC,21841,ASGS SAL polygon representative point (approximate)
Murrawee,3586,-35.299309,143.513149,VIC,21842,ASGS SAL polygon representative point (approximate)
Murray-sunset,3490,-34.709525,141.476598,VIC,21843,ASGS SAL polygon representative point (approximate)
Murraydale,3586,-35.281153,143.565517,VIC,21844,ASGS SAL polygon representative point (approximate)
Murrayville,3512,-35.197641,141.206276,VIC,21845,ASGS SAL polygon representative point (approximate)
Murrindal,3885,-37.416347,148.212131,VIC,21846,ASGS SAL polygon representative point (approximate)
Murrindindi,3717,-37.386498,145.576908,VIC,21847,ASGS SAL polygon representative point (approximate)
Murroon,3243,-38.420681,143.808672,VIC,21848,ASGS SAL polygon representative point (approximate)
Murrumbeena,3163,-37.896679,145.070151,VIC,21849,ASGS SAL polygon representative point (approximate)
Murtoa,3390,-36.603049,142.474002,VIC,21850,ASGS SAL polygon representative point (approximate)
Musk,3461,-37.36754,144.200298,VIC,21851,ASGS SAL polygon representative point (approximate)
Musk Vale,3461,-37.383435,144.144838,VIC,21852,ASGS SAL polygon representative point (approximate)
Muskerry,3557,-36.68917,144.583295,VIC,21853,ASGS SAL polygon representative point (approximate)
Myall (Buloke - Vic.),3533,-35.536489,142.75567,VIC,21854,ASGS SAL polygon representative point (approximate)
Myall (Gannawarra - Vic.),3579,-35.600734,144.019935,VIC,21855,ASGS SAL polygon representative point (approximate)
Myamyn,3304,-38.00385,141.713849,VIC,21856,ASGS SAL polygon representative point (approximate)
Myers Flat,3556,-36.70538,144.182757,VIC,21857,ASGS SAL polygon representative point (approximate)
Myola,3551,-36.629585,144.605126,VIC,21858,ASGS SAL polygon representative point (approximate)
Myrniong,3341,-37.597898,144.386269,VIC,21859,ASGS SAL polygon representative point (approximate)
Myrrhee,3732,-36.745107,146.308295,VIC,21860,ASGS SAL polygon representative point (approximate)
Myrtle Creek,3551,-36.936408,144.40595,VIC,21861,ASGS SAL polygon representative point (approximate)
Myrtlebank,3851,-38.067342,147.026423,VIC,21862,ASGS SAL polygon representative point (approximate)
Myrtleford,3737,-36.572985,146.739995,VIC,21863,ASGS SAL polygon representative point (approximate)
Mysia,3518,-36.224912,143.75329,VIC,21864,ASGS SAL polygon representative point (approximate)
Mystic Park,3579,-35.564904,143.732073,VIC,21865,ASGS SAL polygon representative point (approximate)
Mywee,3641,-35.842267,145.50885,VIC,21866,ASGS SAL polygon representative point (approximate)
Nagambie,3608,-36.783288,145.215347,VIC,21867,ASGS SAL polygon representative point (approximate)
Nalangil,3249,-38.322465,143.459242,VIC,21868,ASGS SAL polygon representative point (approximate)
Nalinga,3646,-36.422623,145.723807,VIC,21869,ASGS SAL polygon representative point (approximate)
Nambrok,3847,-38.084103,146.849416,VIC,21870,ASGS SAL polygon representative point (approximate)
Nandaly,3533,-35.31193,142.679605,VIC,21871,ASGS SAL polygon representative point (approximate)
Nangana,3781,-37.877524,145.535906,VIC,21872,ASGS SAL polygon representative point (approximate)
Nangeela,3312,-37.478922,141.339483,VIC,21873,ASGS SAL polygon representative point (approximate)
Nangiloc,3494,-34.478546,142.301413,VIC,21874,ASGS SAL polygon representative point (approximate)
Nanneella,3561,-36.344749,144.796097,VIC,21875,ASGS SAL polygon representative point (approximate)
Nap Nap Marra,3860,-37.5786,146.845883,VIC,21876,ASGS SAL polygon representative point (approximate)
Napoleons,3352,-37.690088,143.80763,VIC,21877,ASGS SAL polygon representative point (approximate)
Nar Nar Goon,3812,-38.10586,145.569003,VIC,21878,ASGS SAL polygon representative point (approximate)
Nar Nar Goon North,3812,-38.035415,145.565179,VIC,21879,ASGS SAL polygon representative point (approximate)
Narbethong,3778,-37.530863,145.634172,VIC,21880,ASGS SAL polygon representative point (approximate)
Nareeb,3293,-37.834425,142.543747,VIC,21881,ASGS SAL polygon representative point (approximate)
Nareen,3315,-37.386227,141.536846,VIC,21882,ASGS SAL polygon representative point (approximate)
Nareewillock,3525,-36.156764,143.435303,VIC,21883,ASGS SAL polygon representative point (approximate)
Nariel Valley,3707,-36.506989,147.839962,VIC,21884,ASGS SAL polygon representative point (approximate)
Naring,3636,-36.062948,145.58296,VIC,21885,ASGS SAL polygon representative point (approximate)
Naringal,3277,-38.39703,142.719177,VIC,21886,ASGS SAL polygon representative point (approximate)
Naringal East,3277,-38.408394,142.792111,VIC,21887,ASGS SAL polygon representative point (approximate)
Naroghid,3266,-38.252259,143.066887,VIC,21888,ASGS SAL polygon representative point (approximate)
Narracan,3824,-38.270776,146.235771,VIC,21889,ASGS SAL polygon representative point (approximate)
Narraport,3483,-36.019571,143.066546,VIC,21890,ASGS SAL polygon representative point (approximate)
Narrapumelap South,3293,-37.752946,142.63573,VIC,21891,ASGS SAL polygon representative point (approximate)
Narrawong,3285,-38.238838,141.707081,VIC,21892,ASGS SAL polygon representative point (approximate)
Narre Warren,3805,-38.018855,145.305526,VIC,21893,ASGS SAL polygon representative point (approximate)
Narre Warren East,3804,-37.963158,145.359469,VIC,21894,ASGS SAL polygon representative point (approximate)
Narre Warren North,3804,-37.981913,145.313866,VIC,21895,ASGS SAL polygon representative point (approximate)
Narre Warren South,3805,-38.055389,145.302855,VIC,21896,ASGS SAL polygon representative point (approximate)
Narrung,3597,-34.78123,143.222208,VIC,21897,ASGS SAL polygon representative point (approximate)
Nathalia,3638,-36.057482,145.195375,VIC,21898,ASGS SAL polygon representative point (approximate)
Natimuk,3409,-36.735291,141.935877,VIC,21899,ASGS SAL polygon representative point (approximate)
Natte Yallock,3465,-36.945411,143.456368,VIC,21900,ASGS SAL polygon representative point (approximate)
Natya,3597,-34.954322,143.200296,VIC,21901,ASGS SAL polygon representative point (approximate)
Navarre,3384,-36.905507,143.098006,VIC,21902,ASGS SAL polygon representative point (approximate)
Navigators,3352,-37.612778,143.934278,VIC,21903,ASGS SAL polygon representative point (approximate)
Nayook,3832,-37.913738,145.932374,VIC,21904,ASGS SAL polygon representative point (approximate)
Neds Corner,3496,-34.212877,141.389292,VIC,21905,ASGS SAL polygon representative point (approximate)
Neereman,3463,-36.918493,143.928121,VIC,21906,ASGS SAL polygon representative point (approximate)
Neerim,3831,-37.955017,145.960925,VIC,21907,ASGS SAL polygon representative point (approximate)
Neerim East,3831,-37.996176,146.053632,VIC,21908,ASGS SAL polygon representative point (approximate)
Neerim Junction,3832,-37.923731,145.965484,VIC,21909,ASGS SAL polygon representative point (approximate)
Neerim North,3832,-37.924405,146.026828,VIC,21910,ASGS SAL polygon representative point (approximate)
Neerim South,3831,-38.013006,145.983893,VIC,21911,ASGS SAL polygon representative point (approximate)
Neilborough,3570,-36.564748,144.274376,VIC,21912,ASGS SAL polygon representative point (approximate)
Nelse,3699,-36.836299,147.359413,VIC,21913,ASGS SAL polygon representative point (approximate)
Nelson,3292,-38.065815,141.109862,VIC,21914,ASGS SAL polygon representative point (approximate)
Nerrena,3953,-38.503094,146.008193,VIC,21915,ASGS SAL polygon representative point (approximate)
Nerrin Nerrin,3351,-37.758887,143.01908,VIC,21916,ASGS SAL polygon representative point (approximate)
Nerrina,3350,-37.537837,143.895842,VIC,21917,ASGS SAL polygon representative point (approximate)
Nerring,3373,-37.497926,143.446012,VIC,21918,ASGS SAL polygon representative point (approximate)
Netherby,3418,-36.073927,141.647788,VIC,21919,ASGS SAL polygon representative point (approximate)
Neuarpurr,3413,-36.702922,141.046209,VIC,21920,ASGS SAL polygon representative point (approximate)
New Gisborne,3438,-37.452373,144.615257,VIC,21921,ASGS SAL polygon representative point (approximate)
Newborough,3825,-38.175979,146.29302,VIC,21922,ASGS SAL polygon representative point (approximate)
Newbridge,3551,-36.744863,143.918831,VIC,21923,ASGS SAL polygon representative point (approximate)
Newbury,3458,-37.421453,144.285589,VIC,21924,ASGS SAL polygon representative point (approximate)
Newcomb,3219,-38.1631,144.395355,VIC,21925,ASGS SAL polygon representative point (approximate)
Newfield,3268,-38.562534,143.010505,VIC,21926,ASGS SAL polygon representative point (approximate)
Newham,3442,-37.299622,144.603682,VIC,21927,ASGS SAL polygon representative point (approximate)
Newhaven,3925,-38.51375,145.325085,VIC,21928,ASGS SAL polygon representative point (approximate)
Newington,3350,-37.564018,143.827578,VIC,21929,ASGS SAL polygon representative point (approximate)
Newlands Arm,3875,-37.926366,147.687985,VIC,21930,ASGS SAL polygon representative point (approximate)
Newlyn,3364,-37.416742,143.983978,VIC,21931,ASGS SAL polygon representative point (approximate)
Newlyn North,3364,-37.394938,144.008084,VIC,21932,ASGS SAL polygon representative point (approximate)
Newmerella,3886,-37.752333,148.451495,VIC,21933,ASGS SAL polygon representative point (approximate)
Newport,3015,-37.843634,144.879952,VIC,21934,ASGS SAL polygon representative point (approximate)
Newry,3859,-37.896526,146.895762,VIC,21935,ASGS SAL polygon representative point (approximate)
Newstead,3462,-37.105697,144.053967,VIC,21936,ASGS SAL polygon representative point (approximate)
Newtown (Golden Plains - Vic.),3351,-37.702722,143.6594,VIC,21937,ASGS SAL polygon representative point (approximate)
Newtown (Greater Geelong - Vic.),3220,-38.153926,144.335056,VIC,21938,ASGS SAL polygon representative point (approximate)
Nhill,3418,-36.300796,141.591189,VIC,21939,ASGS SAL polygon representative point (approximate)
Nichols Point,3501,-34.211933,142.214615,VIC,21940,ASGS SAL polygon representative point (approximate)
Nicholson,3882,-37.812836,147.748913,VIC,21941,ASGS SAL polygon representative point (approximate)
Niddrie,3042,-37.73973,144.884747,VIC,21942,ASGS SAL polygon representative point (approximate)
Nilma,3821,-38.169544,145.973154,VIC,21943,ASGS SAL polygon representative point (approximate)
Nilma North,3821,-38.127355,146.004075,VIC,21944,ASGS SAL polygon representative point (approximate)
Ninda,3533,-35.442193,142.724715,VIC,21945,ASGS SAL polygon representative point (approximate)
Nine Mile,3518,-36.448549,143.467308,VIC,21946,ASGS SAL polygon representative point (approximate)
Nintingbool,3351,-37.610486,143.721015,VIC,21947,ASGS SAL polygon representative point (approximate)
Ninyeunook,3527,-35.957438,143.421343,VIC,21948,ASGS SAL polygon representative point (approximate)
Nirranda,3268,-38.506062,142.770455,VIC,21949,ASGS SAL polygon representative point (approximate)
Nirranda East,3268,-38.48947,142.861425,VIC,21950,ASGS SAL polygon representative point (approximate)
Nirranda South,3268,-38.543479,142.800467,VIC,21951,ASGS SAL polygon representative point (approximate)
Noble Park,3174,-37.969491,145.176734,VIC,21952,ASGS SAL polygon representative point (approximate)
Noble Park North,3174,-37.951228,145.190819,VIC,21953,ASGS SAL polygon representative point (approximate)
Noojee,3833,-37.845169,145.969296,VIC,21954,ASGS SAL polygon representative point (approximate)
Noorat,3265,-38.193398,142.931749,VIC,21955,ASGS SAL polygon representative point (approximate)
Noorat East,3265,-38.201503,142.97741,VIC,21956,ASGS SAL polygon representative point (approximate)
Noorinbee,3890,-37.515451,149.215305,VIC,21957,ASGS SAL polygon representative point (approximate)
Noorinbee North,3890,-37.426903,149.219501,VIC,21958,ASGS SAL polygon representative point (approximate)
Noradjuha,3409,-36.847989,141.919609,VIC,21959,ASGS SAL polygon representative point (approximate)
Norlane,3214,-38.091939,144.353464,VIC,21960,ASGS SAL polygon representative point (approximate)
Normanville,3579,-35.800008,143.73223,VIC,21961,ASGS SAL polygon representative point (approximate)
Norong,3682,-36.099848,146.349492,VIC,21962,ASGS SAL polygon representative point (approximate)
North Bendigo,3550,-36.737452,144.280427,VIC,21963,ASGS SAL polygon representative point (approximate)
North Blackwood,3458,-37.417604,144.363222,VIC,21964,ASGS SAL polygon representative point (approximate)
North Geelong,3215,-38.115834,144.349203,VIC,21965,ASGS SAL polygon representative point (approximate)
North Melbourne,3051,-37.798452,144.944899,VIC,21966,ASGS SAL polygon representative point (approximate)
North Shore,3214,-38.095095,144.373289,VIC,21967,ASGS SAL polygon representative point (approximate)
North Wangaratta,3678,-36.325741,146.343863,VIC,21968,ASGS SAL polygon representative point (approximate)
North Warrandyte,3113,-37.725839,145.215538,VIC,21969,ASGS SAL polygon representative point (approximate)
North Wonthaggi,3995,-38.5795,145.594169,VIC,21970,ASGS SAL polygon representative point (approximate)
Northcote,3070,-37.772511,145.000493,VIC,21971,ASGS SAL polygon representative point (approximate)
Northwood,3660,-36.948787,145.100788,VIC,21972,ASGS SAL polygon representative point (approximate)
Norval,3377,-37.253558,142.862537,VIC,21973,ASGS SAL polygon representative point (approximate)
Notting Hill,3168,-37.904743,145.141757,VIC,21974,ASGS SAL polygon representative point (approximate)
Nowa Nowa,3887,-37.693302,148.020185,VIC,21975,ASGS SAL polygon representative point (approximate)
Nowhere Creek,3469,-37.125229,143.292645,VIC,21976,ASGS SAL polygon representative point (approximate)
Nowie,3585,-35.330547,143.278191,VIC,21977,ASGS SAL polygon representative point (approximate)
Nug Nug,3737,-36.664611,146.727673,VIC,21978,ASGS SAL polygon representative point (approximate)
Nuggetty,3463,-36.952764,144.055064,VIC,21979,ASGS SAL polygon representative point (approximate)
Nulla Vale,3435,-37.171984,144.764668,VIC,21980,ASGS SAL polygon representative point (approximate)
Nullawarre,3268,-38.476032,142.766299,VIC,21981,ASGS SAL polygon representative point (approximate)
Nullawarre North,3268,-38.437939,142.796446,VIC,21982,ASGS SAL polygon representative point (approximate)
Nullawil,3529,-35.857685,143.140573,VIC,21983,ASGS SAL polygon representative point (approximate)
Numurkah,3636,-36.08617,145.434925,VIC,21984,ASGS SAL polygon representative point (approximate)
Nunawading,3131,-37.817349,145.176537,VIC,21985,ASGS SAL polygon representative point (approximate)
Nungurner,3909,-37.858361,147.897071,VIC,21986,ASGS SAL polygon representative point (approximate)
Nunniong,3896,-37.22313,147.954495,VIC,21987,ASGS SAL polygon representative point (approximate)
Nurcoung,3401,-36.621944,141.683428,VIC,21988,ASGS SAL polygon representative point (approximate)
Nurrabiel,3401,-36.948482,142.04616,VIC,21989,ASGS SAL polygon representative point (approximate)
Nurran,3888,-37.496012,148.581294,VIC,21990,ASGS SAL polygon representative point (approximate)
Nutfield,3099,-37.602112,145.185508,VIC,21991,ASGS SAL polygon representative point (approximate)
Nyah,3594,-35.146896,143.363266,VIC,21992,ASGS SAL polygon representative point (approximate)
Nyah West,3595,-35.183497,143.335784,VIC,21993,ASGS SAL polygon representative point (approximate)
Nyarrin,3533,-35.386517,142.670736,VIC,21994,ASGS SAL polygon representative point (approximate)
Nyerimilang,3909,-37.891491,147.919141,VIC,21995,ASGS SAL polygon representative point (approximate)
Nyora,3987,-38.308655,145.683587,VIC,21996,ASGS SAL polygon representative point (approximate)
Nyrraby,3585,-35.221571,143.223785,VIC,21997,ASGS SAL polygon representative point (approximate)
Oak Park,3046,-37.717537,144.917023,VIC,21998,ASGS SAL polygon representative point (approximate)
Oaklands Junction,3063,-37.591596,144.840135,VIC,21999,ASGS SAL polygon representative point (approximate)
Oakleigh,3166,-37.900681,145.095683,VIC,22000,ASGS SAL polygon representative point (approximate)
Oakleigh East,3166,-37.903893,145.115325,VIC,22001,ASGS SAL polygon representative point (approximate)
Oakleigh South,3167,-37.924387,145.09428,VIC,22002,ASGS SAL polygon representative point (approximate)
Oakvale,3540,-35.93006,143.543264,VIC,22003,ASGS SAL polygon representative point (approximate)
Ocean Grange,3880,-37.997776,147.687773,VIC,22004,ASGS SAL polygon representative point (approximate)
Ocean Grove,3226,-38.259553,144.538358,VIC,22005,ASGS SAL polygon representative point (approximate)
Officer,3809,-38.054112,145.412599,VIC,22006,ASGS SAL polygon representative point (approximate)
Officer South,3809,-38.100939,145.423048,VIC,22007,ASGS SAL polygon representative point (approximate)
Old Tallangatta,3701,-36.200591,147.248701,VIC,22008,ASGS SAL polygon representative point (approximate)
Olinda,3788,-37.852352,145.379695,VIC,22009,ASGS SAL polygon representative point (approximate)
Ombersley,3241,-38.202594,143.814622,VIC,22010,ASGS SAL polygon representative point (approximate)
Omeo,3898,-37.111018,147.58459,VIC,22011,ASGS SAL polygon representative point (approximate)
Omeo Valley,3898,-36.944386,147.616601,VIC,22012,ASGS SAL polygon representative point (approximate)
Ondit,3249,-38.242634,143.617621,VIC,22013,ASGS SAL polygon representative point (approximate)
Orbost,3888,-37.651517,148.514725,VIC,22014,ASGS SAL polygon representative point (approximate)
Orford,3284,-38.194919,142.10494,VIC,22015,ASGS SAL polygon representative point (approximate)
Ormond,3204,-37.903919,145.041618,VIC,22016,ASGS SAL polygon representative point (approximate)
Orrvale,3631,-36.411558,145.446852,VIC,22017,ASGS SAL polygon representative point (approximate)
Osbornes Flat,3691,-36.32062,146.909142,VIC,22018,ASGS SAL polygon representative point (approximate)
Outtrim,3951,-38.528753,145.771274,VIC,22019,ASGS SAL polygon representative point (approximate)
Ouyen,3490,-35.048823,142.295434,VIC,22020,ASGS SAL polygon representative point (approximate)
Ovens,3738,-36.604347,146.784443,VIC,22021,ASGS SAL polygon representative point (approximate)
Oxley,3678,-36.448798,146.377183,VIC,22022,ASGS SAL polygon representative point (approximate)
Oxley Flats,3678,-36.398442,146.391616,VIC,22023,ASGS SAL polygon representative point (approximate)
Ozenkadnook,3413,-36.830125,141.356546,VIC,22024,ASGS SAL polygon representative point (approximate)
Paaratte,3268,-38.553737,142.967866,VIC,22025,ASGS SAL polygon representative point (approximate)
Painswick,3551,-36.794715,143.726268,VIC,22026,ASGS SAL polygon representative point (approximate)
Pakenham,3810,-38.073578,145.485168,VIC,22027,ASGS SAL polygon representative point (approximate)
Pakenham South,3810,-38.13836,145.498653,VIC,22028,ASGS SAL polygon representative point (approximate)
Pakenham Upper,3810,-38.007796,145.507647,VIC,22029,ASGS SAL polygon representative point (approximate)
Panitya,3512,-35.12095,141.020106,VIC,22030,ASGS SAL polygon representative point (approximate)
Panmure,3265,-38.331613,142.722288,VIC,22031,ASGS SAL polygon representative point (approximate)
Panton Hill,3759,-37.642792,145.246472,VIC,22032,ASGS SAL polygon representative point (approximate)
Paradise,3477,-36.82257,143.063482,VIC,22033,ASGS SAL polygon representative point (approximate)
Paradise Beach,3851,-38.193696,147.415616,VIC,22034,ASGS SAL polygon representative point (approximate)
Paraparap,3240,-38.297809,144.183238,VIC,22035,ASGS SAL polygon representative point (approximate)
Park Orchards,3114,-37.77699,145.214779,VIC,22036,ASGS SAL polygon representative point (approximate)
Parkdale,3195,-37.991852,145.081289,VIC,22037,ASGS SAL polygon representative point (approximate)
Parkville,3052,-37.786753,144.95133,VIC,22038,ASGS SAL polygon representative point (approximate)
Parwan,3340,-37.74287,144.468389,VIC,22039,ASGS SAL polygon representative point (approximate)
Paschendale,3315,-37.660283,141.604219,VIC,22040,ASGS SAL polygon representative point (approximate)
Pascoe Vale,3044,-37.725056,144.938115,VIC,22041,ASGS SAL polygon representative point (approximate)
Pascoe Vale South,3044,-37.743295,144.938497,VIC,22042,ASGS SAL polygon representative point (approximate)
Pastoria,3444,-37.214283,144.589844,VIC,22043,ASGS SAL polygon representative point (approximate)
Pastoria East,3444,-37.17761,144.634392,VIC,22044,ASGS SAL polygon representative point (approximate)
Patchewollock,3491,-35.43528,142.187516,VIC,22045,ASGS SAL polygon representative point (approximate)
Patho,3564,-36.026046,144.414518,VIC,22046,ASGS SAL polygon representative point (approximate)
Patterson Lakes,3197,-38.069322,145.14328,VIC,22047,ASGS SAL polygon representative point (approximate)
Patyah,3318,-36.907613,141.270975,VIC,22048,ASGS SAL polygon representative point (approximate)
Paynesville,3880,-37.911343,147.715234,VIC,22049,ASGS SAL polygon representative point (approximate)
Pearcedale,3912,-38.197823,145.247788,VIC,22050,ASGS SAL polygon representative point (approximate)
Pearsondale,3851,-38.13377,147.030002,VIC,22051,ASGS SAL polygon representative point (approximate)
Peechelba,3678,-36.165284,146.187006,VIC,22052,ASGS SAL polygon representative point (approximate)
Peechelba East,3678,-36.153874,146.261345,VIC,22053,ASGS SAL polygon representative point (approximate)
Pelluebla,3727,-36.205882,145.981922,VIC,22054,ASGS SAL polygon representative point (approximate)
Pennyroyal,3235,-38.444409,143.876595,VIC,22055,ASGS SAL polygon representative point (approximate)
Penshurst,3289,-37.870849,142.319788,VIC,22056,ASGS SAL polygon representative point (approximate)
Pental Island,3586,-35.403391,143.69115,VIC,22057,ASGS SAL polygon representative point (approximate)
Pentland Hills,3341,-37.656491,144.37786,VIC,22058,ASGS SAL polygon representative point (approximate)
Percydale,3478,-37.072579,143.38772,VIC,22059,ASGS SAL polygon representative point (approximate)
Peronne,3413,-36.66082,141.372108,VIC,22060,ASGS SAL polygon representative point (approximate)
Perry Bridge,3862,-37.991104,147.274442,VIC,22061,ASGS SAL polygon representative point (approximate)
Peterborough,3270,-38.588019,142.882195,VIC,22062,ASGS SAL polygon representative point (approximate)
Petticoat Creek,3233,-38.713484,143.731181,VIC,22063,ASGS SAL polygon representative point (approximate)
Pheasant Creek,3757,-37.471159,145.292528,VIC,22064,ASGS SAL polygon representative point (approximate)
Piangil,3597,-35.054211,143.217588,VIC,22065,ASGS SAL polygon representative point (approximate)
Picola,3639,-35.957472,145.090646,VIC,22066,ASGS SAL polygon representative point (approximate)
Picola West,3639,-35.962871,145.050511,VIC,22067,ASGS SAL polygon representative point (approximate)
Piedmont,3833,-37.895597,145.941684,VIC,22068,ASGS SAL polygon representative point (approximate)
Pier Milan,3533,-35.237381,142.692024,VIC,22069,ASGS SAL polygon representative point (approximate)
Pigeon Ponds,3407,-37.288238,141.682357,VIC,22070,ASGS SAL polygon representative point (approximate)
Piggoreet,3351,-37.724027,143.635315,VIC,22071,ASGS SAL polygon representative point (approximate)
Pimpinio,3401,-36.613866,142.085977,VIC,22072,ASGS SAL polygon representative point (approximate)
Pine Grove,3573,-36.209371,144.400432,VIC,22073,ASGS SAL polygon representative point (approximate)
Pine Lodge,3631,-36.35517,145.547745,VIC,22074,ASGS SAL polygon representative point (approximate)
Pine Mountain,3709,-36.011893,147.832765,VIC,22075,ASGS SAL polygon representative point (approximate)
Pine View,3579,-35.808644,143.664803,VIC,22076,ASGS SAL polygon representative point (approximate)
Pioneer Bay,3984,-38.38068,145.549493,VIC,22077,ASGS SAL polygon representative point (approximate)
Pipers Creek,3444,-37.250113,144.547931,VIC,22078,ASGS SAL polygon representative point (approximate)
Pira,3585,-35.248894,143.363519,VIC,22079,ASGS SAL polygon representative point (approximate)
Piries,3723,-37.178411,146.126765,VIC,22080,ASGS SAL polygon representative point (approximate)
Pirron Yallock,3249,-38.35338,143.418908,VIC,22081,ASGS SAL polygon representative point (approximate)
Pitfield,3351,-37.826294,143.596104,VIC,22082,ASGS SAL polygon representative point (approximate)
Pittong,3360,-37.674624,143.478809,VIC,22083,ASGS SAL polygon representative point (approximate)
Plenty,3090,-37.66741,145.112362,VIC,22084,ASGS SAL polygon representative point (approximate)
Plumpton,3335,-37.664556,144.662659,VIC,22085,ASGS SAL polygon representative point (approximate)
Point Cook,3030,-37.90576,144.751869,VIC,22086,ASGS SAL polygon representative point (approximate)
Point Leo,3916,-38.414954,145.069444,VIC,22087,ASGS SAL polygon representative point (approximate)
Point Lonsdale,3225,-38.268062,144.601911,VIC,22088,ASGS SAL polygon representative point (approximate)
Point Wilson,3212,-38.024143,144.525904,VIC,22089,ASGS SAL polygon representative point (approximate)
Polisbet,3585,-35.274845,143.148836,VIC,22090,ASGS SAL polygon representative point (approximate)
Pomborneit,3260,-38.29217,143.288309,VIC,22091,ASGS SAL polygon representative point (approximate)
Pomborneit East,3249,-38.291334,143.396543,VIC,22092,ASGS SAL polygon representative point (approximate)
Pomborneit North,3260,-38.216666,143.336603,VIC,22093,ASGS SAL polygon representative point (approximate)
Pomonal,3381,-37.233999,142.61858,VIC,22094,ASGS SAL polygon representative point (approximate)
Pompapiel,3571,-36.368887,144.082105,VIC,22095,ASGS SAL polygon representative point (approximate)
Poolaijelo,3312,-37.192303,141.084105,VIC,22096,ASGS SAL polygon representative point (approximate)
Pootilla,3352,-37.528818,143.958081,VIC,22097,ASGS SAL polygon representative point (approximate)
Poowong,3988,-38.338786,145.773417,VIC,22098,ASGS SAL polygon representative point (approximate)
Poowong East,3988,-38.330007,145.833031,VIC,22099,ASGS SAL polygon representative point (approximate)
Poowong North,3988,-38.287507,145.781213,VIC,22100,ASGS SAL polygon representative point (approximate)
Porcupine Ridge,3461,-37.272711,144.195628,VIC,22101,ASGS SAL polygon representative point (approximate)
Porepunkah,3740,-36.682223,146.920858,VIC,22102,ASGS SAL polygon representative point (approximate)
Port Albert,3971,-38.690426,146.70098,VIC,22103,ASGS SAL polygon representative point (approximate)
Port Campbell,3269,-38.60963,143.024966,VIC,22104,ASGS SAL polygon representative point (approximate)
Port Fairy,3284,-38.334598,142.180565,VIC,22105,ASGS SAL polygon representative point (approximate)
Port Franklin,3964,-38.684778,146.269272,VIC,22106,ASGS SAL polygon representative point (approximate)
Port Melbourne,3207,-37.833322,144.922201,VIC,22107,ASGS SAL polygon representative point (approximate)
Port Welshpool,3965,-38.687305,146.476972,VIC,22108,ASGS SAL polygon representative point (approximate)
Portarlington,3223,-38.137537,144.663576,VIC,22109,ASGS SAL polygon representative point (approximate)
Portland,3305,-38.361201,141.603687,VIC,22110,ASGS SAL polygon representative point (approximate)
Portland North,3305,-38.301992,141.56989,VIC,22111,ASGS SAL polygon representative point (approximate)
Portland West,3305,-38.366048,141.533178,VIC,22112,ASGS SAL polygon representative point (approximate)
Portsea,3944,-38.32277,144.700405,VIC,22113,ASGS SAL polygon representative point (approximate)
Pound Creek,3996,-38.615885,145.838261,VIC,22114,ASGS SAL polygon representative point (approximate)
Powelltown,3797,-37.857438,145.765591,VIC,22115,ASGS SAL polygon representative point (approximate)
Powers Creek,3312,-37.221948,141.246601,VIC,22116,ASGS SAL polygon representative point (approximate)
Powlett Plains,3517,-36.471411,143.867759,VIC,22117,ASGS SAL polygon representative point (approximate)
Prahran,3181,-37.851773,145.0004,VIC,22118,ASGS SAL polygon representative point (approximate)
Prairie,3572,-36.299577,144.210989,VIC,22119,ASGS SAL polygon representative point (approximate)
Pranjip,3666,-36.73206,145.382576,VIC,22120,ASGS SAL polygon representative point (approximate)
Preston,3072,-37.741775,145.00795,VIC,22121,ASGS SAL polygon representative point (approximate)
Princes Hill,3054,-37.781833,144.966569,VIC,22122,ASGS SAL polygon representative point (approximate)
Princetown,3269,-38.651334,143.172009,VIC,22123,ASGS SAL polygon representative point (approximate)
Puckapunyal,3662,-36.935679,144.948631,VIC,22124,ASGS SAL polygon representative point (approximate)
Pura Pura,3271,-37.82003,143.079023,VIC,22125,ASGS SAL polygon representative point (approximate)
Purdeet,3289,-37.938357,142.401566,VIC,22126,ASGS SAL polygon representative point (approximate)
Purnim,3278,-38.270772,142.620473,VIC,22127,ASGS SAL polygon representative point (approximate)
Purnim West,3278,-38.296668,142.554544,VIC,22128,ASGS SAL polygon representative point (approximate)
Pyalong,3521,-37.113578,144.858907,VIC,22129,ASGS SAL polygon representative point (approximate)
Pyramid Hill,3575,-36.04938,144.131979,VIC,22130,ASGS SAL polygon representative point (approximate)
Quambatook,3540,-35.846751,143.529547,VIC,22131,ASGS SAL polygon representative point (approximate)
Quandong,3030,-37.843844,144.502896,VIC,22132,ASGS SAL polygon representative point (approximate)
Quantong,3401,-36.749918,142.044977,VIC,22133,ASGS SAL polygon representative point (approximate)
Quarry Hill,3550,-36.776445,144.280239,VIC,22134,ASGS SAL polygon representative point (approximate)
Queenscliff,3225,-38.267324,144.65597,VIC,22135,ASGS SAL polygon representative point (approximate)
Raglan,3373,-37.341188,143.306482,VIC,22136,ASGS SAL polygon representative point (approximate)
Rainbow,3424,-35.90229,141.961194,VIC,22137,ASGS SAL polygon representative point (approximate)
Ranceby,3951,-38.371554,145.860873,VIC,22138,ASGS SAL polygon representative point (approximate)
Rathscar,3465,-36.980871,143.553041,VIC,22139,ASGS SAL polygon representative point (approximate)
Rathscar West,3465,-37.011492,143.492711,VIC,22140,ASGS SAL polygon representative point (approximate)
Ravenhall,3023,-37.775302,144.736474,VIC,22141,ASGS SAL polygon representative point (approximate)
Ravenswood,3453,-36.891912,144.19961,VIC,22142,ASGS SAL polygon representative point (approximate)
Ravenswood South,3453,-36.93729,144.216755,VIC,22143,ASGS SAL polygon representative point (approximate)
Rawson,3825,-37.961391,146.4073,VIC,22144,ASGS SAL polygon representative point (approximate)
Raymond Island,3880,-37.921165,147.747903,VIC,22145,ASGS SAL polygon representative point (approximate)
Raywood,3570,-36.517529,144.185044,VIC,22146,ASGS SAL polygon representative point (approximate)
Red Cliffs,3496,-34.342702,142.247058,VIC,22147,ASGS SAL polygon representative point (approximate)
Red Hill,3937,-38.36355,145.016121,VIC,22148,ASGS SAL polygon representative point (approximate)
Red Hill South,3937,-38.387753,145.039499,VIC,22149,ASGS SAL polygon representative point (approximate)
Red Lion,3371,-37.170555,143.754546,VIC,22150,ASGS SAL polygon representative point (approximate)
Redan,3350,-37.576432,143.838454,VIC,22151,ASGS SAL polygon representative point (approximate)
Redbank,3477,-36.90916,143.308757,VIC,22152,ASGS SAL polygon representative point (approximate)
Redcastle,3523,-36.744392,144.829411,VIC,22153,ASGS SAL polygon representative point (approximate)
Redesdale,3444,-37.009099,144.48423,VIC,22154,ASGS SAL polygon representative point (approximate)
Reedy Creek,3658,-37.255842,145.154011,VIC,22155,ASGS SAL polygon representative point (approximate)
Reedy Dam,3395,-35.957904,142.645272,VIC,22156,ASGS SAL polygon representative point (approximate)
Reedy Flat,3895,-37.402906,147.946901,VIC,22157,ASGS SAL polygon representative point (approximate)
Reedy Lake,3579,-35.663841,143.87578,VIC,22158,ASGS SAL polygon representative point (approximate)
Reefton,3799,-37.670866,145.914883,VIC,22159,ASGS SAL polygon representative point (approximate)
Research,3095,-37.706601,145.189031,VIC,22160,ASGS SAL polygon representative point (approximate)
Reservoir,3073,-37.712155,145.00684,VIC,22161,ASGS SAL polygon representative point (approximate)
Reynard,3858,-37.356349,146.624753,VIC,22162,ASGS SAL polygon representative point (approximate)
Rheola,3517,-36.652326,143.702864,VIC,22163,ASGS SAL polygon representative point (approximate)
Rhyll,3923,-38.478799,145.279808,VIC,22164,ASGS SAL polygon representative point (approximate)
Rhymney,3377,-37.221807,142.781262,VIC,22165,ASGS SAL polygon representative point (approximate)
Riachella,3385,-36.833213,142.712059,VIC,22166,ASGS SAL polygon representative point (approximate)
Rich Avon,3480,-36.444971,142.907743,VIC,22167,ASGS SAL polygon representative point (approximate)
Rich Avon East,3480,-36.517459,142.892914,VIC,22168,ASGS SAL polygon representative point (approximate)
Rich Avon West,3480,-36.50478,142.814879,VIC,22169,ASGS SAL polygon representative point (approximate)
Richmond,3121,-37.820294,145.002441,VIC,22170,ASGS SAL polygon representative point (approximate)
Richmond Plains,3518,-36.396947,143.475394,VIC,22171,ASGS SAL polygon representative point (approximate)
Riddells Creek,3431,-37.444576,144.683009,VIC,22172,ASGS SAL polygon representative point (approximate)
Riggs Creek,3666,-36.652848,145.593727,VIC,22173,ASGS SAL polygon representative point (approximate)
Ringwood,3134,-37.811426,145.233461,VIC,22174,ASGS SAL polygon representative point (approximate)
Ringwood East,3135,-37.813243,145.25357,VIC,22175,ASGS SAL polygon representative point (approximate)
Ringwood North,3134,-37.79304,145.231204,VIC,22176,ASGS SAL polygon representative point (approximate)
Ripplebrook,3818,-38.196927,145.765335,VIC,22177,ASGS SAL polygon representative point (approximate)
Rippleside,3215,-38.123736,144.355757,VIC,22178,ASGS SAL polygon representative point (approximate)
Ripponlea,3185,-37.877762,144.995286,VIC,22179,ASGS SAL polygon representative point (approximate)
Riverside,3401,-36.721103,142.246888,VIC,22180,ASGS SAL polygon representative point (approximate)
Riverslea,3860,-38.003747,146.945074,VIC,22181,ASGS SAL polygon representative point (approximate)
Robertsons Beach,3971,-38.661606,146.735432,VIC,22182,ASGS SAL polygon representative point (approximate)
Robinvale,3549,-34.622251,142.752992,VIC,22183,ASGS SAL polygon representative point (approximate)
Rochester,3561,-36.3614,144.680535,VIC,22184,ASGS SAL polygon representative point (approximate)
Rochford,3442,-37.311844,144.666045,VIC,22185,ASGS SAL polygon representative point (approximate)
Rockbank,3335,-37.737317,144.654429,VIC,22186,ASGS SAL polygon representative point (approximate)
Rocklands,3401,-37.258313,142.02896,VIC,22187,ASGS SAL polygon representative point (approximate)
Rocklyn,3364,-37.436517,144.053655,VIC,22188,ASGS SAL polygon representative point (approximate)
Rocky Point,3377,-37.336644,142.852427,VIC,22189,ASGS SAL polygon representative point (approximate)
Rokeby,3821,-38.069474,145.935339,VIC,22190,ASGS SAL polygon representative point (approximate)
Rokewood,3330,-37.927203,143.748256,VIC,22191,ASGS SAL polygon representative point (approximate)
Rokewood Junction,3351,-37.84854,143.688224,VIC,22192,ASGS SAL polygon representative point (approximate)
Romsey,3434,-37.352331,144.728305,VIC,22193,ASGS SAL polygon representative point (approximate)
Rosanna,3084,-37.739601,145.069685,VIC,22194,ASGS SAL polygon representative point (approximate)
Rose River,3678,-36.908306,146.582337,VIC,22195,ASGS SAL polygon representative point (approximate)
Rosebery,3395,-35.833473,142.421467,VIC,22196,ASGS SAL polygon representative point (approximate)
Rosebrook,3285,-38.344866,142.270199,VIC,22197,ASGS SAL polygon representative point (approximate)
Rosebud,3939,-38.37179,144.910542,VIC,22198,ASGS SAL polygon representative point (approximate)
Rosedale,3847,-38.181987,146.827758,VIC,22199,ASGS SAL polygon representative point (approximate)
Roses Gap,3385,-36.974183,142.45619,VIC,22200,ASGS SAL polygon representative point (approximate)
Rosewhite,3737,-36.575154,146.887315,VIC,22201,ASGS SAL polygon representative point (approximate)
Roslynmead,3564,-36.134571,144.529438,VIC,22202,ASGS SAL polygon representative point (approximate)
Ross Creek,3351,-37.646204,143.76411,VIC,22203,ASGS SAL polygon representative point (approximate)
Rossbridge,3377,-37.518586,142.861652,VIC,22204,ASGS SAL polygon representative point (approximate)
Rostron,3477,-36.760773,143.180765,VIC,22205,ASGS SAL polygon representative point (approximate)
Rowsley,3340,-37.725062,144.367694,VIC,22206,ASGS SAL polygon representative point (approximate)
Rowville,3178,-37.924279,145.243821,VIC,22207,ASGS SAL polygon representative point (approximate)
Roxburgh Park,3064,-37.625748,144.925331,VIC,22208,ASGS SAL polygon representative point (approximate)
Rubicon,3712,-37.393971,145.846623,VIC,22209,ASGS SAL polygon representative point (approximate)
Ruby,3953,-38.439834,145.916915,VIC,22210,ASGS SAL polygon representative point (approximate)
Ruffy,3666,-36.953645,145.485036,VIC,22211,ASGS SAL polygon representative point (approximate)
Running Creek,3691,-36.550395,147.056387,VIC,22212,ASGS SAL polygon representative point (approximate)
Runnymede,3558,-36.550991,144.66697,VIC,22213,ASGS SAL polygon representative point (approximate)
Rupanyup,3388,-36.632444,142.671822,VIC,22214,ASGS SAL polygon representative point (approximate)
Rushworth,3612,-36.582935,145.002152,VIC,22215,ASGS SAL polygon representative point (approximate)
Russells Bridge,3331,-38.004265,144.181703,VIC,22216,ASGS SAL polygon representative point (approximate)
Rutherglen,3685,-36.058926,146.492419,VIC,22217,ASGS SAL polygon representative point (approximate)
Ryans,3875,-37.551895,147.474479,VIC,22218,ASGS SAL polygon representative point (approximate)
Ryanston,3992,-38.50758,145.590407,VIC,22219,ASGS SAL polygon representative point (approximate)
Rye,3941,-38.385263,144.812221,VIC,22220,ASGS SAL polygon representative point (approximate)
Rythdale,3810,-38.139541,145.462606,VIC,22221,ASGS SAL polygon representative point (approximate)
Safety Beach,3936,-38.315327,145.000157,VIC,22222,ASGS SAL polygon representative point (approximate)
Sailors Falls,3461,-37.393139,144.112881,VIC,22223,ASGS SAL polygon representative point (approximate)
Sailors Gully,3556,-36.705647,144.232988,VIC,22224,ASGS SAL polygon representative point (approximate)
Sailors Hill,3461,-37.361035,144.125436,VIC,22225,ASGS SAL polygon representative point (approximate)
Sale,3850,-38.103802,147.077286,VIC,22226,ASGS SAL polygon representative point (approximate)
Salisbury West,3517,-36.515548,143.937853,VIC,22227,ASGS SAL polygon representative point (approximate)
Samaria,3673,-36.80385,146.077409,VIC,22228,ASGS SAL polygon representative point (approximate)
San Remo,3925,-38.528081,145.410698,VIC,22229,ASGS SAL polygon representative point (approximate)
Sandford,3312,-37.647165,141.451979,VIC,22230,ASGS SAL polygon representative point (approximate)
Sandhill Lake,3579,-35.738582,143.689452,VIC,22231,ASGS SAL polygon representative point (approximate)
Sandhurst,3977,-38.082085,145.208683,VIC,22232,ASGS SAL polygon representative point (approximate)
Sandon,3462,-37.169425,144.033445,VIC,22233,ASGS SAL polygon representative point (approximate)
Sandringham,3191,-37.953561,145.014631,VIC,22234,ASGS SAL polygon representative point (approximate)
Sandy Creek,3695,-36.362099,147.121244,VIC,22235,ASGS SAL polygon representative point (approximate)
Sandy Point,3959,-38.811265,146.127445,VIC,22236,ASGS SAL polygon representative point (approximate)
Sargood,3858,-37.586348,146.738959,VIC,22237,ASGS SAL polygon representative point (approximate)
Sarsfield,3875,-37.756261,147.736385,VIC,22238,ASGS SAL polygon representative point (approximate)
Sassafras,3787,-37.864315,145.349019,VIC,22239,ASGS SAL polygon representative point (approximate)
Sawmill Settlement,3723,-37.121941,146.366276,VIC,22240,ASGS SAL polygon representative point (approximate)
Scarsdale,3351,-37.679492,143.66695,VIC,22241,ASGS SAL polygon representative point (approximate)
Scoresby,3179,-37.901647,145.218577,VIC,22242,ASGS SAL polygon representative point (approximate)
Scotchmans Lead,3352,-37.664946,143.847743,VIC,22243,ASGS SAL polygon representative point (approximate)
Scotsburn,3352,-37.676969,143.935168,VIC,22244,ASGS SAL polygon representative point (approximate)
Scotts Creek,3267,-38.461452,143.086788,VIC,22245,ASGS SAL polygon representative point (approximate)
Sea Lake,3533,-35.496586,142.894446,VIC,22246,ASGS SAL polygon representative point (approximate)
Seabrook,3028,-37.880907,144.758661,VIC,22247,ASGS SAL polygon representative point (approximate)
Seacombe,3851,-38.136704,147.426399,VIC,22248,ASGS SAL polygon representative point (approximate)
Seaford,3198,-38.104738,145.138468,VIC,22249,ASGS SAL polygon representative point (approximate)
Seaholme,3018,-37.864246,144.844014,VIC,22250,ASGS SAL polygon representative point (approximate)
Seaspray,3851,-38.325679,147.169988,VIC,22251,ASGS SAL polygon representative point (approximate)
Seaton,3858,-37.938595,146.684004,VIC,22252,ASGS SAL polygon representative point (approximate)
Seaview,3821,-38.281713,145.95791,VIC,22253,ASGS SAL polygon representative point (approximate)
Sebastian,3556,-36.594474,144.198185,VIC,22254,ASGS SAL polygon representative point (approximate)
Sebastopol,3356,-37.600182,143.835661,VIC,22255,ASGS SAL polygon representative point (approximate)
Seddon,3011,-37.806627,144.891675,VIC,22256,ASGS SAL polygon representative point (approximate)
Sedgwick,3551,-36.902522,144.322944,VIC,22257,ASGS SAL polygon representative point (approximate)
Selby,3159,-37.918702,145.378395,VIC,22258,ASGS SAL polygon representative point (approximate)
Selwyn,3737,-37.067119,146.999899,VIC,22259,ASGS SAL polygon representative point (approximate)
Separation Creek,3234,-38.591933,143.873245,VIC,22260,ASGS SAL polygon representative point (approximate)
Serpentine,3517,-36.424862,143.982805,VIC,22261,ASGS SAL polygon representative point (approximate)
Serviceton,3420,-36.376498,141.018237,VIC,22262,ASGS SAL polygon representative point (approximate)
Seville,3139,-37.792632,145.475546,VIC,22263,ASGS SAL polygon representative point (approximate)
Seville East,3139,-37.778572,145.503205,VIC,22264,ASGS SAL polygon representative point (approximate)
Seymour,3660,-37.016009,145.162149,VIC,22265,ASGS SAL polygon representative point (approximate)
Shady Creek,3821,-38.099568,146.06985,VIC,22266,ASGS SAL polygon representative point (approximate)
Shays Flat,3377,-37.07008,143.080112,VIC,22267,ASGS SAL polygon representative point (approximate)
She Oaks,3331,-37.897849,144.145928,VIC,22268,ASGS SAL polygon representative point (approximate)
Sheans Creek,3666,-36.772765,145.651986,VIC,22269,ASGS SAL polygon representative point (approximate)
Sheep Hills,3392,-36.343162,142.544311,VIC,22270,ASGS SAL polygon representative point (approximate)
Shelbourne,3515,-36.845678,144.064762,VIC,22271,ASGS SAL polygon representative point (approximate)
Shelford,3329,-37.967982,143.930483,VIC,22272,ASGS SAL polygon representative point (approximate)
Shelley,3701,-36.203055,147.554192,VIC,22273,ASGS SAL polygon representative point (approximate)
Shepherds Flat,3461,-37.274894,144.10552,VIC,22274,ASGS SAL polygon representative point (approximate)
Shepparton,3630,-36.372295,145.397768,VIC,22275,ASGS SAL polygon representative point (approximate)
Shepparton East,3631,-36.397099,145.48306,VIC,22276,ASGS SAL polygon representative point (approximate)
Shepparton North,3631,-36.319479,145.390714,VIC,22277,ASGS SAL polygon representative point (approximate)
Sherbrooke,3789,-37.8885,145.359375,VIC,22278,ASGS SAL polygon representative point (approximate)
Shoreham,3916,-38.421113,145.03161,VIC,22279,ASGS SAL polygon representative point (approximate)
Sidonia,3444,-37.163589,144.56023,VIC,22280,ASGS SAL polygon representative point (approximate)
Silvan,3795,-37.836816,145.433442,VIC,22281,ASGS SAL polygon representative point (approximate)
Silverleaves,3922,-38.453201,145.274306,VIC,22282,ASGS SAL polygon representative point (approximate)
Simpson,3266,-38.504741,143.253271,VIC,22283,ASGS SAL polygon representative point (approximate)
Simpsons Creek,3888,-37.765886,148.363422,VIC,22284,ASGS SAL polygon representative point (approximate)
Simson,3465,-36.998204,143.774848,VIC,22285,ASGS SAL polygon representative point (approximate)
Skenes Creek,3233,-38.713148,143.710233,VIC,22286,ASGS SAL polygon representative point (approximate)
Skenes Creek North,3233,-38.6917,143.717616,VIC,22287,ASGS SAL polygon representative point (approximate)
Skibo,3260,-38.204857,143.128666,VIC,22288,ASGS SAL polygon representative point (approximate)
Skinners Flat,3518,-36.353247,143.584657,VIC,22289,ASGS SAL polygon representative point (approximate)
Skipton,3361,-37.693429,143.34241,VIC,22290,ASGS SAL polygon representative point (approximate)
Skye,3977,-38.105037,145.216305,VIC,22291,ASGS SAL polygon representative point (approximate)
Slaty Creek,3477,-36.539587,143.294806,VIC,22292,ASGS SAL polygon representative point (approximate)
Smeaton,3364,-37.303732,143.956574,VIC,22293,ASGS SAL polygon representative point (approximate)
Smiths Beach,3922,-38.500651,145.255158,VIC,22294,ASGS SAL polygon representative point (approximate)
Smiths Gully,3760,-37.626988,145.288351,VIC,22295,ASGS SAL polygon representative point (approximate)
Smokeytown,3364,-37.400017,143.922164,VIC,22296,ASGS SAL polygon representative point (approximate)
Smoko,3741,-36.818833,147.070721,VIC,22297,ASGS SAL polygon representative point (approximate)
Smythes Creek,3351,-37.604268,143.767515,VIC,22298,ASGS SAL polygon representative point (approximate)
Smythesdale,3351,-37.63918,143.681995,VIC,22299,ASGS SAL polygon representative point (approximate)
Snake Island,3971,-38.752627,146.581811,VIC,22300,ASGS SAL polygon representative point (approximate)
Snake Valley,3351,-37.614687,143.586041,VIC,22301,ASGS SAL polygon representative point (approximate)
Soldiers Hill,3350,-37.549596,143.858696,VIC,22302,ASGS SAL polygon representative point (approximate)
Somers,3927,-38.381326,145.15899,VIC,22303,ASGS SAL polygon representative point (approximate)
Somerton,3062,-37.63467,144.950769,VIC,22304,ASGS SAL polygon representative point (approximate)
Somerville,3912,-38.232261,145.198884,VIC,22305,ASGS SAL polygon representative point (approximate)
Sorrento,3943,-38.344706,144.742072,VIC,22306,ASGS SAL polygon representative point (approximate)
South Dudley,3995,-38.593708,145.575043,VIC,22307,ASGS SAL polygon representative point (approximate)
South Geelong,3220,-38.166769,144.361337,VIC,22308,ASGS SAL polygon representative point (approximate)
South Kingsville,3015,-37.830947,144.871857,VIC,22309,ASGS SAL polygon representative point (approximate)
South Melbourne,3205,-37.833971,144.957358,VIC,22310,ASGS SAL polygon representative point (approximate)
South Morang,3752,-37.631648,145.083644,VIC,22311,ASGS SAL polygon representative point (approximate)
South Purrumbete,3260,-38.343666,143.213605,VIC,22312,ASGS SAL polygon representative point (approximate)
South Wharf,3006,-37.825284,144.951946,VIC,22313,ASGS SAL polygon representative point (approximate)
South Yarra,3141,-37.8393,144.991936,VIC,22314,ASGS SAL polygon representative point (approximate)
Southbank,3006,-37.825842,144.962279,VIC,22315,ASGS SAL polygon representative point (approximate)
Southern Cross,3283,-38.287377,142.406012,VIC,22316,ASGS SAL polygon representative point (approximate)
Spargo Creek,3461,-37.488177,144.14734,VIC,22317,ASGS SAL polygon representative point (approximate)
Speed,3488,-35.409877,142.430886,VIC,22318,ASGS SAL polygon representative point (approximate)
Spotswood,3015,-37.829892,144.887817,VIC,22319,ASGS SAL polygon representative point (approximate)
Spring Gully,3550,-36.800219,144.286083,VIC,22320,ASGS SAL polygon representative point (approximate)
Spring Hill,3444,-37.30287,144.347724,VIC,22321,ASGS SAL polygon representative point (approximate)
Springbank,3352,-37.52114,144.062307,VIC,22322,ASGS SAL polygon representative point (approximate)
Springdallah,3351,-37.746606,143.629152,VIC,22323,ASGS SAL polygon representative point (approximate)
Springfield (Buloke - Vic.),3544,-35.574709,143.114322,VIC,22324,ASGS SAL polygon representative point (approximate)
Springfield (Macedon Ranges - Vic.),3434,-37.331365,144.820226,VIC,22325,ASGS SAL polygon representative point (approximate)
Springhurst,3682,-36.207517,146.462949,VIC,22326,ASGS SAL polygon representative point (approximate)
Springmount,3364,-37.412925,143.936157,VIC,22327,ASGS SAL polygon representative point (approximate)
Springvale,3171,-37.945658,145.157853,VIC,22328,ASGS SAL polygon representative point (approximate)
Springvale South,3172,-37.970835,145.14794,VIC,22329,ASGS SAL polygon representative point (approximate)
St Albans,3021,-37.745167,144.804979,VIC,22330,ASGS SAL polygon representative point (approximate)
St Albans Park,3219,-38.190204,144.390427,VIC,22331,ASGS SAL polygon representative point (approximate)
St Andrews,3761,-37.583242,145.287386,VIC,22332,ASGS SAL polygon representative point (approximate)
St Andrews Beach,3941,-38.419949,144.831161,VIC,22333,ASGS SAL polygon representative point (approximate)
St Arnaud,3478,-36.617861,143.248484,VIC,22334,ASGS SAL polygon representative point (approximate)
St Arnaud East,3477,-36.626106,143.325546,VIC,22335,ASGS SAL polygon representative point (approximate)
St Arnaud North,3477,-36.59168,143.166258,VIC,22336,ASGS SAL polygon representative point (approximate)
St Clair,3995,-38.581396,145.652023,VIC,22337,ASGS SAL polygon representative point (approximate)
St Germains,3620,-36.207757,145.150962,VIC,22338,ASGS SAL polygon representative point (approximate)
St Helena,3088,-37.689503,145.129559,VIC,22339,ASGS SAL polygon representative point (approximate)
St Helens,3285,-38.249586,142.05496,VIC,22340,ASGS SAL polygon representative point (approximate)
St Helens Plains,3401,-36.785626,142.431998,VIC,22341,ASGS SAL polygon representative point (approximate)
St James,3727,-36.257436,145.887682,VIC,22342,ASGS SAL polygon representative point (approximate)
St Kilda,3182,-37.863735,144.981712,VIC,22343,ASGS SAL polygon representative point (approximate)
St Kilda East,3183,-37.866792,145.002125,VIC,22344,ASGS SAL polygon representative point (approximate)
St Kilda West,3182,-37.857961,144.971255,VIC,22345,ASGS SAL polygon representative point (approximate)
St Leonards,3223,-38.177052,144.68557,VIC,22346,ASGS SAL polygon representative point (approximate)
Staceys Bridge,3971,-38.55781,146.510748,VIC,22347,ASGS SAL polygon representative point (approximate)
Staffordshire Reef,3351,-37.733932,143.68761,VIC,22348,ASGS SAL polygon representative point (approximate)
Staghorn Flat,3691,-36.241098,146.942923,VIC,22349,ASGS SAL polygon representative point (approximate)
Stanhope,3623,-36.462668,144.98195,VIC,22350,ASGS SAL polygon representative point (approximate)
Stanley,3747,-36.390574,146.774861,VIC,22351,ASGS SAL polygon representative point (approximate)
Staughton Vale,3340,-37.84041,144.25504,VIC,22352,ASGS SAL polygon representative point (approximate)
Stavely,3379,-37.608063,142.626421,VIC,22353,ASGS SAL polygon representative point (approximate)
Stawell,3380,-37.057656,142.77062,VIC,22354,ASGS SAL polygon representative point (approximate)
Steels Creek,3775,-37.579736,145.380958,VIC,22355,ASGS SAL polygon representative point (approximate)
Steiglitz,3331,-37.862526,144.188744,VIC,22356,ASGS SAL polygon representative point (approximate)
Stewarton,3725,-36.414594,145.814175,VIC,22357,ASGS SAL polygon representative point (approximate)
Stirling,3893,-37.451868,147.710113,VIC,22358,ASGS SAL polygon representative point (approximate)
Stockdale,3862,-37.829758,147.182774,VIC,22359,ASGS SAL polygon representative point (approximate)
Stockyard Hill,3373,-37.537074,143.297927,VIC,22360,ASGS SAL polygon representative point (approximate)
Stonehaven,3218,-38.122032,144.223453,VIC,22361,ASGS SAL polygon representative point (approximate)
Stoneleigh,3373,-37.591898,143.226748,VIC,22362,ASGS SAL polygon representative point (approximate)
Stony Creek (Central Goldfields - Vic.),3371,-37.224261,143.68483,VIC,22363,ASGS SAL polygon representative point (approximate)
Stony Creek (South Gippsland - Vic.),3957,-38.593141,146.091184,VIC,22364,ASGS SAL polygon representative point (approximate)
Stonyford,3260,-38.330842,143.307427,VIC,22365,ASGS SAL polygon representative point (approximate)
Stradbroke,3851,-38.277394,147.034337,VIC,22366,ASGS SAL polygon representative point (approximate)
Strangways,3461,-37.144189,144.095503,VIC,22367,ASGS SAL polygon representative point (approximate)
Straten,3533,-35.379758,142.576367,VIC,22368,ASGS SAL polygon representative point (approximate)
Stratford,3862,-37.956302,147.110583,VIC,22369,ASGS SAL polygon representative point (approximate)
Strath Creek,3658,-37.247526,145.230633,VIC,22370,ASGS SAL polygon representative point (approximate)
Strathallan,3622,-36.259597,144.762577,VIC,22371,ASGS SAL polygon representative point (approximate)
Strathbogie,3666,-36.879617,145.759874,VIC,22372,ASGS SAL polygon representative point (approximate)
Strathdale,3550,-36.76571,144.315482,VIC,22373,ASGS SAL polygon representative point (approximate)
Strathdownie,3312,-37.733806,141.111115,VIC,22374,ASGS SAL polygon representative point (approximate)
Strathewen,3099,-37.538507,145.270273,VIC,22375,ASGS SAL polygon representative point (approximate)
Strathfieldsaye,3551,-36.804237,144.355777,VIC,22376,ASGS SAL polygon representative point (approximate)
Strathkellar,3301,-37.7017,142.114464,VIC,22377,ASGS SAL polygon representative point (approximate)
Strathlea,3364,-37.152875,143.973646,VIC,22378,ASGS SAL polygon representative point (approximate)
Strathmerton,3641,-35.911536,145.449977,VIC,22379,ASGS SAL polygon representative point (approximate)
Strathmore,3041,-37.733234,144.91704,VIC,22380,ASGS SAL polygon representative point (approximate)
Strathmore Heights,3041,-37.713335,144.896889,VIC,22381,ASGS SAL polygon representative point (approximate)
Strathtulloh,3338,-37.732478,144.597978,VIC,22382,ASGS SAL polygon representative point (approximate)
Streatham,3351,-37.640212,143.086176,VIC,22383,ASGS SAL polygon representative point (approximate)
Strzelecki,3950,-38.34152,145.899282,VIC,22384,ASGS SAL polygon representative point (approximate)
Stuart Mill,3477,-36.796104,143.280815,VIC,22385,ASGS SAL polygon representative point (approximate)
Sugarloaf,3234,-38.690923,143.797388,VIC,22386,ASGS SAL polygon representative point (approximate)
Sugarloaf Creek,3658,-37.125549,145.02758,VIC,22387,ASGS SAL polygon representative point (approximate)
Suggan Buggan,3885,-36.924288,148.327943,VIC,22388,ASGS SAL polygon representative point (approximate)
Sulky,3352,-37.462722,143.854217,VIC,22389,ASGS SAL polygon representative point (approximate)
Summerlands,3922,-38.509966,145.138137,VIC,22390,ASGS SAL polygon representative point (approximate)
Sunbury,3429,-37.547066,144.714954,VIC,22391,ASGS SAL polygon representative point (approximate)
Sunday Creek,3658,-37.247844,145.044896,VIC,22392,ASGS SAL polygon representative point (approximate)
Sunderland Bay,3922,-38.504918,145.27629,VIC,22393,ASGS SAL polygon representative point (approximate)
Sunset Strip,3922,-38.495169,145.266795,VIC,22394,ASGS SAL polygon representative point (approximate)
Sunshine,3020,-37.789308,144.834257,VIC,22395,ASGS SAL polygon representative point (approximate)
Sunshine North,3020,-37.763916,144.836195,VIC,22396,ASGS SAL polygon representative point (approximate)
Sunshine West,3020,-37.798118,144.8111,VIC,22397,ASGS SAL polygon representative point (approximate)
Surf Beach,3922,-38.509584,145.289733,VIC,22398,ASGS SAL polygon representative point (approximate)
Surrey Hills,3127,-37.826742,145.098205,VIC,22399,ASGS SAL polygon representative point (approximate)
Sutherland,3477,-36.532782,143.194567,VIC,22400,ASGS SAL polygon representative point (approximate)
Sutherlands Creek,3331,-38.006718,144.221836,VIC,22401,ASGS SAL polygon representative point (approximate)
Sutton,3530,-35.732852,142.973563,VIC,22402,ASGS SAL polygon representative point (approximate)
Sutton Grange,3448,-36.987779,144.361378,VIC,22403,ASGS SAL polygon representative point (approximate)
Swan Bay,3225,-38.220971,144.645954,VIC,22404,ASGS SAL polygon representative point (approximate)
Swan Hill,3585,-35.362171,143.511795,VIC,22405,ASGS SAL polygon representative point (approximate)
Swan Hill West,3585,-35.365972,143.403854,VIC,22406,ASGS SAL polygon representative point (approximate)
Swan Island,3225,-38.248128,144.692063,VIC,22407,ASGS SAL polygon representative point (approximate)
Swan Marsh,3249,-38.375328,143.351504,VIC,22408,ASGS SAL polygon representative point (approximate)
Swan Reach,3903,-37.8143,147.868748,VIC,22409,ASGS SAL polygon representative point (approximate)
Swanpool,3673,-36.727042,145.999837,VIC,22410,ASGS SAL polygon representative point (approximate)
Swanwater,3477,-36.541049,143.103211,VIC,22411,ASGS SAL polygon representative point (approximate)
Swanwater West,3480,-36.519109,143.019171,VIC,22412,ASGS SAL polygon representative point (approximate)
Swifts Creek,3896,-37.250889,147.723629,VIC,22413,ASGS SAL polygon representative point (approximate)
Sydenham,3037,-37.699696,144.765311,VIC,22414,ASGS SAL polygon representative point (approximate)
Sylvaterre,3575,-36.077031,144.230546,VIC,22415,ASGS SAL polygon representative point (approximate)
Tabberabbera,3875,-37.556512,147.371041,VIC,22416,ASGS SAL polygon representative point (approximate)
Tabilk,3607,-36.844541,145.169962,VIC,22417,ASGS SAL polygon representative point (approximate)
Tabor,3289,-37.828639,142.192235,VIC,22418,ASGS SAL polygon representative point (approximate)
Taggerty,3714,-37.345594,145.724357,VIC,22419,ASGS SAL polygon representative point (approximate)
Tahara,3301,-37.739735,141.718848,VIC,22420,ASGS SAL polygon representative point (approximate)
Tahara Bridge,3315,-37.688512,141.649574,VIC,22421,ASGS SAL polygon representative point (approximate)
Tahara West,3310,-37.737017,141.630204,VIC,22422,ASGS SAL polygon representative point (approximate)
Talbot,3371,-37.178671,143.695216,VIC,22423,ASGS SAL polygon representative point (approximate)
Talgarno,3691,-36.074645,147.162717,VIC,22424,ASGS SAL polygon representative point (approximate)
Tallandoon,3701,-36.400634,147.223861,VIC,22425,ASGS SAL polygon representative point (approximate)
Tallangatta,3700,-36.231667,147.187285,VIC,22426,ASGS SAL polygon representative point (approximate)
Tallangatta East,3700,-36.214189,147.282332,VIC,22427,ASGS SAL polygon representative point (approximate)
Tallangatta South,3701,-36.324509,147.281755,VIC,22428,ASGS SAL polygon representative point (approximate)
Tallangatta Valley,3701,-36.334593,147.459702,VIC,22429,ASGS SAL polygon representative point (approximate)
Tallarook,3659,-37.127977,145.131547,VIC,22430,ASGS SAL polygon representative point (approximate)
Tallygaroopna,3634,-36.231322,145.440072,VIC,22431,ASGS SAL polygon representative point (approximate)
Tambo Crossing,3893,-37.498118,147.832461,VIC,22432,ASGS SAL polygon representative point (approximate)
Tambo Upper,3885,-37.765108,147.870404,VIC,22433,ASGS SAL polygon representative point (approximate)
Tamboon,3890,-37.695103,149.205801,VIC,22434,ASGS SAL polygon representative point (approximate)
Tamboritha,3858,-37.433459,146.710107,VIC,22435,ASGS SAL polygon representative point (approximate)
Taminick,3675,-36.392015,146.167645,VIC,22436,ASGS SAL polygon representative point (approximate)
Tamleugh,3669,-36.590333,145.58331,VIC,22437,ASGS SAL polygon representative point (approximate)
Tamleugh North,3669,-36.526299,145.578414,VIC,22438,ASGS SAL polygon representative point (approximate)
Tandarook,3260,-38.312224,143.193428,VIC,22439,ASGS SAL polygon representative point (approximate)
Tandarra,3571,-36.43326,144.211652,VIC,22440,ASGS SAL polygon representative point (approximate)
Tangambalanga,3691,-36.239561,147.038448,VIC,22441,ASGS SAL polygon representative point (approximate)
Tanjil,3825,-37.944722,146.229386,VIC,22442,ASGS SAL polygon representative point (approximate)
Tanjil Bren,3833,-37.853545,146.159564,VIC,22443,ASGS SAL polygon representative point (approximate)
Tanjil South,3825,-38.103182,146.267842,VIC,22444,ASGS SAL polygon representative point (approximate)
Tanwood,3478,-37.005251,143.385171,VIC,22445,ASGS SAL polygon representative point (approximate)
Tanybryn,3249,-38.656586,143.714189,VIC,22446,ASGS SAL polygon representative point (approximate)
Taradale,3447,-37.141337,144.349083,VIC,22447,ASGS SAL polygon representative point (approximate)
Tarcombe,3666,-36.978336,145.371229,VIC,22448,ASGS SAL polygon representative point (approximate)
Tarilta,3451,-37.177766,144.19121,VIC,22449,ASGS SAL polygon representative point (approximate)
Tarnagulla,3551,-36.777515,143.830468,VIC,22450,ASGS SAL polygon representative point (approximate)
Tarneit,3029,-37.835423,144.664727,VIC,22451,ASGS SAL polygon representative point (approximate)
Tarnook,3670,-36.535567,145.865237,VIC,22452,ASGS SAL polygon representative point (approximate)
Taroon,3265,-38.330803,142.871047,VIC,22453,ASGS SAL polygon representative point (approximate)
Tarra Valley,3971,-38.46879,146.562382,VIC,22454,ASGS SAL polygon representative point (approximate)
Tarranyurk,3414,-36.223473,142.100627,VIC,22455,ASGS SAL polygon representative point (approximate)
Tarraville,3971,-38.626346,146.742805,VIC,22456,ASGS SAL polygon representative point (approximate)
Tarrawarra,3775,-37.655914,145.44368,VIC,22457,ASGS SAL polygon representative point (approximate)
Tarrawingee,3678,-36.382973,146.475545,VIC,22458,ASGS SAL polygon representative point (approximate)
Tarrayoukyan,3315,-37.298071,141.56298,VIC,22459,ASGS SAL polygon representative point (approximate)
Tarrengower,3463,-37.004896,144.014745,VIC,22460,ASGS SAL polygon representative point (approximate)
Tarrenlea,3315,-37.678981,141.742739,VIC,22461,ASGS SAL polygon representative point (approximate)
Tarrington,3301,-37.767946,142.120549,VIC,22462,ASGS SAL polygon representative point (approximate)
Tarrone,3283,-38.224179,142.203307,VIC,22463,ASGS SAL polygon representative point (approximate)
Tarwin,3956,-38.603757,145.953313,VIC,22464,ASGS SAL polygon representative point (approximate)
Tarwin Lower,3956,-38.764829,145.903846,VIC,22465,ASGS SAL polygon representative point (approximate)
Tatong,3673,-36.763026,146.156292,VIC,22466,ASGS SAL polygon representative point (approximate)
Tatura,3616,-36.441777,145.217116,VIC,22467,ASGS SAL polygon representative point (approximate)
Tatura East,3616,-36.439629,145.293322,VIC,22468,ASGS SAL polygon representative point (approximate)
Tatyoon,3378,-37.508072,142.994154,VIC,22469,ASGS SAL polygon representative point (approximate)
Tawonga,3697,-36.684638,147.19992,VIC,22470,ASGS SAL polygon representative point (approximate)
Tawonga South,3698,-36.766123,147.137644,VIC,22471,ASGS SAL polygon representative point (approximate)
Taylor Bay,3713,-37.207936,145.880228,VIC,22472,ASGS SAL polygon representative point (approximate)
Taylors Hill,3037,-37.715197,144.752838,VIC,22473,ASGS SAL polygon representative point (approximate)
Taylors Lakes,3038,-37.698619,144.786312,VIC,22474,ASGS SAL polygon representative point (approximate)
Teal Point,3579,-35.680042,144.050918,VIC,22475,ASGS SAL polygon representative point (approximate)
Tecoma,3160,-37.904661,145.343934,VIC,22476,ASGS SAL polygon representative point (approximate)
Teddywaddy,3527,-36.195064,143.324073,VIC,22477,ASGS SAL polygon representative point (approximate)
Teddywaddy West,3527,-36.196623,143.222695,VIC,22478,ASGS SAL polygon representative point (approximate)
Teesdale,3328,-38.023652,144.054888,VIC,22479,ASGS SAL polygon representative point (approximate)
Telangatuk East,3401,-37.130482,142.015206,VIC,22480,ASGS SAL polygon representative point (approximate)
Telford,3730,-36.102377,145.948351,VIC,22481,ASGS SAL polygon representative point (approximate)
Telopea Downs,3420,-36.019888,141.107843,VIC,22482,ASGS SAL polygon representative point (approximate)
Templestowe,3106,-37.754034,145.148639,VIC,22483,ASGS SAL polygon representative point (approximate)
Templestowe Lower,3107,-37.763763,145.112203,VIC,22484,ASGS SAL polygon representative point (approximate)
Tempy,3489,-35.292574,142.450463,VIC,22485,ASGS SAL polygon representative point (approximate)
Tenby Point,3984,-38.414197,145.476668,VIC,22486,ASGS SAL polygon representative point (approximate)
Tennyson,3572,-36.28762,144.352045,VIC,22487,ASGS SAL polygon representative point (approximate)
Terang,3264,-38.238622,142.878842,VIC,22488,ASGS SAL polygon representative point (approximate)
Terip Terip,3719,-37.002706,145.560978,VIC,22489,ASGS SAL polygon representative point (approximate)
Terrappee,3525,-36.163615,143.573112,VIC,22490,ASGS SAL polygon representative point (approximate)
Terrick Terrick,3575,-36.120134,144.263245,VIC,22491,ASGS SAL polygon representative point (approximate)
Terrick Terrick East,3573,-36.11635,144.380007,VIC,22492,ASGS SAL polygon representative point (approximate)
Tesbury,3260,-38.290467,143.167073,VIC,22493,ASGS SAL polygon representative point (approximate)
Tetoora Road,3821,-38.277599,145.888672,VIC,22494,ASGS SAL polygon representative point (approximate)
Thalia,3527,-36.099271,143.07597,VIC,22495,ASGS SAL polygon representative point (approximate)
The Basin,3154,-37.855704,145.321272,VIC,22496,ASGS SAL polygon representative point (approximate)
The Cove,3268,-38.490297,142.697048,VIC,22497,ASGS SAL polygon representative point (approximate)
The Gurdies,3984,-38.387247,145.563581,VIC,22498,ASGS SAL polygon representative point (approximate)
The Heart,3851,-38.11793,147.17246,VIC,22499,ASGS SAL polygon representative point (approximate)
The Honeysuckles,3851,-38.334232,147.233518,VIC,22500,ASGS SAL polygon representative point (approximate)
The Patch,3792,-37.891857,145.402162,VIC,22501,ASGS SAL polygon representative point (approximate)
The Sisters,3265,-38.183034,142.785153,VIC,22502,ASGS SAL polygon representative point (approximate)
Thologolong,3691,-35.990965,147.428294,VIC,22503,ASGS SAL polygon representative point (approximate)
Thomastown,3074,-37.683788,145.008198,VIC,22504,ASGS SAL polygon representative point (approximate)
Thomson (Baw Baw - Vic.),3825,-37.756009,146.345111,VIC,22505,ASGS SAL polygon representative point (approximate)
Thomson (Greater Geelong - Vic.),3219,-38.169576,144.378943,VIC,22506,ASGS SAL polygon representative point (approximate)
Thoona,3726,-36.344663,146.077233,VIC,22507,ASGS SAL polygon representative point (approximate)
Thornbury,3071,-37.758172,145.005831,VIC,22508,ASGS SAL polygon representative point (approximate)
Thornhill Park,3335,-37.727576,144.630021,VIC,22509,ASGS SAL polygon representative point (approximate)
Thornton,3712,-37.265498,145.81089,VIC,22510,ASGS SAL polygon representative point (approximate)
Thorpdale,3835,-38.303599,146.17063,VIC,22511,ASGS SAL polygon representative point (approximate)
Thorpdale South,3824,-38.334309,146.134146,VIC,22512,ASGS SAL polygon representative point (approximate)
Thowgla Valley,3707,-36.273302,147.937562,VIC,22513,ASGS SAL polygon representative point (approximate)
Three Bridges,3797,-37.848798,145.689839,VIC,22514,ASGS SAL polygon representative point (approximate)
Timbarra,3893,-37.491164,147.933434,VIC,22515,ASGS SAL polygon representative point (approximate)
Timboon,3268,-38.489183,142.975974,VIC,22516,ASGS SAL polygon representative point (approximate)
Timboon West,3268,-38.536276,142.923971,VIC,22517,ASGS SAL polygon representative point (approximate)
Timmering,3561,-36.347871,144.878065,VIC,22518,ASGS SAL polygon representative point (approximate)
Timor,3465,-36.979208,143.734452,VIC,22519,ASGS SAL polygon representative point (approximate)
Timor West,3465,-36.956516,143.678834,VIC,22520,ASGS SAL polygon representative point (approximate)
Tinamba,3859,-37.96893,146.875202,VIC,22521,ASGS SAL polygon representative point (approximate)
Tinamba West,3859,-37.924694,146.83074,VIC,22522,ASGS SAL polygon representative point (approximate)
Tintaldra,3708,-36.059595,147.91277,VIC,22523,ASGS SAL polygon representative point (approximate)
Tittybong,3542,-35.761395,143.38253,VIC,22524,ASGS SAL polygon representative point (approximate)
Tol Tol,3549,-34.651353,142.825843,VIC,22525,ASGS SAL polygon representative point (approximate)
Tolmie,3723,-36.933152,146.284858,VIC,22526,ASGS SAL polygon representative point (approximate)
Tom Groggin,3707,-36.595624,148.080542,VIC,22527,ASGS SAL polygon representative point (approximate)
Tongala,3621,-36.245556,144.957779,VIC,22528,ASGS SAL polygon representative point (approximate)
Tonghi Creek,3890,-37.607372,149.07159,VIC,22529,ASGS SAL polygon representative point (approximate)
Tongio,3896,-37.169075,147.695613,VIC,22530,ASGS SAL polygon representative point (approximate)
Tonimbuk,3815,-38.015153,145.713461,VIC,22531,ASGS SAL polygon representative point (approximate)
Tooan,3409,-36.866648,141.759987,VIC,22532,ASGS SAL polygon representative point (approximate)
Tooborac,3522,-37.044352,144.793289,VIC,22533,ASGS SAL polygon representative point (approximate)
Toolamba,3614,-36.493585,145.32376,VIC,22534,ASGS SAL polygon representative point (approximate)
Toolamba West,3614,-36.483595,145.268892,VIC,22535,ASGS SAL polygon representative point (approximate)
Toolangi,3777,-37.521257,145.502822,VIC,22536,ASGS SAL polygon representative point (approximate)
Toolern Vale,3337,-37.605568,144.59083,VIC,22537,ASGS SAL polygon representative point (approximate)
Toolleen,3551,-36.720839,144.674112,VIC,22538,ASGS SAL polygon representative point (approximate)
Toolome,3860,-37.616441,147.053444,VIC,22539,ASGS SAL polygon representative point (approximate)
Toolondo,3401,-37.019547,141.888972,VIC,22540,ASGS SAL polygon representative point (approximate)
Toolong,3285,-38.315329,142.237795,VIC,22541,ASGS SAL polygon representative point (approximate)
Toombon,3825,-37.72123,146.439351,VIC,22542,ASGS SAL polygon representative point (approximate)
Toongabbie,3856,-38.035883,146.592118,VIC,22543,ASGS SAL polygon representative point (approximate)
Toora,3962,-38.653387,146.315265,VIC,22544,ASGS SAL polygon representative point (approximate)
Toora North,3962,-38.601238,146.337388,VIC,22545,ASGS SAL polygon representative point (approximate)
Tooradin,3980,-38.201044,145.383565,VIC,22546,ASGS SAL polygon representative point (approximate)
Toorak,3142,-37.841529,145.017475,VIC,22547,ASGS SAL polygon representative point (approximate)
Toorloo Arm,3909,-37.792628,148.061772,VIC,22548,ASGS SAL polygon representative point (approximate)
Toorongo,3833,-37.775522,146.086885,VIC,22549,ASGS SAL polygon representative point (approximate)
Tootgarook,3941,-38.377691,144.850158,VIC,22550,ASGS SAL polygon representative point (approximate)
Torquay,3228,-38.308136,144.322172,VIC,22551,ASGS SAL polygon representative point (approximate)
Torrita,3490,-35.136856,141.935593,VIC,22552,ASGS SAL polygon representative point (approximate)
Torrumbarry,3562,-36.046189,144.52764,VIC,22553,ASGS SAL polygon representative point (approximate)
Torwood,3821,-38.257829,145.874308,VIC,22554,ASGS SAL polygon representative point (approximate)
Tostaree,3888,-37.780919,148.190909,VIC,22555,ASGS SAL polygon representative point (approximate)
Tottenham,3012,-37.804658,144.852898,VIC,22556,ASGS SAL polygon representative point (approximate)
Tottington,3477,-36.768773,143.103201,VIC,22557,ASGS SAL polygon representative point (approximate)
Tourello,3363,-37.354315,143.788939,VIC,22558,ASGS SAL polygon representative point (approximate)
Towan,3596,-35.149736,143.223387,VIC,22559,ASGS SAL polygon representative point (approximate)
Towaninny,3527,-35.846333,143.354637,VIC,22560,ASGS SAL polygon representative point (approximate)
Towaninny South,3527,-35.941885,143.334021,VIC,22561,ASGS SAL polygon representative point (approximate)
Tower Hill,3283,-38.326666,142.357887,VIC,22562,ASGS SAL polygon representative point (approximate)
Towong,3707,-36.129658,147.971054,VIC,22563,ASGS SAL polygon representative point (approximate)
Towong Upper,3707,-36.211063,148.008181,VIC,22564,ASGS SAL polygon representative point (approximate)
Trafalgar,3824,-38.169424,146.147103,VIC,22565,ASGS SAL polygon representative point (approximate)
Trafalgar East,3824,-38.172285,146.192515,VIC,22566,ASGS SAL polygon representative point (approximate)
Trafalgar South,3824,-38.244037,146.159349,VIC,22567,ASGS SAL polygon representative point (approximate)
Tragowel,3579,-35.844837,143.972431,VIC,22568,ASGS SAL polygon representative point (approximate)
Traralgon,3844,-38.203343,146.519781,VIC,22569,ASGS SAL polygon representative point (approximate)
Traralgon East,3844,-38.187161,146.58935,VIC,22570,ASGS SAL polygon representative point (approximate)
Traralgon South,3844,-38.289928,146.546203,VIC,22571,ASGS SAL polygon representative point (approximate)
Travancore,3032,-37.780744,144.935453,VIC,22572,ASGS SAL polygon representative point (approximate)
Trawalla,3373,-37.444506,143.486744,VIC,22573,ASGS SAL polygon representative point (approximate)
Trawool,3660,-37.120956,145.239042,VIC,22574,ASGS SAL polygon representative point (approximate)
Traynors Lagoon,3477,-36.583402,142.982442,VIC,22575,ASGS SAL polygon representative point (approximate)
Tremont,3785,-37.879088,145.316194,VIC,22576,ASGS SAL polygon representative point (approximate)
Trentham,3458,-37.381001,144.330428,VIC,22577,ASGS SAL polygon representative point (approximate)
Trentham East,3458,-37.410019,144.402764,VIC,22578,ASGS SAL polygon representative point (approximate)
Tresco,3583,-35.50427,143.68981,VIC,22579,ASGS SAL polygon representative point (approximate)
Tresco West,3584,-35.507669,143.631823,VIC,22580,ASGS SAL polygon representative point (approximate)
Trida,3953,-38.324474,145.973291,VIC,22581,ASGS SAL polygon representative point (approximate)
Truganina,3029,-37.799241,144.713482,VIC,22582,ASGS SAL polygon representative point (approximate)
Tubbut,3888,-37.057768,148.594938,VIC,22583,ASGS SAL polygon representative point (approximate)
Tuerong,3915,-38.29868,145.096778,VIC,22584,ASGS SAL polygon representative point (approximate)
Tulkara,3384,-36.943781,143.048485,VIC,22585,ASGS SAL polygon representative point (approximate)
Tullamarine,3043,-37.705042,144.872471,VIC,22586,ASGS SAL polygon representative point (approximate)
Tungamah,3728,-36.161658,145.87558,VIC,22587,ASGS SAL polygon representative point (approximate)
Turoar,3546,-35.180028,143.083544,VIC,22588,ASGS SAL polygon representative point (approximate)
Turriff,3488,-35.470863,142.452213,VIC,22589,ASGS SAL polygon representative point (approximate)
Turriff East,3488,-35.447583,142.584051,VIC,22590,ASGS SAL polygon representative point (approximate)
Turtons Creek,3960,-38.549994,146.227099,VIC,22591,ASGS SAL polygon representative point (approximate)
Tutye,3490,-35.190044,141.480218,VIC,22592,ASGS SAL polygon representative point (approximate)
Tyaak,3658,-37.218155,145.138538,VIC,22593,ASGS SAL polygon representative point (approximate)
Tyabb,3913,-38.265227,145.187016,VIC,22594,ASGS SAL polygon representative point (approximate)
Tyenna,3533,-35.324408,142.576013,VIC,22595,ASGS SAL polygon representative point (approximate)
Tyers,3844,-38.135409,146.468864,VIC,22596,ASGS SAL polygon representative point (approximate)
Tylden,3444,-37.32855,144.413273,VIC,22597,ASGS SAL polygon representative point (approximate)
Tynong,3813,-38.095259,145.626405,VIC,22598,ASGS SAL polygon representative point (approximate)
Tynong North,3813,-38.028088,145.628007,VIC,22599,ASGS SAL polygon representative point (approximate)
Tyntynder,3586,-35.24033,143.545873,VIC,22600,ASGS SAL polygon representative point (approximate)
Tyntynder South,3586,-35.275953,143.513313,VIC,22601,ASGS SAL polygon representative point (approximate)
Tyrendarra,3285,-38.210719,141.793734,VIC,22602,ASGS SAL polygon representative point (approximate)
Tyrendarra East,3285,-38.256177,141.897883,VIC,22603,ASGS SAL polygon representative point (approximate)
Tyrrell,3533,-35.433371,142.991169,VIC,22604,ASGS SAL polygon representative point (approximate)
Tyrrell Downs,3533,-35.313486,142.933395,VIC,22605,ASGS SAL polygon representative point (approximate)
Ullina,3370,-37.276285,143.888007,VIC,22606,ASGS SAL polygon representative point (approximate)
Ullswater,3318,-36.920415,141.399922,VIC,22607,ASGS SAL polygon representative point (approximate)
Ultima,3544,-35.481707,143.279365,VIC,22608,ASGS SAL polygon representative point (approximate)
Ultima East,3544,-35.432271,143.374159,VIC,22609,ASGS SAL polygon representative point (approximate)
Ulupna,3641,-35.83603,145.452218,VIC,22610,ASGS SAL polygon representative point (approximate)
Undera,3629,-36.245378,145.213937,VIC,22611,ASGS SAL polygon representative point (approximate)
Underbool,3509,-35.153258,141.824922,VIC,22612,ASGS SAL polygon representative point (approximate)
Upotipotpon,3669,-36.501907,145.77865,VIC,22613,ASGS SAL polygon representative point (approximate)
Upper Ferntree Gully,3156,-37.897694,145.310142,VIC,22614,ASGS SAL polygon representative point (approximate)
Upper Gundowring,3691,-36.519982,147.095435,VIC,22615,ASGS SAL polygon representative point (approximate)
Upper Lurg,3673,-36.585203,146.190014,VIC,22616,ASGS SAL polygon representative point (approximate)
Upper Plenty,3756,-37.419656,145.054651,VIC,22617,ASGS SAL polygon representative point (approximate)
Upper Ryans Creek,3673,-36.674403,146.208842,VIC,22618,ASGS SAL polygon representative point (approximate)
Upton Hill,3664,-36.895469,145.403468,VIC,22619,ASGS SAL polygon representative point (approximate)
Upwey,3158,-37.905468,145.329085,VIC,22620,ASGS SAL polygon representative point (approximate)
Valencia Creek,3860,-37.783277,146.989727,VIC,22621,ASGS SAL polygon representative point (approximate)
Vasey,3407,-37.333608,141.892211,VIC,22622,ASGS SAL polygon representative point (approximate)
Vaughan,3451,-37.160358,144.214635,VIC,22623,ASGS SAL polygon representative point (approximate)
Vectis,3401,-36.701295,142.076601,VIC,22624,ASGS SAL polygon representative point (approximate)
Ventnor,3922,-38.492357,145.195129,VIC,22625,ASGS SAL polygon representative point (approximate)
Venus Bay,3956,-38.676195,145.790334,VIC,22626,ASGS SAL polygon representative point (approximate)
Vermont,3133,-37.838419,145.199297,VIC,22627,ASGS SAL polygon representative point (approximate)
Vermont South,3133,-37.854374,145.187823,VIC,22628,ASGS SAL polygon representative point (approximate)
Vervale,3814,-38.137842,145.659817,VIC,22629,ASGS SAL polygon representative point (approximate)
Vesper,3833,-37.871603,146.069058,VIC,22630,ASGS SAL polygon representative point (approximate)
Victoria Point,3294,-37.509283,142.222177,VIC,22631,ASGS SAL polygon representative point (approximate)
Victoria Valley,3294,-37.52613,142.317114,VIC,22632,ASGS SAL polygon representative point (approximate)
Viewbank,3084,-37.739802,145.093296,VIC,22633,ASGS SAL polygon representative point (approximate)
Vinifera,3591,-35.212372,143.398561,VIC,22634,ASGS SAL polygon representative point (approximate)
Violet Town,3669,-36.609637,145.711136,VIC,22635,ASGS SAL polygon representative point (approximate)
Vite Vite,3325,-37.860101,143.144914,VIC,22636,ASGS SAL polygon representative point (approximate)
Vite Vite North,3325,-37.789606,143.204545,VIC,22637,ASGS SAL polygon representative point (approximate)
W Tree,3885,-37.337649,148.293412,VIC,22638,ASGS SAL polygon representative point (approximate)
Waaia,3637,-36.045651,145.312005,VIC,22639,ASGS SAL polygon representative point (approximate)
Waanyarra,3551,-36.820223,143.818297,VIC,22640,ASGS SAL polygon representative point (approximate)
Waarre,3269,-38.575858,143.049502,VIC,22641,ASGS SAL polygon representative point (approximate)
Wabonga,3678,-37.033083,146.551154,VIC,22642,ASGS SAL polygon representative point (approximate)
Waggarandall,3646,-36.244898,145.766923,VIC,22643,ASGS SAL polygon representative point (approximate)
Wahgunyah,3687,-36.004702,146.421271,VIC,22644,ASGS SAL polygon representative point (approximate)
Wahring,3608,-36.699312,145.253802,VIC,22645,ASGS SAL polygon representative point (approximate)
Wail,3401,-36.530044,142.086563,VIC,22646,ASGS SAL polygon representative point (approximate)
Wairewa,3887,-37.69141,148.166032,VIC,22647,ASGS SAL polygon representative point (approximate)
Waitchie,3544,-35.378777,143.107046,VIC,22648,ASGS SAL polygon representative point (approximate)
Wal Wal,3385,-36.809854,142.621173,VIC,22649,ASGS SAL polygon representative point (approximate)
Waldara,3678,-36.319925,146.284429,VIC,22650,ASGS SAL polygon representative point (approximate)
Walhalla,3825,-37.93401,146.47434,VIC,22651,ASGS SAL polygon representative point (approximate)
Walhalla East,3825,-37.932538,146.580785,VIC,22652,ASGS SAL polygon representative point (approximate)
Walkerville,3956,-38.810139,145.98846,VIC,22653,ASGS SAL polygon representative point (approximate)
Walkerville North,3956,-38.839951,146.000282,VIC,22654,ASGS SAL polygon representative point (approximate)
Walkerville South,3956,-38.855176,145.993461,VIC,22655,ASGS SAL polygon representative point (approximate)
Wallace,3352,-37.562474,144.053219,VIC,22656,ASGS SAL polygon representative point (approximate)
Wallacedale,3303,-37.932811,141.822804,VIC,22657,ASGS SAL polygon representative point (approximate)
Wallagaraugh,3891,-37.43379,149.741881,VIC,22658,ASGS SAL polygon representative point (approximate)
Wallaloo,3387,-36.747148,142.876473,VIC,22659,ASGS SAL polygon representative point (approximate)
Wallaloo East,3387,-36.805577,142.908992,VIC,22660,ASGS SAL polygon representative point (approximate)
Wallan,3756,-37.40815,144.963901,VIC,22661,ASGS SAL polygon representative point (approximate)
Wallinduc,3351,-37.872581,143.519171,VIC,22662,ASGS SAL polygon representative point (approximate)
Wallington,3222,-38.226373,144.511927,VIC,22663,ASGS SAL polygon representative point (approximate)
Wallup,3401,-36.354708,142.258167,VIC,22664,ASGS SAL polygon representative point (approximate)
Walmer,3463,-36.97491,144.162049,VIC,22665,ASGS SAL polygon representative point (approximate)
Walpa,3875,-37.794307,147.39406,VIC,22666,ASGS SAL polygon representative point (approximate)
Walpeup,3507,-35.099239,142.045876,VIC,22667,ASGS SAL polygon representative point (approximate)
Walwa,3709,-35.992482,147.731552,VIC,22668,ASGS SAL polygon representative point (approximate)
Wandana Heights,3216,-38.177618,144.299657,VIC,22669,ASGS SAL polygon representative point (approximate)
Wandella,3579,-35.737178,143.823639,VIC,22670,ASGS SAL polygon representative point (approximate)
Wandiligong,3744,-36.790906,146.984632,VIC,22671,ASGS SAL polygon representative point (approximate)
Wandin East,3139,-37.812322,145.45489,VIC,22672,ASGS SAL polygon representative point (approximate)
Wandin North,3139,-37.780584,145.426299,VIC,22673,ASGS SAL polygon representative point (approximate)
Wando Bridge,3312,-37.439267,141.423896,VIC,22674,ASGS SAL polygon representative point (approximate)
Wando Vale,3312,-37.48616,141.494625,VIC,22675,ASGS SAL polygon representative point (approximate)
Wandong,3758,-37.35217,145.031395,VIC,22676,ASGS SAL polygon representative point (approximate)
Wandown,3549,-34.822345,142.942841,VIC,22677,ASGS SAL polygon representative point (approximate)
Wangandary,3678,-36.325272,146.226762,VIC,22678,ASGS SAL polygon representative point (approximate)
Wangarabell,3891,-37.39167,149.485837,VIC,22679,ASGS SAL polygon representative point (approximate)
Wangaratta,3677,-36.369384,146.316005,VIC,22680,ASGS SAL polygon representative point (approximate)
Wangaratta South,3678,-36.391711,146.247379,VIC,22681,ASGS SAL polygon representative point (approximate)
Wangie,3530,-35.70513,143.281547,VIC,22682,ASGS SAL polygon representative point (approximate)
Wangoom,3279,-38.331219,142.58188,VIC,22683,ASGS SAL polygon representative point (approximate)
Wannon,3301,-37.651945,141.831487,VIC,22684,ASGS SAL polygon representative point (approximate)
Wantirna,3152,-37.852349,145.225863,VIC,22685,ASGS SAL polygon representative point (approximate)
Wantirna South,3152,-37.873896,145.222068,VIC,22686,ASGS SAL polygon representative point (approximate)
Waranga Shores,3612,-36.54806,145.091212,VIC,22687,ASGS SAL polygon representative point (approximate)
Waratah Bay,3959,-38.802336,146.058393,VIC,22688,ASGS SAL polygon representative point (approximate)
Warburton,3799,-37.728405,145.698167,VIC,22689,ASGS SAL polygon representative point (approximate)
Wareek,3465,-36.995594,143.616713,VIC,22690,ASGS SAL polygon representative point (approximate)
Wargan,3505,-34.189154,141.833868,VIC,22691,ASGS SAL polygon representative point (approximate)
Warmur,3482,-36.086307,142.754975,VIC,22692,ASGS SAL polygon representative point (approximate)
Warncoort,3243,-38.31851,143.715259,VIC,22693,ASGS SAL polygon representative point (approximate)
Warne,3530,-35.784497,143.114153,VIC,22694,ASGS SAL polygon representative point (approximate)
Warneet,3980,-38.225749,145.319535,VIC,22695,ASGS SAL polygon representative point (approximate)
Warrabkook,3286,-37.983825,142.073409,VIC,22696,ASGS SAL polygon representative point (approximate)
Warracknabeal,3393,-36.225168,142.430299,VIC,22697,ASGS SAL polygon representative point (approximate)
Warragul,3820,-38.15372,145.929971,VIC,22698,ASGS SAL polygon representative point (approximate)
Warragul South,3821,-38.214456,145.910519,VIC,22699,ASGS SAL polygon representative point (approximate)
Warragul West,3821,-38.168982,145.882021,VIC,22700,ASGS SAL polygon representative point (approximate)
Warrak,3377,-37.284319,143.114437,VIC,22701,ASGS SAL polygon representative point (approximate)
Warrandyte,3113,-37.747782,145.209121,VIC,22702,ASGS SAL polygon representative point (approximate)
Warrandyte South,3134,-37.759589,145.244067,VIC,22703,ASGS SAL polygon representative point (approximate)
Warranwood,3134,-37.772623,145.249779,VIC,22704,ASGS SAL polygon representative point (approximate)
Warrayure,3301,-37.716831,142.179343,VIC,22705,ASGS SAL polygon representative point (approximate)
Warrenbayne,3670,-36.704586,145.889383,VIC,22706,ASGS SAL polygon representative point (approximate)
Warrenheip,3352,-37.57462,143.92386,VIC,22707,ASGS SAL polygon representative point (approximate)
Warrenmang,3478,-37.069894,143.289844,VIC,22708,ASGS SAL polygon representative point (approximate)
Warrion,3249,-38.225114,143.557227,VIC,22709,ASGS SAL polygon representative point (approximate)
Warrnambool,3280,-38.36886,142.498179,VIC,22710,ASGS SAL polygon representative point (approximate)
Warrock,3312,-37.430434,141.294081,VIC,22711,ASGS SAL polygon representative point (approximate)
Warrong,3283,-38.197847,142.321207,VIC,22712,ASGS SAL polygon representative point (approximate)
Wartook,3401,-37.015007,142.387026,VIC,22713,ASGS SAL polygon representative point (approximate)
Watchem,3482,-36.151614,142.8752,VIC,22714,ASGS SAL polygon representative point (approximate)
Watchem West,3393,-36.164284,142.718562,VIC,22715,ASGS SAL polygon representative point (approximate)
Watchupga,3485,-35.769402,142.689996,VIC,22716,ASGS SAL polygon representative point (approximate)
Waterford Park,3658,-37.30022,145.066847,VIC,22717,ASGS SAL polygon representative point (approximate)
Waterholes,3875,-37.64795,147.693287,VIC,22718,ASGS SAL polygon representative point (approximate)
Waterloo,3373,-37.357044,143.438359,VIC,22719,ASGS SAL polygon representative point (approximate)
Waterways,3195,-38.014766,145.130511,VIC,22720,ASGS SAL polygon representative point (approximate)
Watsonia,3087,-37.710432,145.083711,VIC,22721,ASGS SAL polygon representative point (approximate)
Watsonia North,3087,-37.696018,145.084967,VIC,22722,ASGS SAL polygon representative point (approximate)
Watsons Creek,3097,-37.661732,145.2622,VIC,22723,ASGS SAL polygon representative point (approximate)
Wattle Bank,3995,-38.575752,145.708101,VIC,22724,ASGS SAL polygon representative point (approximate)
Wattle Creek,3384,-36.963946,143.077701,VIC,22725,ASGS SAL polygon representative point (approximate)
Wattle Flat,3352,-37.480891,143.94803,VIC,22726,ASGS SAL polygon representative point (approximate)
Wattle Glen,3096,-37.667304,145.188356,VIC,22727,ASGS SAL polygon representative point (approximate)
Wattle Hill,3237,-38.755489,143.253414,VIC,22728,ASGS SAL polygon representative point (approximate)
Waubra,3352,-37.3339,143.618124,VIC,22729,ASGS SAL polygon representative point (approximate)
Waurn Ponds,3216,-38.198297,144.278494,VIC,22730,ASGS SAL polygon representative point (approximate)
Waygara,3888,-37.767596,148.320262,VIC,22731,ASGS SAL polygon representative point (approximate)
Weatherboard,3352,-37.433843,143.672396,VIC,22732,ASGS SAL polygon representative point (approximate)
Wedderburn,3518,-36.41938,143.596465,VIC,22733,ASGS SAL polygon representative point (approximate)
Wedderburn Junction,3518,-36.429423,143.708121,VIC,22734,ASGS SAL polygon representative point (approximate)
Wee Wee Rup,3568,-35.862065,144.291394,VIC,22735,ASGS SAL polygon representative point (approximate)
Weeaproinah,3237,-38.633865,143.494953,VIC,22736,ASGS SAL polygon representative point (approximate)
Weering,3251,-38.097681,143.694817,VIC,22737,ASGS SAL polygon representative point (approximate)
Weerite,3260,-38.226545,143.258954,VIC,22738,ASGS SAL polygon representative point (approximate)
Wehla,3518,-36.608931,143.627774,VIC,22739,ASGS SAL polygon representative point (approximate)
Weir Views,3338,-37.728059,144.567782,VIC,22740,ASGS SAL polygon representative point (approximate)
Wellsford,3551,-36.722353,144.379491,VIC,22741,ASGS SAL polygon representative point (approximate)
Welshmans Reef,3462,-37.061767,144.035674,VIC,22742,ASGS SAL polygon representative point (approximate)
Welshpool,3966,-38.662644,146.432416,VIC,22743,ASGS SAL polygon representative point (approximate)
Wemen,3549,-34.80426,142.667491,VIC,22744,ASGS SAL polygon representative point (approximate)
Wendouree,3355,-37.530766,143.828391,VIC,22745,ASGS SAL polygon representative point (approximate)
Wensleydale,3241,-38.373763,144.053565,VIC,22746,ASGS SAL polygon representative point (approximate)
Wentworth,3875,-37.310786,147.489971,VIC,22747,ASGS SAL polygon representative point (approximate)
Werneth,3352,-37.929107,143.605579,VIC,22748,ASGS SAL polygon representative point (approximate)
Werona,3364,-37.244443,144.023324,VIC,22749,ASGS SAL polygon representative point (approximate)
Werribee,3030,-37.906921,144.642012,VIC,22750,ASGS SAL polygon representative point (approximate)
Werribee South,3030,-37.938039,144.697169,VIC,22751,ASGS SAL polygon representative point (approximate)
Werrimull,3496,-34.408873,141.56222,VIC,22752,ASGS SAL polygon representative point (approximate)
Wesburn,3799,-37.773437,145.653068,VIC,22753,ASGS SAL polygon representative point (approximate)
West Bendigo,3550,-36.753087,144.247103,VIC,22754,ASGS SAL polygon representative point (approximate)
West Creek,3992,-38.552416,145.610487,VIC,22755,ASGS SAL polygon representative point (approximate)
West Footscray,3012,-37.800507,144.870778,VIC,22756,ASGS SAL polygon representative point (approximate)
West Melbourne,3003,-37.809315,144.925204,VIC,22757,ASGS SAL polygon representative point (approximate)
West Wodonga,3690,-36.110973,146.821817,VIC,22758,ASGS SAL polygon representative point (approximate)
Westbury,3825,-38.141799,146.221258,VIC,22759,ASGS SAL polygon representative point (approximate)
Westby,3579,-35.63969,143.96829,VIC,22760,ASGS SAL polygon representative point (approximate)
Westmeadows,3049,-37.675015,144.893536,VIC,22761,ASGS SAL polygon representative point (approximate)
Westmere,3351,-37.676549,142.96721,VIC,22762,ASGS SAL polygon representative point (approximate)
Whanregarwen,3714,-37.217524,145.620929,VIC,22763,ASGS SAL polygon representative point (approximate)
Wharparilla,3564,-36.093475,144.630739,VIC,22764,ASGS SAL polygon representative point (approximate)
Wheatsheaf,3461,-37.338978,144.24341,VIC,22765,ASGS SAL polygon representative point (approximate)
Wheelers Hill,3150,-37.907567,145.1869,VIC,22766,ASGS SAL polygon representative point (approximate)
Whipstick,3556,-36.650325,144.268712,VIC,22767,ASGS SAL polygon representative point (approximate)
Whirily,3483,-35.919935,142.992819,VIC,22768,ASGS SAL polygon representative point (approximate)
White Hills,3550,-36.724888,144.301778,VIC,22769,ASGS SAL polygon representative point (approximate)
Whiteheads Creek,3660,-37.057546,145.264879,VIC,22770,ASGS SAL polygon representative point (approximate)
Whitelaw,3950,-38.434656,145.776015,VIC,22771,ASGS SAL polygon representative point (approximate)
Whitfield,3733,-36.75268,146.413438,VIC,22772,ASGS SAL polygon representative point (approximate)
Whitlands,3678,-36.822478,146.345196,VIC,22773,ASGS SAL polygon representative point (approximate)
Whittington,3219,-38.177087,144.392059,VIC,22774,ASGS SAL polygon representative point (approximate)
Whittlesea,3757,-37.465523,145.131188,VIC,22775,ASGS SAL polygon representative point (approximate)
Whoorel,3243,-38.370306,143.835976,VIC,22776,ASGS SAL polygon representative point (approximate)
Whorouly,3735,-36.516806,146.57825,VIC,22777,ASGS SAL polygon representative point (approximate)
Whorouly East,3735,-36.545135,146.636712,VIC,22778,ASGS SAL polygon representative point (approximate)
Whorouly South,3735,-36.593695,146.596732,VIC,22779,ASGS SAL polygon representative point (approximate)
Whroo,3612,-36.68371,145.039599,VIC,22780,ASGS SAL polygon representative point (approximate)
Wickliffe,3379,-37.697265,142.713618,VIC,22781,ASGS SAL polygon representative point (approximate)
Wilby,3728,-36.155225,146.04845,VIC,22782,ASGS SAL polygon representative point (approximate)
Wild Dog Valley,3953,-38.368078,145.941917,VIC,22783,ASGS SAL polygon representative point (approximate)
Wildwood,3429,-37.558884,144.800164,VIC,22784,ASGS SAL polygon representative point (approximate)
Wilkur,3393,-36.047135,142.657843,VIC,22785,ASGS SAL polygon representative point (approximate)
Willangie,3485,-35.7126,142.819377,VIC,22786,ASGS SAL polygon representative point (approximate)
Willatook,3283,-38.151097,142.223521,VIC,22787,ASGS SAL polygon representative point (approximate)
Willaura,3379,-37.519907,142.70976,VIC,22788,ASGS SAL polygon representative point (approximate)
Willaura North,3379,-37.387245,142.745403,VIC,22789,ASGS SAL polygon representative point (approximate)
Willenabrina,3393,-36.053173,142.225419,VIC,22790,ASGS SAL polygon representative point (approximate)
Williams Landing,3027,-37.862009,144.743064,VIC,22791,ASGS SAL polygon representative point (approximate)
Williamstown,3016,-37.861163,144.889953,VIC,22792,ASGS SAL polygon representative point (approximate)
Williamstown North,3016,-37.85262,144.868885,VIC,22793,ASGS SAL polygon representative point (approximate)
Willow Grove,3825,-38.073135,146.164334,VIC,22794,ASGS SAL polygon representative point (approximate)
Willowmavin,3764,-37.248557,144.867228,VIC,22795,ASGS SAL polygon representative point (approximate)
Willowvale,3360,-37.849027,143.463359,VIC,22796,ASGS SAL polygon representative point (approximate)
Willung,3847,-38.26796,146.841627,VIC,22797,ASGS SAL polygon representative point (approximate)
Willung South,3847,-38.325597,146.82524,VIC,22798,ASGS SAL polygon representative point (approximate)
Wilsons Hill,3515,-36.728977,144.090676,VIC,22799,ASGS SAL polygon representative point (approximate)
Wilsons Promontory,3960,-38.959039,146.365672,VIC,22800,ASGS SAL polygon representative point (approximate)
Wimbledon Heights,3922,-38.480184,145.234157,VIC,22801,ASGS SAL polygon representative point (approximate)
Winchelsea,3241,-38.235807,143.956104,VIC,22802,ASGS SAL polygon representative point (approximate)
Winchelsea South,3241,-38.324596,143.989165,VIC,22803,ASGS SAL polygon representative point (approximate)
Windermere,3352,-37.482791,143.717725,VIC,22804,ASGS SAL polygon representative point (approximate)
Windsor,3181,-37.854536,144.992677,VIC,22805,ASGS SAL polygon representative point (approximate)
Wingan River,3891,-37.636595,149.488832,VIC,22806,ASGS SAL polygon representative point (approximate)
Wingeel,3321,-38.087529,143.813092,VIC,22807,ASGS SAL polygon representative point (approximate)
Winjallok,3477,-36.854608,143.195426,VIC,22808,ASGS SAL polygon representative point (approximate)
Winlaton,3585,-35.482841,143.751624,VIC,22809,ASGS SAL polygon representative point (approximate)
Winnambool,3546,-34.960507,142.767562,VIC,22810,ASGS SAL polygon representative point (approximate)
Winnap,3304,-37.900752,141.386919,VIC,22811,ASGS SAL polygon representative point (approximate)
Winnindoo,3858,-38.07707,146.754255,VIC,22812,ASGS SAL polygon representative point (approximate)
Winslow,3281,-38.241156,142.458566,VIC,22813,ASGS SAL polygon representative point (approximate)
Winter Valley,3358,-37.579503,143.79382,VIC,22814,ASGS SAL polygon representative point (approximate)
Winton,3673,-36.521302,146.098003,VIC,22815,ASGS SAL polygon representative point (approximate)
Winton North,3673,-36.459336,146.098238,VIC,22816,ASGS SAL polygon representative point (approximate)
Wirrate,3608,-36.770427,144.982068,VIC,22817,ASGS SAL polygon representative point (approximate)
Wiseleigh,3885,-37.711741,147.792908,VIC,22818,ASGS SAL polygon representative point (approximate)
Wodonga,3690,-36.123062,146.881812,VIC,22819,ASGS SAL polygon representative point (approximate)
Wollert,3750,-37.590922,145.005068,VIC,22820,ASGS SAL polygon representative point (approximate)
Wombat Creek,3888,-37.762242,148.255298,VIC,22821,ASGS SAL polygon representative point (approximate)
Wombelano,3409,-37.018216,141.585888,VIC,22822,ASGS SAL polygon representative point (approximate)
Won Wron,3971,-38.46262,146.739503,VIC,22823,ASGS SAL polygon representative point (approximate)
Wonga,3960,-38.601056,146.257002,VIC,22824,ASGS SAL polygon representative point (approximate)
Wonga Park,3115,-37.735644,145.269803,VIC,22825,ASGS SAL polygon representative point (approximate)
Wongarra,3234,-38.675594,143.779436,VIC,22826,ASGS SAL polygon representative point (approximate)
Wongungarra,3862,-37.255631,147.04513,VIC,22827,ASGS SAL polygon representative point (approximate)
Wonnangatta,3737,-37.138155,146.815261,VIC,22828,ASGS SAL polygon representative point (approximate)
Wonthaggi,3995,-38.617199,145.591386,VIC,22829,ASGS SAL polygon representative point (approximate)
Wonwondah,3401,-36.885502,142.190169,VIC,22830,ASGS SAL polygon representative point (approximate)
Wonyip,3962,-38.545342,146.383047,VIC,22831,ASGS SAL polygon representative point (approximate)
Wood Wood,3596,-35.101126,143.329658,VIC,22832,ASGS SAL polygon representative point (approximate)
Woodend,3442,-37.362351,144.526279,VIC,22833,ASGS SAL polygon representative point (approximate)
Woodend North,3442,-37.320435,144.531915,VIC,22834,ASGS SAL polygon representative point (approximate)
Woodfield,3715,-37.056141,145.786554,VIC,22835,ASGS SAL polygon representative point (approximate)
Woodford,3281,-38.315961,142.48203,VIC,22836,ASGS SAL polygon representative point (approximate)
Woodglen,3875,-37.773435,147.385002,VIC,22837,ASGS SAL polygon representative point (approximate)
Woodhouse,3294,-37.800113,142.420246,VIC,22838,ASGS SAL polygon representative point (approximate)
Woodleigh,3945,-38.393187,145.610574,VIC,22839,ASGS SAL polygon representative point (approximate)
Woods Point,3723,-37.562264,146.352682,VIC,22840,ASGS SAL polygon representative point (approximate)
Woodside,3874,-38.529199,146.892089,VIC,22841,ASGS SAL polygon representative point (approximate)
Woodside Beach,3874,-38.545606,146.97523,VIC,22842,ASGS SAL polygon representative point (approximate)
Woodstock,3751,-37.544373,145.061164,VIC,22843,ASGS SAL polygon representative point (approximate)
Woodstock On Loddon,3551,-36.764924,144.004618,VIC,22844,ASGS SAL polygon representative point (approximate)
Woodstock West,3463,-36.821889,143.989722,VIC,22845,ASGS SAL polygon representative point (approximate)
Woodvale,3556,-36.652972,144.195615,VIC,22846,ASGS SAL polygon representative point (approximate)
Wool Wool,3249,-38.228558,143.410735,VIC,22847,ASGS SAL polygon representative point (approximate)
Woolamai,3995,-38.509829,145.516248,VIC,22848,ASGS SAL polygon representative point (approximate)
Woolenook,3860,-37.697821,147.044634,VIC,22849,ASGS SAL polygon representative point (approximate)
Woolshed Flat,3518,-36.327462,143.659397,VIC,22850,ASGS SAL polygon representative point (approximate)
Woolsthorpe,3276,-38.148145,142.463216,VIC,22851,ASGS SAL polygon representative point (approximate)
Woomelang,3485,-35.680734,142.631388,VIC,22852,ASGS SAL polygon representative point (approximate)
Wooragee,3747,-36.289405,146.742827,VIC,22853,ASGS SAL polygon representative point (approximate)
Woorarra East,3962,-38.605653,146.382225,VIC,22854,ASGS SAL polygon representative point (approximate)
Woorarra West,3960,-38.592682,146.219483,VIC,22855,ASGS SAL polygon representative point (approximate)
Wooreen,3953,-38.414726,146.007674,VIC,22856,ASGS SAL polygon representative point (approximate)
Woori Yallock,3139,-37.781676,145.535635,VIC,22857,ASGS SAL polygon representative point (approximate)
Woorinen,3589,-35.267079,143.469097,VIC,22858,ASGS SAL polygon representative point (approximate)
Woorinen North,3589,-35.23973,143.431369,VIC,22859,ASGS SAL polygon representative point (approximate)
Woorinen South,3588,-35.294046,143.448437,VIC,22860,ASGS SAL polygon representative point (approximate)
Woorndoo,3272,-37.881253,142.814438,VIC,22861,ASGS SAL polygon representative point (approximate)
Wooroonook,3525,-36.249252,143.188425,VIC,22862,ASGS SAL polygon representative point (approximate)
Woosang,3518,-36.32696,143.473176,VIC,22863,ASGS SAL polygon representative point (approximate)
Wootong Vale,3315,-37.517488,141.741801,VIC,22864,ASGS SAL polygon representative point (approximate)
Worrowing,3858,-37.668879,146.741982,VIC,22865,ASGS SAL polygon representative point (approximate)
Wrathung,3860,-37.595533,146.949232,VIC,22866,ASGS SAL polygon representative point (approximate)
Wrixon,3860,-37.684186,146.851087,VIC,22867,ASGS SAL polygon representative point (approximate)
Wroxham,3891,-37.341556,149.486096,VIC,22868,ASGS SAL polygon representative point (approximate)
Wuk Wuk,3875,-37.745068,147.426702,VIC,22869,ASGS SAL polygon representative point (approximate)
Wulgulmerang,3885,-37.027312,148.29925,VIC,22870,ASGS SAL polygon representative point (approximate)
Wulgulmerang East,3885,-37.097996,148.274487,VIC,22871,ASGS SAL polygon representative point (approximate)
Wulgulmerang West,3885,-37.22499,148.108659,VIC,22872,ASGS SAL polygon representative point (approximate)
Wunghnu,3635,-36.167476,145.424128,VIC,22873,ASGS SAL polygon representative point (approximate)
Wurdiboluc,3241,-38.289934,144.051429,VIC,22874,ASGS SAL polygon representative point (approximate)
Wurruk,3850,-38.109353,147.033938,VIC,22875,ASGS SAL polygon representative point (approximate)
Wy Yung,3875,-37.791228,147.606543,VIC,22876,ASGS SAL polygon representative point (approximate)
Wycheproof,3527,-36.056543,143.232307,VIC,22877,ASGS SAL polygon representative point (approximate)
Wycheproof South,3527,-36.136294,143.181723,VIC,22878,ASGS SAL polygon representative point (approximate)
Wychitella,3525,-36.266861,143.617488,VIC,22879,ASGS SAL polygon representative point (approximate)
Wychitella North,3525,-36.20498,143.629814,VIC,22880,ASGS SAL polygon representative point (approximate)
Wye River,3234,-38.62499,143.849425,VIC,22881,ASGS SAL polygon representative point (approximate)
Wyelangta,3237,-38.655799,143.454725,VIC,22882,ASGS SAL polygon representative point (approximate)
Wyndham Vale,3024,-37.859021,144.608142,VIC,22883,ASGS SAL polygon representative point (approximate)
Wyuna,3620,-36.206422,145.067213,VIC,22884,ASGS SAL polygon representative point (approximate)
Wyuna East,3620,-36.240023,145.090752,VIC,22885,ASGS SAL polygon representative point (approximate)
Yaapeet,3424,-35.678991,142.083831,VIC,22886,ASGS SAL polygon representative point (approximate)
Yabba North,3646,-36.230992,145.682254,VIC,22887,ASGS SAL polygon representative point (approximate)
Yabba South,3646,-36.280707,145.681595,VIC,22888,ASGS SAL polygon representative point (approximate)
Yackandandah,3749,-36.335667,146.868013,VIC,22889,ASGS SAL polygon representative point (approximate)
Yalca,3637,-35.928108,145.284232,VIC,22890,ASGS SAL polygon representative point (approximate)
Yalla-Y-Poora,3378,-37.526198,143.131517,VIC,22891,ASGS SAL polygon representative point (approximate)
Yallambie,3085,-37.7251,145.09344,VIC,22892,ASGS SAL polygon representative point (approximate)
Yallourn,3825,-38.192191,146.343538,VIC,22893,ASGS SAL polygon representative point (approximate)
Yallourn North,3825,-38.132703,146.372416,VIC,22894,ASGS SAL polygon representative point (approximate)
Yalmy,3885,-37.415694,148.414346,VIC,22895,ASGS SAL polygon representative point (approximate)
Yambuk,3285,-38.317407,142.075217,VIC,22896,ASGS SAL polygon representative point (approximate)
Yambuna,3621,-36.150123,144.970819,VIC,22897,ASGS SAL polygon representative point (approximate)
Yan Yean,3755,-37.550282,145.127062,VIC,22898,ASGS SAL polygon representative point (approximate)
Yanac,3418,-36.085805,141.408385,VIC,22899,ASGS SAL polygon representative point (approximate)
Yanakie,3960,-38.804452,146.198981,VIC,22900,ASGS SAL polygon representative point (approximate)
Yando,3537,-36.073821,143.81205,VIC,22901,ASGS SAL polygon representative point (approximate)
Yandoit,3461,-37.202299,144.105152,VIC,22902,ASGS SAL polygon representative point (approximate)
Yandoit Hills,3461,-37.217675,144.052529,VIC,22903,ASGS SAL polygon representative point (approximate)
Yangery,3283,-38.3169,142.435994,VIC,22904,ASGS SAL polygon representative point (approximate)
Yangoura,3858,-37.821947,146.567765,VIC,22905,ASGS SAL polygon representative point (approximate)
Yannathan,3981,-38.225262,145.643971,VIC,22906,ASGS SAL polygon representative point (approximate)
Yapeen,3451,-37.117396,144.16855,VIC,22907,ASGS SAL polygon representative point (approximate)
Yarck,3719,-37.091529,145.604762,VIC,22908,ASGS SAL polygon representative point (approximate)
Yarpturk,3283,-38.286136,142.43406,VIC,22909,ASGS SAL polygon representative point (approximate)
Yarra Glen,3775,-37.646817,145.381531,VIC,22910,ASGS SAL polygon representative point (approximate)
Yarra Junction,3797,-37.793893,145.625445,VIC,22911,ASGS SAL polygon representative point (approximate)
Yarraberb,3516,-36.574601,144.063972,VIC,22912,ASGS SAL polygon representative point (approximate)
Yarragon,3823,-38.186948,146.074508,VIC,22913,ASGS SAL polygon representative point (approximate)
Yarragon South,3823,-38.249833,146.072978,VIC,22914,ASGS SAL polygon representative point (approximate)
Yarram,3971,-38.559169,146.719956,VIC,22915,ASGS SAL polygon representative point (approximate)
Yarrambat,3091,-37.6375,145.134863,VIC,22916,ASGS SAL polygon representative point (approximate)
Yarraville,3013,-37.817907,144.88203,VIC,22917,ASGS SAL polygon representative point (approximate)
Yarrawalla,3575,-36.155703,144.027215,VIC,22918,ASGS SAL polygon representative point (approximate)
Yarrawonga,3730,-36.03762,146.002696,VIC,22919,ASGS SAL polygon representative point (approximate)
Yarrawonga South,3730,-36.084435,146.026191,VIC,22920,ASGS SAL polygon representative point (approximate)
Yarroweyah,3644,-35.947237,145.568172,VIC,22921,ASGS SAL polygon representative point (approximate)
Yatchaw,3301,-37.841076,142.140598,VIC,22922,ASGS SAL polygon representative point (approximate)
Yawong Hills,3478,-36.471528,143.386814,VIC,22923,ASGS SAL polygon representative point (approximate)
Yea,3717,-37.274431,145.411316,VIC,22924,ASGS SAL polygon representative point (approximate)
Yellingbo,3139,-37.846005,145.529149,VIC,22925,ASGS SAL polygon representative point (approximate)
Yelta,3505,-34.128529,142.015219,VIC,22926,ASGS SAL polygon representative point (approximate)
Yendon,3352,-37.640969,143.979286,VIC,22927,ASGS SAL polygon representative point (approximate)
Yeo,3249,-38.367618,143.646605,VIC,22928,ASGS SAL polygon representative point (approximate)
Yeodene,3249,-38.394975,143.706859,VIC,22929,ASGS SAL polygon representative point (approximate)
Yering,3770,-37.687269,145.36896,VIC,22930,ASGS SAL polygon representative point (approximate)
Yeungroon,3525,-36.397826,143.354401,VIC,22931,ASGS SAL polygon representative point (approximate)
Yeungroon East,3525,-36.355556,143.428065,VIC,22932,ASGS SAL polygon representative point (approximate)
Yielima,3638,-35.902936,145.186456,VIC,22933,ASGS SAL polygon representative point (approximate)
Yinnar,3869,-38.332511,146.319012,VIC,22934,ASGS SAL polygon representative point (approximate)
Yinnar South,3869,-38.367142,146.354867,VIC,22935,ASGS SAL polygon representative point (approximate)
York Plains,3477,-36.59293,142.919289,VIC,22936,ASGS SAL polygon representative point (approximate)
Youanmite,3646,-36.168957,145.692187,VIC,22937,ASGS SAL polygon representative point (approximate)
Youarang,3728,-36.147157,145.772007,VIC,22938,ASGS SAL polygon representative point (approximate)
Yulecart,3301,-37.756459,141.893566,VIC,22939,ASGS SAL polygon representative point (approximate)
Yundool,3727,-36.278286,145.815773,VIC,22940,ASGS SAL polygon representative point (approximate)
Yuroke,3063,-37.579983,144.863938,VIC,22941,ASGS SAL polygon representative point (approximate)
Yuulong,3237,-38.725937,143.308349,VIC,22942,ASGS SAL polygon representative point (approximate)
Zeerust,3634,-36.273981,145.3968,VIC,22943,ASGS SAL polygon representative point (approximate)
Zumsteins,3401,-37.11913,142.37827,VIC,22944,ASGS SAL polygon representative point (approximate)
